event_id,session_id,seat_id,track_id,t_start,t_end,frame_start,frame_end,rule,points,score_after,confidence,severity,reason,clip_path,thumb_path
evt_0001,sess_20260823_070952,S01,1,9.67,9.67,116,116,motion_spurt,20.0,20.0,0.75,warning,"Abnormal rapid motion detected at S01 (Energy: 30.0%, Velocity: 0.0px/s)",,
evt_0002,sess_20260823_070952,S01,1,9.75,9.75,117,117,motion_spurt,20.0,39.9,0.75,warning,"Abnormal rapid motion detected at S01 (Energy: 34.9%, Velocity: 0.0px/s)",,
evt_0003,sess_20260823_070952,S01,1,9.83,9.83,118,118,motion_spurt,20.0,59.8,0.75,warning,"Abnormal rapid motion detected at S01 (Energy: 36.6%, Velocity: 0.0px/s)",,
evt_0004,sess_20260823_070952,S01,1,9.92,9.92,119,119,motion_spurt,20.0,79.6,0.75,warning,"Abnormal rapid motion detected at S01 (Energy: 37.2%, Velocity: 0.0px/s)",,
evt_0005,sess_20260823_070952,S01,1,10.0,10.0,120,120,motion_spurt,20.0,99.5,0.75,warning,"Abnormal rapid motion detected at S01 (Energy: 38.7%, Velocity: 0.0px/s)",,
evt_0006,sess_20260823_070952,S01,1,10.08,10.08,121,121,motion_spurt,20.0,119.4,0.75,critical,"Abnormal rapid motion detected at S01 (Energy: 39.3%, Velocity: 0.0px/s)",/api/clips/evt_0006,/api/thumbs/evt_0006
evt_0007,sess_20260823_070952,S01,1,10.17,10.17,122,122,motion_spurt,20.0,139.2,0.75,warning,"Abnormal rapid motion detected at S01 (Energy: 38.3%, Velocity: 0.0px/s)",,
evt_0008,sess_20260823_070952,S01,1,10.25,10.25,123,123,motion_spurt,20.0,159.1,0.75,warning,"Abnormal rapid motion detected at S01 (Energy: 38.0%, Velocity: 0.0px/s)",,
evt_0009,sess_20260823_070952,S01,1,10.33,10.33,124,124,motion_spurt,20.0,179.0,0.75,warning,"Abnormal rapid motion detected at S01 (Energy: 36.8%, Velocity: 0.0px/s)",,
evt_0010,sess_20260823_070952,S01,1,10.42,10.42,125,125,motion_spurt,20.0,198.9,0.75,warning,"Abnormal rapid motion detected at S01 (Energy: 35.8%, Velocity: 0.0px/s)",,
evt_0011,sess_20260823_070952,S01,1,10.5,10.5,126,126,motion_spurt,20.0,218.8,0.75,warning,"Abnormal rapid motion detected at S01 (Energy: 35.2%, Velocity: 0.0px/s)",,
evt_0012,sess_20260823_070952,S01,1,10.58,10.58,127,127,motion_spurt,20.0,238.6,0.75,warning,"Abnormal rapid motion detected at S01 (Energy: 34.3%, Velocity: 0.0px/s)",,
evt_0013,sess_20260823_070952,S01,1,10.67,10.67,128,128,motion_spurt,20.0,258.5,0.75,warning,"Abnormal rapid motion detected at S01 (Energy: 33.2%, Velocity: 0.0px/s)",,
evt_0014,sess_20260823_070952,S01,1,10.75,10.75,129,129,motion_spurt,20.0,278.4,0.75,warning,"Abnormal rapid motion detected at S01 (Energy: 31.8%, Velocity: 0.0px/s)",,
evt_0015,sess_20260823_070952,S01,1,10.83,10.83,130,130,motion_spurt,20.0,298.2,0.75,warning,"Abnormal rapid motion detected at S01 (Energy: 31.1%, Velocity: 0.0px/s)",,
evt_0016,sess_20260823_070952,S01,1,10.92,10.92,131,131,motion_spurt,20.0,318.1,0.75,warning,"Abnormal rapid motion detected at S01 (Energy: 30.9%, Velocity: 0.0px/s)",,
evt_0017,sess_20260823_070952,S01,1,11.0,11.0,132,132,motion_spurt,20.0,338.0,0.75,warning,"Abnormal rapid motion detected at S01 (Energy: 30.1%, Velocity: 0.0px/s)",,
evt_0018,sess_20260823_070952,S01,1,11.08,11.08,133,133,motion_spurt,20.0,357.9,0.75,warning,"Abnormal rapid motion detected at S01 (Energy: 30.1%, Velocity: 0.0px/s)",,
evt_0019,sess_20260823_070952,S01,1,11.17,11.17,134,134,motion_spurt,20.0,377.8,0.75,warning,"Abnormal rapid motion detected at S01 (Energy: 30.3%, Velocity: 0.0px/s)",,
evt_0020,sess_20260823_070952,S01,1,11.33,11.33,136,136,motion_spurt,20.0,397.5,0.75,warning,"Abnormal rapid motion detected at S01 (Energy: 31.3%, Velocity: 0.0px/s)",,
evt_0021,sess_20260823_070952,S01,1,11.42,11.42,137,137,motion_spurt,20.0,417.4,0.75,warning,"Abnormal rapid motion detected at S01 (Energy: 32.4%, Velocity: 0.0px/s)",,
evt_0022,sess_20260823_070952,S01,1,11.5,11.5,138,138,motion_spurt,20.0,437.2,0.75,warning,"Abnormal rapid motion detected at S01 (Energy: 33.6%, Velocity: 0.0px/s)",,
evt_0023,sess_20260823_070952,S01,1,11.58,11.58,139,139,motion_spurt,20.0,457.1,0.75,warning,"Abnormal rapid motion detected at S01 (Energy: 35.1%, Velocity: 0.0px/s)",,
evt_0024,sess_20260823_070952,S01,1,11.67,11.67,140,140,motion_spurt,20.0,477.0,0.75,warning,"Abnormal rapid motion detected at S01 (Energy: 35.1%, Velocity: 0.0px/s)",,
evt_0025,sess_20260823_070952,S01,1,11.75,11.75,141,141,motion_spurt,20.0,496.9,0.75,warning,"Abnormal rapid motion detected at S01 (Energy: 37.2%, Velocity: 0.0px/s)",,
evt_0026,sess_20260823_070952,S01,1,11.83,11.83,142,142,motion_spurt,20.0,516.8,0.75,warning,"Abnormal rapid motion detected at S01 (Energy: 37.5%, Velocity: 0.0px/s)",,
evt_0027,sess_20260823_070952,S01,1,11.92,11.92,143,143,motion_spurt,20.0,536.6,0.75,warning,"Abnormal rapid motion detected at S01 (Energy: 38.7%, Velocity: 0.0px/s)",,
evt_0028,sess_20260823_070952,S01,1,12.0,12.0,144,144,motion_spurt,20.0,556.5,0.75,warning,"Abnormal rapid motion detected at S01 (Energy: 39.8%, Velocity: 0.0px/s)",,
evt_0029,sess_20260823_070952,S01,1,12.08,12.08,145,145,motion_spurt,20.0,576.4,0.75,warning,"Abnormal rapid motion detected at S01 (Energy: 40.2%, Velocity: 0.0px/s)",,
evt_0030,sess_20260823_070952,S01,1,12.17,12.17,146,146,motion_spurt,20.0,596.2,0.75,warning,"Abnormal rapid motion detected at S01 (Energy: 40.4%, Velocity: 0.0px/s)",,
evt_0031,sess_20260823_070952,S01,1,11.25,12.25,122,147,head_turn,10.0,606.1,0.63,critical,"Head turned left, 2.5 deviations from own baseline, held 1.0s",/api/clips/evt_0031,/api/thumbs/evt_0031
evt_0032,sess_20260823_070952,S01,1,12.25,12.25,147,147,motion_spurt,20.0,626.1,0.75,warning,"Abnormal rapid motion detected at S01 (Energy: 40.5%, Velocity: 0.0px/s)",,
evt_0033,sess_20260823_070952,S01,1,12.33,12.33,148,148,motion_spurt,20.0,646.0,0.75,warning,"Abnormal rapid motion detected at S01 (Energy: 41.7%, Velocity: 0.0px/s)",,
evt_0034,sess_20260823_070952,S01,1,12.42,12.42,149,149,motion_spurt,20.0,665.9,0.75,warning,"Abnormal rapid motion detected at S01 (Energy: 41.5%, Velocity: 0.0px/s)",,
evt_0035,sess_20260823_070952,S01,1,12.5,12.5,150,150,motion_spurt,20.0,685.8,0.75,warning,"Abnormal rapid motion detected at S01 (Energy: 41.5%, Velocity: 0.0px/s)",,
evt_0036,sess_20260823_070952,S01,1,12.58,12.58,151,151,motion_spurt,20.0,705.6,0.75,warning,"Abnormal rapid motion detected at S01 (Energy: 41.4%, Velocity: 0.0px/s)",,
evt_0037,sess_20260823_070952,S01,1,12.67,12.67,152,152,motion_spurt,20.0,725.5,0.75,warning,"Abnormal rapid motion detected at S01 (Energy: 41.0%, Velocity: 0.0px/s)",,
evt_0038,sess_20260823_070952,S01,1,12.75,12.75,153,153,motion_spurt,20.0,745.4,0.75,warning,"Abnormal rapid motion detected at S01 (Energy: 40.4%, Velocity: 0.0px/s)",,
evt_0039,sess_20260823_070952,S01,1,12.83,12.83,154,154,motion_spurt,20.0,765.2,0.75,warning,"Abnormal rapid motion detected at S01 (Energy: 39.6%, Velocity: 0.0px/s)",,
evt_0040,sess_20260823_070952,S01,1,12.92,12.92,155,155,motion_spurt,20.0,785.1,0.75,warning,"Abnormal rapid motion detected at S01 (Energy: 39.3%, Velocity: 0.0px/s)",,
evt_0041,sess_20260823_070952,S01,1,13.0,13.0,156,156,motion_spurt,20.0,805.0,0.75,warning,"Abnormal rapid motion detected at S01 (Energy: 38.7%, Velocity: 0.0px/s)",,
evt_0042,sess_20260823_070952,S01,1,13.08,13.08,157,157,motion_spurt,20.0,824.9,0.75,warning,"Abnormal rapid motion detected at S01 (Energy: 37.4%, Velocity: 0.0px/s)",,
evt_0043,sess_20260823_070952,S01,1,13.17,13.17,158,158,motion_spurt,20.0,844.8,0.75,warning,"Abnormal rapid motion detected at S01 (Energy: 36.5%, Velocity: 0.0px/s)",,
evt_0044,sess_20260823_070952,S01,1,13.25,13.25,159,159,motion_spurt,20.0,864.6,0.75,warning,"Abnormal rapid motion detected at S01 (Energy: 35.1%, Velocity: 0.0px/s)",,
evt_0045,sess_20260823_070952,S01,1,13.33,13.33,160,160,motion_spurt,20.0,884.5,0.75,warning,"Abnormal rapid motion detected at S01 (Energy: 33.4%, Velocity: 0.0px/s)",,
evt_0046,sess_20260823_070952,S01,1,13.42,13.42,161,161,motion_spurt,20.0,904.4,0.75,warning,"Abnormal rapid motion detected at S01 (Energy: 32.6%, Velocity: 0.0px/s)",,
evt_0047,sess_20260823_070952,S01,1,13.5,13.5,162,162,motion_spurt,20.0,924.2,0.75,warning,"Abnormal rapid motion detected at S01 (Energy: 31.4%, Velocity: 0.0px/s)",,
evt_0048,sess_20260823_070952,S01,1,13.58,13.58,163,163,motion_spurt,20.0,944.1,0.75,warning,"Abnormal rapid motion detected at S01 (Energy: 30.7%, Velocity: 0.0px/s)",,
evt_0049,sess_20260823_070952,S01,1,28.17,28.17,338,338,object_unregistered,40.0,962.2,0.59,critical,"Unregistered object (bottle) appeared at S01 at 00:28, not present during calibration",/api/clips/evt_0049,/api/thumbs/evt_0049
evt_0050,sess_20260823_070952,S01,1,28.33,28.33,340,340,object_unregistered,40.0,1002.0,0.59,warning,"Unregistered object (bottle) appeared at S01 at 00:28, not present during calibration",,
evt_0051,sess_20260823_070952,S01,1,28.33,28.33,340,340,object_unregistered,40.0,1042.0,0.31,warning,"Unregistered object (mouse) appeared at S01 at 00:28, not present during calibration",,
evt_0052,sess_20260823_070952,S01,1,28.5,28.5,342,342,object_unregistered,40.0,1081.8,0.59,warning,"Unregistered object (bottle) appeared at S01 at 00:28, not present during calibration",,
evt_0053,sess_20260823_070952,S01,1,28.67,28.67,344,344,object_unregistered,40.0,1121.5,0.59,warning,"Unregistered object (bottle) appeared at S01 at 00:28, not present during calibration",,
evt_0054,sess_20260823_070952,S01,1,28.83,28.83,346,346,object_unregistered,40.0,1161.2,0.57,warning,"Unregistered object (bottle) appeared at S01 at 00:28, not present during calibration",,
evt_0055,sess_20260823_070952,S01,1,29.0,29.0,348,348,object_unregistered,40.0,1201.0,0.57,warning,"Unregistered object (bottle) appeared at S01 at 00:29, not present during calibration",,
evt_0056,sess_20260823_070952,S01,1,29.17,29.17,350,350,object_unregistered,40.0,1240.8,0.57,warning,"Unregistered object (bottle) appeared at S01 at 00:29, not present during calibration",,
evt_0057,sess_20260823_070952,S01,1,29.17,29.17,350,350,object_unregistered,40.0,1280.8,0.41,warning,"Unregistered object (mouse) appeared at S01 at 00:29, not present during calibration",,
evt_0058,sess_20260823_070952,S01,1,29.33,29.33,352,352,object_unregistered,40.0,1320.5,0.57,warning,"Unregistered object (bottle) appeared at S01 at 00:29, not present during calibration",,
evt_0059,sess_20260823_070952,S01,1,29.33,29.33,352,352,object_unregistered,40.0,1360.5,0.41,warning,"Unregistered object (mouse) appeared at S01 at 00:29, not present during calibration",,
evt_0060,sess_20260823_070952,S01,1,29.5,29.5,354,354,object_unregistered,40.0,1400.2,0.57,warning,"Unregistered object (bottle) appeared at S01 at 00:29, not present during calibration",,
evt_0061,sess_20260823_070952,S01,1,29.5,29.5,354,354,object_unregistered,40.0,1440.2,0.42,warning,"Unregistered object (mouse) appeared at S01 at 00:29, not present during calibration",,
evt_0062,sess_20260823_070952,S01,1,29.67,29.67,356,356,object_unregistered,40.0,1480.0,0.56,warning,"Unregistered object (bottle) appeared at S01 at 00:29, not present during calibration",,
evt_0063,sess_20260823_070952,S01,1,29.83,29.83,358,358,object_unregistered,40.0,1519.8,0.56,warning,"Unregistered object (bottle) appeared at S01 at 00:29, not present during calibration",,
evt_0064,sess_20260823_070952,S01,1,30.0,30.0,360,360,object_unregistered,40.0,1559.5,0.57,warning,"Unregistered object (bottle) appeared at S01 at 00:30, not present during calibration",,
evt_0065,sess_20260823_070952,S01,1,30.17,30.17,362,362,object_unregistered,40.0,1599.2,0.57,warning,"Unregistered object (bottle) appeared at S01 at 00:30, not present during calibration",,
evt_0066,sess_20260823_070952,S01,1,30.33,30.33,364,364,object_unregistered,40.0,1639.0,0.58,warning,"Unregistered object (bottle) appeared at S01 at 00:30, not present during calibration",,
evt_0067,sess_20260823_070952,S01,1,30.5,30.5,366,366,object_unregistered,40.0,1678.8,0.59,warning,"Unregistered object (bottle) appeared at S01 at 00:30, not present during calibration",,
evt_0068,sess_20260823_070952,S01,1,30.67,30.67,368,368,object_unregistered,40.0,1718.5,0.59,warning,"Unregistered object (bottle) appeared at S01 at 00:30, not present during calibration",,
evt_0069,sess_20260823_070952,S01,1,30.83,30.83,370,370,object_unregistered,40.0,1758.2,0.59,warning,"Unregistered object (bottle) appeared at S01 at 00:30, not present during calibration",,
evt_0070,sess_20260823_070952,S01,1,31.0,31.0,372,372,object_unregistered,40.0,1798.0,0.58,warning,"Unregistered object (bottle) appeared at S01 at 00:31, not present during calibration",,
evt_0071,sess_20260823_070952,S01,1,30.08,31.08,348,373,head_turn,10.0,1807.9,0.95,critical,"Head turned left, 4.0 deviations from own baseline, held 1.0s",,
evt_0072,sess_20260823_070952,S01,1,31.17,31.17,374,374,object_unregistered,40.0,1847.8,0.59,warning,"Unregistered object (bottle) appeared at S01 at 00:31, not present during calibration",,
evt_0073,sess_20260823_070952,S01,1,31.33,31.33,376,376,object_unregistered,40.0,1887.5,0.59,warning,"Unregistered object (bottle) appeared at S01 at 00:31, not present during calibration",,
evt_0074,sess_20260823_070952,S01,1,31.33,31.33,376,376,object_unregistered,40.0,1927.5,0.35,warning,"Unregistered object (mouse) appeared at S01 at 00:31, not present during calibration",,
evt_0075,sess_20260823_070952,S01,1,31.5,31.5,378,378,object_unregistered,40.0,1967.2,0.59,warning,"Unregistered object (bottle) appeared at S01 at 00:31, not present during calibration",,
evt_0076,sess_20260823_070952,S01,1,31.5,31.5,378,378,object_unregistered,40.0,2007.2,0.34,warning,"Unregistered object (mouse) appeared at S01 at 00:31, not present during calibration",,
evt_0077,sess_20260823_070952,S01,1,31.67,31.67,380,380,object_unregistered,40.0,2047.0,0.6,warning,"Unregistered object (bottle) appeared at S01 at 00:31, not present during calibration",,
evt_0078,sess_20260823_070952,S01,1,31.83,31.83,382,382,object_unregistered,40.0,2086.8,0.61,warning,"Unregistered object (bottle) appeared at S01 at 00:31, not present during calibration",,
evt_0079,sess_20260823_070952,S01,1,31.83,31.83,382,382,object_unregistered,40.0,2126.8,0.34,warning,"Unregistered object (mouse) appeared at S01 at 00:31, not present during calibration",,
evt_0080,sess_20260823_070952,S01,1,32.0,32.0,384,384,object_unregistered,40.0,2166.5,0.6,warning,"Unregistered object (bottle) appeared at S01 at 00:32, not present during calibration",,
evt_0081,sess_20260823_070952,S01,1,32.0,32.0,384,384,object_unregistered,40.0,2206.5,0.34,warning,"Unregistered object (mouse) appeared at S01 at 00:32, not present during calibration",,
evt_0082,sess_20260823_070952,S01,1,32.17,32.17,386,386,object_unregistered,40.0,2246.2,0.59,warning,"Unregistered object (bottle) appeared at S01 at 00:32, not present during calibration",,
evt_0083,sess_20260823_070952,S01,1,32.17,32.17,386,386,object_unregistered,40.0,2286.2,0.31,warning,"Unregistered object (mouse) appeared at S01 at 00:32, not present during calibration",,
evt_0084,sess_20260823_070952,S01,1,32.33,32.33,388,388,object_unregistered,40.0,2326.0,0.59,warning,"Unregistered object (bottle) appeared at S01 at 00:32, not present during calibration",,
evt_0085,sess_20260823_070952,S01,1,32.33,32.33,388,388,object_unregistered,40.0,2366.0,0.3,warning,"Unregistered object (mouse) appeared at S01 at 00:32, not present during calibration",,
evt_0086,sess_20260823_070952,S01,1,32.5,32.5,390,390,object_unregistered,40.0,2405.8,0.58,warning,"Unregistered object (bottle) appeared at S01 at 00:32, not present during calibration",,
evt_0087,sess_20260823_070952,S01,1,32.5,32.5,390,390,object_unregistered,40.0,2445.8,0.32,warning,"Unregistered object (mouse) appeared at S01 at 00:32, not present during calibration",,
evt_0088,sess_20260823_070952,S01,1,32.67,32.67,392,392,object_unregistered,40.0,2485.5,0.59,warning,"Unregistered object (bottle) appeared at S01 at 00:32, not present during calibration",,
evt_0089,sess_20260823_070952,S01,1,32.67,32.67,392,392,object_unregistered,40.0,2525.5,0.31,warning,"Unregistered object (mouse) appeared at S01 at 00:32, not present during calibration",,
evt_0090,sess_20260823_070952,S01,1,32.83,32.83,394,394,object_unregistered,40.0,2565.2,0.59,warning,"Unregistered object (bottle) appeared at S01 at 00:32, not present during calibration",,
evt_0091,sess_20260823_070952,S01,1,32.83,32.83,394,394,object_unregistered,40.0,2605.2,0.32,warning,"Unregistered object (mouse) appeared at S01 at 00:32, not present during calibration",,
evt_0092,sess_20260823_070952,S01,1,33.0,33.0,396,396,object_unregistered,40.0,2645.0,0.58,warning,"Unregistered object (bottle) appeared at S01 at 00:33, not present during calibration",,
evt_0093,sess_20260823_070952,S01,1,33.0,33.0,396,396,object_unregistered,40.0,2685.0,0.32,warning,"Unregistered object (mouse) appeared at S01 at 00:33, not present during calibration",,
evt_0094,sess_20260823_070952,S01,1,33.17,33.17,398,398,object_unregistered,40.0,2724.8,0.58,warning,"Unregistered object (bottle) appeared at S01 at 00:33, not present during calibration",,
evt_0095,sess_20260823_070952,S01,1,33.17,33.17,398,398,object_unregistered,40.0,2764.8,0.3,warning,"Unregistered object (mouse) appeared at S01 at 00:33, not present during calibration",,
evt_0096,sess_20260823_070952,S01,1,33.33,33.33,400,400,object_unregistered,40.0,2804.5,0.58,warning,"Unregistered object (bottle) appeared at S01 at 00:33, not present during calibration",,
evt_0097,sess_20260823_070952,S01,1,33.5,33.5,402,402,object_unregistered,40.0,2844.2,0.58,warning,"Unregistered object (bottle) appeared at S01 at 00:33, not present during calibration",,
evt_0098,sess_20260823_070952,S01,1,33.5,33.5,402,402,object_unregistered,40.0,2884.2,0.3,warning,"Unregistered object (mouse) appeared at S01 at 00:33, not present during calibration",,
evt_0099,sess_20260823_070952,S01,1,33.67,33.67,404,404,object_unregistered,40.0,2924.0,0.58,warning,"Unregistered object (bottle) appeared at S01 at 00:33, not present during calibration",,
evt_0100,sess_20260823_070952,S01,1,33.83,33.83,406,406,object_unregistered,40.0,2963.8,0.58,warning,"Unregistered object (bottle) appeared at S01 at 00:33, not present during calibration",,
evt_0101,sess_20260823_070952,S01,1,33.83,33.83,406,406,object_unregistered,40.0,3003.8,0.3,warning,"Unregistered object (mouse) appeared at S01 at 00:33, not present during calibration",,
evt_0102,sess_20260823_070952,S01,1,34.0,34.0,408,408,object_unregistered,40.0,3043.5,0.58,warning,"Unregistered object (bottle) appeared at S01 at 00:34, not present during calibration",,
evt_0103,sess_20260823_070952,S01,1,34.0,34.0,408,408,object_unregistered,40.0,3083.5,0.33,warning,"Unregistered object (mouse) appeared at S01 at 00:34, not present during calibration",,
evt_0104,sess_20260823_070952,S01,1,34.17,34.17,410,410,object_unregistered,40.0,3123.2,0.57,warning,"Unregistered object (bottle) appeared at S01 at 00:34, not present during calibration",,
evt_0105,sess_20260823_070952,S01,1,34.17,34.17,410,410,object_unregistered,40.0,3163.2,0.31,warning,"Unregistered object (mouse) appeared at S01 at 00:34, not present during calibration",,
evt_0106,sess_20260823_070952,S01,1,34.33,34.33,412,412,object_unregistered,40.0,3203.0,0.57,warning,"Unregistered object (bottle) appeared at S01 at 00:34, not present during calibration",,
evt_0107,sess_20260823_070952,S01,1,34.33,34.33,412,412,object_unregistered,40.0,3243.0,0.32,warning,"Unregistered object (mouse) appeared at S01 at 00:34, not present during calibration",,
evt_0108,sess_20260823_070952,S01,1,34.5,34.5,414,414,object_unregistered,40.0,3282.8,0.58,warning,"Unregistered object (bottle) appeared at S01 at 00:34, not present during calibration",,
evt_0109,sess_20260823_070952,S01,1,34.67,34.67,416,416,object_unregistered,40.0,3322.5,0.58,warning,"Unregistered object (bottle) appeared at S01 at 00:34, not present during calibration",,
evt_0110,sess_20260823_070952,S01,1,34.67,34.67,416,416,object_unregistered,40.0,3362.5,0.3,warning,"Unregistered object (mouse) appeared at S01 at 00:34, not present during calibration",,
evt_0111,sess_20260823_070952,S01,1,34.83,34.83,418,418,object_unregistered,40.0,3402.2,0.58,warning,"Unregistered object (bottle) appeared at S01 at 00:34, not present during calibration",,
evt_0112,sess_20260823_070952,S01,1,35.0,35.0,420,420,object_unregistered,40.0,3442.0,0.58,warning,"Unregistered object (bottle) appeared at S01 at 00:35, not present during calibration",,
evt_0113,sess_20260823_070952,S01,1,35.17,35.17,422,422,object_unregistered,40.0,3481.8,0.58,warning,"Unregistered object (bottle) appeared at S01 at 00:35, not present during calibration",,
evt_0114,sess_20260823_070952,S01,1,35.33,35.33,424,424,object_unregistered,40.0,3521.5,0.58,warning,"Unregistered object (bottle) appeared at S01 at 00:35, not present during calibration",,
evt_0115,sess_20260823_070952,S01,1,35.5,35.5,426,426,object_unregistered,40.0,3561.2,0.6,warning,"Unregistered object (bottle) appeared at S01 at 00:35, not present during calibration",,
evt_0116,sess_20260823_070952,S01,1,35.5,35.5,426,426,object_unregistered,40.0,3601.2,0.3,warning,"Unregistered object (mouse) appeared at S01 at 00:35, not present during calibration",,
evt_0117,sess_20260823_070952,S01,1,35.67,35.67,428,428,object_unregistered,40.0,3641.0,0.6,warning,"Unregistered object (bottle) appeared at S01 at 00:35, not present during calibration",,
evt_0118,sess_20260823_070952,S01,1,35.83,35.83,430,430,object_unregistered,40.0,3680.8,0.6,warning,"Unregistered object (bottle) appeared at S01 at 00:35, not present during calibration",,
evt_0119,sess_20260823_070952,S01,1,35.83,35.83,430,430,object_unregistered,40.0,3720.8,0.31,warning,"Unregistered object (mouse) appeared at S01 at 00:35, not present during calibration",,
evt_0120,sess_20260823_070952,S01,1,36.0,36.0,432,432,object_unregistered,40.0,3760.5,0.6,warning,"Unregistered object (bottle) appeared at S01 at 00:36, not present during calibration",,
evt_0121,sess_20260823_070952,S01,1,36.17,36.17,434,434,object_unregistered,40.0,3800.2,0.6,warning,"Unregistered object (bottle) appeared at S01 at 00:36, not present during calibration",,
evt_0122,sess_20260823_070952,S01,1,36.33,36.33,436,436,object_unregistered,40.0,3840.0,0.6,warning,"Unregistered object (bottle) appeared at S01 at 00:36, not present during calibration",,
evt_0123,sess_20260823_070952,S01,1,36.5,36.5,438,438,object_unregistered,40.0,3879.8,0.6,warning,"Unregistered object (bottle) appeared at S01 at 00:36, not present during calibration",,
evt_0124,sess_20260823_070952,S01,1,36.67,36.67,440,440,object_unregistered,40.0,3919.5,0.6,warning,"Unregistered object (bottle) appeared at S01 at 00:36, not present during calibration",,
evt_0125,sess_20260823_070952,S01,1,36.83,36.83,442,442,object_unregistered,40.0,3959.2,0.6,warning,"Unregistered object (bottle) appeared at S01 at 00:36, not present during calibration",,
evt_0126,sess_20260823_070952,S01,1,37.0,37.0,444,444,object_unregistered,40.0,3999.0,0.61,warning,"Unregistered object (bottle) appeared at S01 at 00:37, not present during calibration",,
evt_0127,sess_20260823_070952,S01,1,36.08,37.08,420,445,head_turn,10.0,4008.9,0.87,warning,"Head turned left, 3.5 deviations from own baseline, held 1.0s",,
evt_0128,sess_20260823_070952,S01,1,11.25,37.08,-200,445,repeated_action,25.0,4033.9,0.9,critical,"3 separate events in 25s: head_turn, head_turn, head_turn",/api/clips/evt_0128,/api/thumbs/evt_0128
evt_0129,sess_20260823_070952,S01,1,37.17,37.17,446,446,object_unregistered,40.0,4073.8,0.6,warning,"Unregistered object (bottle) appeared at S01 at 00:37, not present during calibration",,
evt_0130,sess_20260823_070952,S01,1,37.33,37.33,448,448,object_unregistered,40.0,4113.5,0.6,warning,"Unregistered object (bottle) appeared at S01 at 00:37, not present during calibration",,
evt_0131,sess_20260823_070952,S01,1,37.5,37.5,450,450,object_unregistered,40.0,4153.2,0.6,warning,"Unregistered object (bottle) appeared at S01 at 00:37, not present during calibration",,
evt_0132,sess_20260823_070952,S01,1,37.67,37.67,452,452,object_unregistered,40.0,4193.0,0.6,warning,"Unregistered object (bottle) appeared at S01 at 00:37, not present during calibration",,
evt_0133,sess_20260823_070952,S01,1,37.83,37.83,454,454,object_unregistered,40.0,4232.8,0.6,warning,"Unregistered object (bottle) appeared at S01 at 00:37, not present during calibration",,
evt_0134,sess_20260823_070952,S01,1,38.0,38.0,456,456,object_unregistered,40.0,4272.5,0.6,warning,"Unregistered object (bottle) appeared at S01 at 00:38, not present during calibration",,
evt_0135,sess_20260823_070952,S01,1,38.17,38.17,458,458,object_unregistered,40.0,4312.2,0.6,warning,"Unregistered object (bottle) appeared at S01 at 00:38, not present during calibration",,
evt_0136,sess_20260823_070952,S01,1,38.33,38.33,460,460,object_unregistered,40.0,4352.0,0.6,warning,"Unregistered object (bottle) appeared at S01 at 00:38, not present during calibration",,
evt_0137,sess_20260823_070952,S01,1,38.5,38.5,462,462,object_unregistered,40.0,4391.8,0.6,warning,"Unregistered object (bottle) appeared at S01 at 00:38, not present during calibration",,
evt_0138,sess_20260823_070952,S01,1,38.67,38.67,464,464,object_unregistered,40.0,4431.5,0.6,warning,"Unregistered object (bottle) appeared at S01 at 00:38, not present during calibration",,
evt_0139,sess_20260823_070952,S01,1,38.83,38.83,466,466,object_unregistered,40.0,4471.2,0.6,warning,"Unregistered object (bottle) appeared at S01 at 00:38, not present during calibration",,
evt_0140,sess_20260823_070952,S01,1,39.0,39.0,468,468,object_unregistered,40.0,4511.0,0.6,warning,"Unregistered object (bottle) appeared at S01 at 00:39, not present during calibration",,
evt_0141,sess_20260823_070952,S01,1,39.17,39.17,470,470,object_unregistered,40.0,4550.8,0.6,warning,"Unregistered object (bottle) appeared at S01 at 00:39, not present during calibration",,
evt_0142,sess_20260823_070952,S01,1,39.33,39.33,472,472,object_unregistered,40.0,4590.5,0.6,warning,"Unregistered object (bottle) appeared at S01 at 00:39, not present during calibration",,
evt_0143,sess_20260823_070952,S01,1,39.5,39.5,474,474,object_unregistered,40.0,4630.2,0.6,warning,"Unregistered object (bottle) appeared at S01 at 00:39, not present during calibration",,
evt_0144,sess_20260823_070952,S01,1,39.67,39.67,476,476,object_unregistered,40.0,4670.0,0.6,warning,"Unregistered object (bottle) appeared at S01 at 00:39, not present during calibration",,
evt_0145,sess_20260823_070952,S01,1,39.83,39.83,478,478,object_unregistered,40.0,4709.8,0.6,warning,"Unregistered object (bottle) appeared at S01 at 00:39, not present during calibration",,
evt_0146,sess_20260823_070952,S01,1,40.0,40.0,480,480,object_unregistered,40.0,4749.5,0.6,warning,"Unregistered object (bottle) appeared at S01 at 00:40, not present during calibration",,
evt_0147,sess_20260823_070952,S01,1,40.17,40.17,482,482,object_unregistered,40.0,4789.2,0.6,warning,"Unregistered object (bottle) appeared at S01 at 00:40, not present during calibration",,
evt_0148,sess_20260823_070952,S01,1,40.33,40.33,484,484,object_unregistered,40.0,4829.0,0.6,warning,"Unregistered object (bottle) appeared at S01 at 00:40, not present during calibration",,
evt_0149,sess_20260823_070952,S01,1,40.5,40.5,486,486,object_unregistered,40.0,4868.8,0.6,warning,"Unregistered object (bottle) appeared at S01 at 00:40, not present during calibration",,
evt_0150,sess_20260823_070952,S01,1,40.67,40.67,488,488,object_unregistered,40.0,4908.5,0.6,warning,"Unregistered object (bottle) appeared at S01 at 00:40, not present during calibration",,
evt_0151,sess_20260823_070952,S01,1,40.83,40.83,490,490,object_unregistered,40.0,4948.2,0.6,warning,"Unregistered object (bottle) appeared at S01 at 00:40, not present during calibration",,
evt_0152,sess_20260823_070952,S01,1,41.0,41.0,492,492,object_unregistered,40.0,4988.0,0.59,warning,"Unregistered object (bottle) appeared at S01 at 00:41, not present during calibration",,
evt_0153,sess_20260823_070952,S01,1,41.17,41.17,494,494,object_unregistered,40.0,5027.8,0.59,warning,"Unregistered object (bottle) appeared at S01 at 00:41, not present during calibration",,
evt_0154,sess_20260823_070952,S01,1,41.33,41.33,496,496,object_unregistered,40.0,5067.5,0.59,warning,"Unregistered object (bottle) appeared at S01 at 00:41, not present during calibration",,
evt_0155,sess_20260823_070952,S01,1,41.5,41.5,498,498,object_unregistered,40.0,5107.2,0.58,warning,"Unregistered object (bottle) appeared at S01 at 00:41, not present during calibration",,
evt_0156,sess_20260823_070952,S01,1,41.67,41.67,500,500,object_unregistered,40.0,5147.0,0.61,warning,"Unregistered object (bottle) appeared at S01 at 00:41, not present during calibration",,
evt_0157,sess_20260823_070952,S01,1,41.67,41.67,500,500,object_unregistered,40.0,5187.0,0.44,warning,"Unregistered object (mouse) appeared at S01 at 00:41, not present during calibration",,
evt_0158,sess_20260823_070952,S01,1,41.83,41.83,502,502,object_unregistered,40.0,5226.8,0.61,warning,"Unregistered object (bottle) appeared at S01 at 00:41, not present during calibration",,
evt_0159,sess_20260823_070952,S01,1,42.0,42.0,504,504,object_unregistered,40.0,5266.5,0.61,warning,"Unregistered object (bottle) appeared at S01 at 00:42, not present during calibration",,
evt_0160,sess_20260823_070952,S01,1,42.17,42.17,506,506,object_unregistered,40.0,5306.2,0.58,warning,"Unregistered object (bottle) appeared at S01 at 00:42, not present during calibration",,
evt_0161,sess_20260823_070952,S01,1,42.33,42.33,508,508,object_unregistered,40.0,5346.0,0.58,warning,"Unregistered object (bottle) appeared at S01 at 00:42, not present during calibration",,
evt_0162,sess_20260823_070952,S01,1,42.33,42.33,508,508,object_unregistered,40.0,5386.0,0.34,warning,"Unregistered object (mouse) appeared at S01 at 00:42, not present during calibration",,
evt_0163,sess_20260823_070952,S01,1,42.5,42.5,510,510,object_unregistered,40.0,5425.8,0.58,warning,"Unregistered object (bottle) appeared at S01 at 00:42, not present during calibration",,
evt_0164,sess_20260823_070952,S01,1,42.5,42.5,510,510,object_unregistered,40.0,5465.8,0.41,warning,"Unregistered object (mouse) appeared at S01 at 00:42, not present during calibration",,
evt_0165,sess_20260823_070952,S01,1,42.67,42.67,512,512,object_unregistered,40.0,5505.5,0.58,warning,"Unregistered object (bottle) appeared at S01 at 00:42, not present during calibration",,
evt_0166,sess_20260823_070952,S01,1,42.67,42.67,512,512,object_unregistered,40.0,5545.5,0.39,warning,"Unregistered object (mouse) appeared at S01 at 00:42, not present during calibration",,
evt_0167,sess_20260823_070952,S01,1,42.83,42.83,514,514,object_unregistered,40.0,5585.2,0.58,warning,"Unregistered object (bottle) appeared at S01 at 00:42, not present during calibration",,
evt_0168,sess_20260823_070952,S01,1,42.83,42.83,514,514,object_unregistered,40.0,5625.2,0.35,warning,"Unregistered object (mouse) appeared at S01 at 00:42, not present during calibration",,
evt_0169,sess_20260823_070952,S01,1,43.0,43.0,516,516,object_unregistered,40.0,5665.0,0.58,warning,"Unregistered object (bottle) appeared at S01 at 00:43, not present during calibration",,
evt_0170,sess_20260823_070952,S01,1,43.0,43.0,516,516,object_unregistered,40.0,5705.0,0.37,warning,"Unregistered object (mouse) appeared at S01 at 00:43, not present during calibration",,
evt_0171,sess_20260823_070952,S01,1,42.08,43.08,492,517,head_turn,10.0,5714.9,0.71,warning,"Head turned left, 2.8 deviations from own baseline, held 1.0s",,
evt_0172,sess_20260823_070952,S01,1,43.17,43.17,518,518,object_unregistered,40.0,5754.8,0.58,warning,"Unregistered object (bottle) appeared at S01 at 00:43, not present during calibration",,
evt_0173,sess_20260823_070952,S01,1,43.17,43.17,518,518,object_unregistered,40.0,5794.8,0.44,warning,"Unregistered object (mouse) appeared at S01 at 00:43, not present during calibration",,
evt_0174,sess_20260823_070952,S01,1,43.17,43.17,518,518,object_unregistered,40.0,5834.8,0.41,warning,"Unregistered object (mouse) appeared at S01 at 00:43, not present during calibration",,
evt_0175,sess_20260823_070952,S01,1,43.33,43.33,520,520,object_unregistered,40.0,5874.5,0.58,critical,"Unregistered object (bottle) appeared at S01 at 00:43, not present during calibration",,
evt_0176,sess_20260823_070952,S01,1,43.33,43.33,520,520,object_unregistered,40.0,5914.5,0.47,warning,"Unregistered object (mouse) appeared at S01 at 00:43, not present during calibration",,
evt_0177,sess_20260823_070952,S01,1,43.33,43.33,520,520,object_unregistered,40.0,5954.5,0.42,warning,"Unregistered object (mouse) appeared at S01 at 00:43, not present during calibration",,
evt_0178,sess_20260823_070952,S01,1,43.5,43.5,522,522,object_unregistered,40.0,5994.2,0.58,warning,"Unregistered object (bottle) appeared at S01 at 00:43, not present during calibration",,
evt_0179,sess_20260823_070952,S01,1,43.5,43.5,522,522,object_unregistered,40.0,6034.2,0.47,warning,"Unregistered object (mouse) appeared at S01 at 00:43, not present during calibration",,
evt_0180,sess_20260823_070952,S01,1,43.5,43.5,522,522,object_unregistered,40.0,6074.2,0.42,warning,"Unregistered object (mouse) appeared at S01 at 00:43, not present during calibration",,
evt_0181,sess_20260823_070952,S01,1,43.67,43.67,524,524,object_unregistered,40.0,6114.0,0.58,warning,"Unregistered object (bottle) appeared at S01 at 00:43, not present during calibration",,
evt_0182,sess_20260823_070952,S01,1,43.67,43.67,524,524,object_unregistered,40.0,6154.0,0.46,warning,"Unregistered object (mouse) appeared at S01 at 00:43, not present during calibration",,
evt_0183,sess_20260823_070952,S01,1,43.67,43.67,524,524,object_unregistered,40.0,6194.0,0.39,warning,"Unregistered object (mouse) appeared at S01 at 00:43, not present during calibration",,
evt_0184,sess_20260823_070952,S01,1,43.83,43.83,526,526,object_unregistered,40.0,6233.8,0.58,warning,"Unregistered object (bottle) appeared at S01 at 00:43, not present during calibration",,
evt_0185,sess_20260823_070952,S01,1,43.83,43.83,526,526,object_unregistered,40.0,6273.8,0.47,warning,"Unregistered object (mouse) appeared at S01 at 00:43, not present during calibration",,
evt_0186,sess_20260823_070952,S01,1,43.83,43.83,526,526,object_unregistered,40.0,6313.8,0.35,warning,"Unregistered object (mouse) appeared at S01 at 00:43, not present during calibration",,
evt_0187,sess_20260823_070952,S01,1,44.0,44.0,528,528,object_unregistered,40.0,6353.5,0.58,warning,"Unregistered object (bottle) appeared at S01 at 00:44, not present during calibration",,
evt_0188,sess_20260823_070952,S01,1,44.0,44.0,528,528,object_unregistered,40.0,6393.5,0.46,warning,"Unregistered object (mouse) appeared at S01 at 00:44, not present during calibration",,
evt_0189,sess_20260823_070952,S01,1,44.0,44.0,528,528,object_unregistered,40.0,6433.5,0.34,warning,"Unregistered object (mouse) appeared at S01 at 00:44, not present during calibration",,
evt_0190,sess_20260823_070952,S01,1,44.17,44.17,530,530,object_unregistered,40.0,6473.2,0.58,warning,"Unregistered object (bottle) appeared at S01 at 00:44, not present during calibration",,
evt_0191,sess_20260823_070952,S01,1,44.17,44.17,530,530,object_unregistered,40.0,6513.2,0.46,warning,"Unregistered object (mouse) appeared at S01 at 00:44, not present during calibration",,
evt_0192,sess_20260823_070952,S01,1,44.17,44.17,530,530,object_unregistered,40.0,6553.2,0.35,warning,"Unregistered object (mouse) appeared at S01 at 00:44, not present during calibration",,
evt_0193,sess_20260823_070952,S01,1,44.33,44.33,532,532,object_unregistered,40.0,6593.0,0.58,warning,"Unregistered object (bottle) appeared at S01 at 00:44, not present during calibration",,
evt_0194,sess_20260823_070952,S01,1,44.33,44.33,532,532,object_unregistered,40.0,6633.0,0.46,warning,"Unregistered object (mouse) appeared at S01 at 00:44, not present during calibration",,
evt_0195,sess_20260823_070952,S01,1,44.5,44.5,534,534,object_unregistered,40.0,6672.8,0.58,warning,"Unregistered object (bottle) appeared at S01 at 00:44, not present during calibration",,
evt_0196,sess_20260823_070952,S01,1,44.5,44.5,534,534,object_unregistered,40.0,6712.8,0.46,warning,"Unregistered object (mouse) appeared at S01 at 00:44, not present during calibration",,
evt_0197,sess_20260823_070952,S01,1,44.67,44.67,536,536,object_unregistered,40.0,6752.5,0.58,warning,"Unregistered object (bottle) appeared at S01 at 00:44, not present during calibration",,
evt_0198,sess_20260823_070952,S01,1,44.67,44.67,536,536,object_unregistered,40.0,6792.5,0.47,warning,"Unregistered object (mouse) appeared at S01 at 00:44, not present during calibration",,
evt_0199,sess_20260823_070952,S01,1,44.83,44.83,538,538,object_unregistered,40.0,6832.2,0.58,warning,"Unregistered object (bottle) appeared at S01 at 00:44, not present during calibration",,
evt_0200,sess_20260823_070952,S01,1,44.83,44.83,538,538,object_unregistered,40.0,6872.2,0.46,warning,"Unregistered object (mouse) appeared at S01 at 00:44, not present during calibration",,
evt_0201,sess_20260823_070952,S01,1,45.0,45.0,540,540,object_unregistered,40.0,6912.0,0.57,warning,"Unregistered object (bottle) appeared at S01 at 00:45, not present during calibration",,
evt_0202,sess_20260823_070952,S01,1,45.0,45.0,540,540,object_unregistered,40.0,6952.0,0.46,warning,"Unregistered object (mouse) appeared at S01 at 00:45, not present during calibration",,
evt_0203,sess_20260823_070952,S01,1,45.17,45.17,542,542,object_unregistered,40.0,6991.8,0.57,warning,"Unregistered object (bottle) appeared at S01 at 00:45, not present during calibration",,
evt_0204,sess_20260823_070952,S01,1,45.17,45.17,542,542,object_unregistered,40.0,7031.8,0.46,warning,"Unregistered object (mouse) appeared at S01 at 00:45, not present during calibration",,
evt_0205,sess_20260823_070952,S01,1,45.33,45.33,544,544,object_unregistered,40.0,7071.5,0.57,warning,"Unregistered object (bottle) appeared at S01 at 00:45, not present during calibration",,
evt_0206,sess_20260823_070952,S01,1,45.33,45.33,544,544,object_unregistered,40.0,7111.5,0.46,warning,"Unregistered object (mouse) appeared at S01 at 00:45, not present during calibration",,
evt_0207,sess_20260823_070952,S01,1,45.5,45.5,546,546,object_unregistered,40.0,7151.2,0.57,warning,"Unregistered object (bottle) appeared at S01 at 00:45, not present during calibration",,
evt_0208,sess_20260823_070952,S01,1,45.5,45.5,546,546,object_unregistered,40.0,7191.2,0.45,warning,"Unregistered object (mouse) appeared at S01 at 00:45, not present during calibration",,
evt_0209,sess_20260823_070952,S01,1,45.5,45.5,546,546,object_unregistered,40.0,7231.2,0.31,warning,"Unregistered object (mouse) appeared at S01 at 00:45, not present during calibration",,
evt_0210,sess_20260823_070952,S01,1,45.67,45.67,548,548,object_unregistered,40.0,7271.0,0.56,warning,"Unregistered object (bottle) appeared at S01 at 00:45, not present during calibration",,
evt_0211,sess_20260823_070952,S01,1,45.67,45.67,548,548,object_unregistered,40.0,7311.0,0.44,warning,"Unregistered object (mouse) appeared at S01 at 00:45, not present during calibration",,
evt_0212,sess_20260823_070952,S01,1,45.67,45.67,548,548,object_unregistered,40.0,7351.0,0.3,warning,"Unregistered object (mouse) appeared at S01 at 00:45, not present during calibration",,
evt_0213,sess_20260823_070952,S01,1,45.83,45.83,550,550,object_unregistered,40.0,7390.8,0.57,warning,"Unregistered object (bottle) appeared at S01 at 00:45, not present during calibration",,
evt_0214,sess_20260823_070952,S01,1,45.83,45.83,550,550,object_unregistered,40.0,7430.8,0.45,warning,"Unregistered object (mouse) appeared at S01 at 00:45, not present during calibration",,
evt_0215,sess_20260823_070952,S01,1,45.83,45.83,550,550,object_unregistered,40.0,7470.8,0.34,warning,"Unregistered object (mouse) appeared at S01 at 00:45, not present during calibration",,
evt_0216,sess_20260823_070952,S01,1,46.0,46.0,552,552,object_unregistered,40.0,7510.5,0.56,warning,"Unregistered object (bottle) appeared at S01 at 00:46, not present during calibration",,
evt_0217,sess_20260823_070952,S01,1,46.0,46.0,552,552,object_unregistered,40.0,7550.5,0.46,warning,"Unregistered object (mouse) appeared at S01 at 00:46, not present during calibration",,
evt_0218,sess_20260823_070952,S01,1,46.0,46.0,552,552,object_unregistered,40.0,7590.5,0.34,warning,"Unregistered object (mouse) appeared at S01 at 00:46, not present during calibration",,
evt_0219,sess_20260823_070952,S01,1,46.17,46.17,554,554,object_unregistered,40.0,7630.2,0.58,warning,"Unregistered object (bottle) appeared at S01 at 00:46, not present during calibration",,
evt_0220,sess_20260823_070952,S01,1,46.17,46.17,554,554,object_unregistered,40.0,7670.2,0.46,warning,"Unregistered object (mouse) appeared at S01 at 00:46, not present during calibration",,
evt_0221,sess_20260823_070952,S01,1,46.17,46.17,554,554,object_unregistered,40.0,7710.2,0.33,warning,"Unregistered object (mouse) appeared at S01 at 00:46, not present during calibration",,
evt_0222,sess_20260823_070952,S01,1,46.33,46.33,556,556,object_unregistered,40.0,7750.0,0.59,warning,"Unregistered object (bottle) appeared at S01 at 00:46, not present during calibration",,
evt_0223,sess_20260823_070952,S01,1,46.33,46.33,556,556,object_unregistered,40.0,7790.0,0.46,warning,"Unregistered object (mouse) appeared at S01 at 00:46, not present during calibration",,
evt_0224,sess_20260823_070952,S01,1,46.33,46.33,556,556,object_unregistered,40.0,7830.0,0.32,warning,"Unregistered object (mouse) appeared at S01 at 00:46, not present during calibration",,
evt_0225,sess_20260823_070952,S01,1,46.5,46.5,558,558,object_unregistered,40.0,7869.8,0.59,warning,"Unregistered object (bottle) appeared at S01 at 00:46, not present during calibration",,
evt_0226,sess_20260823_070952,S01,1,46.5,46.5,558,558,object_unregistered,40.0,7909.8,0.47,warning,"Unregistered object (mouse) appeared at S01 at 00:46, not present during calibration",,
evt_0227,sess_20260823_070952,S01,1,46.5,46.5,558,558,object_unregistered,40.0,7949.8,0.32,warning,"Unregistered object (mouse) appeared at S01 at 00:46, not present during calibration",,
evt_0228,sess_20260823_070952,S01,1,46.67,46.67,560,560,object_unregistered,40.0,7989.5,0.58,warning,"Unregistered object (bottle) appeared at S01 at 00:46, not present during calibration",,
evt_0229,sess_20260823_070952,S01,1,46.67,46.67,560,560,object_unregistered,40.0,8029.5,0.47,warning,"Unregistered object (mouse) appeared at S01 at 00:46, not present during calibration",,
evt_0230,sess_20260823_070952,S01,1,46.67,46.67,560,560,object_unregistered,40.0,8069.5,0.31,warning,"Unregistered object (mouse) appeared at S01 at 00:46, not present during calibration",,
evt_0231,sess_20260823_070952,S01,1,46.83,46.83,562,562,object_unregistered,40.0,8109.2,0.56,warning,"Unregistered object (bottle) appeared at S01 at 00:46, not present during calibration",,
evt_0232,sess_20260823_070952,S01,1,46.83,46.83,562,562,object_unregistered,40.0,8149.2,0.47,warning,"Unregistered object (mouse) appeared at S01 at 00:46, not present during calibration",,
evt_0233,sess_20260823_070952,S01,1,46.83,46.83,562,562,object_unregistered,40.0,8189.2,0.3,warning,"Unregistered object (mouse) appeared at S01 at 00:46, not present during calibration",,
evt_0234,sess_20260823_070952,S01,1,47.0,47.0,564,564,object_unregistered,40.0,8229.0,0.58,warning,"Unregistered object (bottle) appeared at S01 at 00:47, not present during calibration",,
evt_0235,sess_20260823_070952,S01,1,47.0,47.0,564,564,object_unregistered,40.0,8269.0,0.43,warning,"Unregistered object (mouse) appeared at S01 at 00:47, not present during calibration",,
evt_0236,sess_20260823_070952,S01,1,47.0,47.0,564,564,object_unregistered,40.0,8309.0,0.31,warning,"Unregistered object (mouse) appeared at S01 at 00:47, not present during calibration",,
evt_0237,sess_20260823_070952,S01,1,30.08,47.08,140,565,repeated_action,25.0,8333.9,0.9,warning,"3 separate events in 17s: head_turn, head_turn, head_turn",,
evt_0238,sess_20260823_070952,S01,1,47.17,47.17,566,566,object_unregistered,40.0,8373.8,0.58,warning,"Unregistered object (bottle) appeared at S01 at 00:47, not present during calibration",,
evt_0239,sess_20260823_070952,S01,1,47.17,47.17,566,566,object_unregistered,40.0,8413.8,0.42,warning,"Unregistered object (mouse) appeared at S01 at 00:47, not present during calibration",,
evt_0240,sess_20260823_070952,S01,1,47.17,47.17,566,566,object_unregistered,40.0,8453.8,0.32,warning,"Unregistered object (mouse) appeared at S01 at 00:47, not present during calibration",,
evt_0241,sess_20260823_070952,S01,1,47.33,47.33,568,568,object_unregistered,40.0,8493.5,0.59,warning,"Unregistered object (bottle) appeared at S01 at 00:47, not present during calibration",,
evt_0242,sess_20260823_070952,S01,1,47.33,47.33,568,568,object_unregistered,40.0,8533.5,0.43,warning,"Unregistered object (mouse) appeared at S01 at 00:47, not present during calibration",,
evt_0243,sess_20260823_070952,S01,1,47.33,47.33,568,568,object_unregistered,40.0,8573.5,0.31,warning,"Unregistered object (mouse) appeared at S01 at 00:47, not present during calibration",,
evt_0244,sess_20260823_070952,S01,1,47.5,47.5,570,570,object_unregistered,40.0,8613.2,0.57,warning,"Unregistered object (bottle) appeared at S01 at 00:47, not present during calibration",,
evt_0245,sess_20260823_070952,S01,1,47.5,47.5,570,570,object_unregistered,40.0,8653.2,0.42,warning,"Unregistered object (mouse) appeared at S01 at 00:47, not present during calibration",,
evt_0246,sess_20260823_070952,S01,1,47.5,47.5,570,570,object_unregistered,40.0,8693.2,0.31,warning,"Unregistered object (mouse) appeared at S01 at 00:47, not present during calibration",,
evt_0247,sess_20260823_070952,S01,1,47.67,47.67,572,572,object_unregistered,40.0,8733.0,0.58,warning,"Unregistered object (bottle) appeared at S01 at 00:47, not present during calibration",,
evt_0248,sess_20260823_070952,S01,1,47.67,47.67,572,572,object_unregistered,40.0,8773.0,0.43,warning,"Unregistered object (mouse) appeared at S01 at 00:47, not present during calibration",,
evt_0249,sess_20260823_070952,S01,1,47.67,47.67,572,572,object_unregistered,40.0,8813.0,0.33,warning,"Unregistered object (mouse) appeared at S01 at 00:47, not present during calibration",,
evt_0250,sess_20260823_070952,S01,1,47.83,47.83,574,574,object_unregistered,40.0,8852.8,0.59,warning,"Unregistered object (bottle) appeared at S01 at 00:47, not present during calibration",,
evt_0251,sess_20260823_070952,S01,1,47.83,47.83,574,574,object_unregistered,40.0,8892.8,0.44,warning,"Unregistered object (mouse) appeared at S01 at 00:47, not present during calibration",,
evt_0252,sess_20260823_070952,S01,1,47.83,47.83,574,574,object_unregistered,40.0,8932.8,0.36,warning,"Unregistered object (mouse) appeared at S01 at 00:47, not present during calibration",,
evt_0253,sess_20260823_070952,S01,1,48.0,48.0,576,576,object_unregistered,40.0,8972.5,0.59,warning,"Unregistered object (bottle) appeared at S01 at 00:48, not present during calibration",,
evt_0254,sess_20260823_070952,S01,1,48.0,48.0,576,576,object_unregistered,40.0,9012.5,0.44,warning,"Unregistered object (mouse) appeared at S01 at 00:48, not present during calibration",,
evt_0255,sess_20260823_070952,S01,1,48.0,48.0,576,576,object_unregistered,40.0,9052.5,0.39,warning,"Unregistered object (mouse) appeared at S01 at 00:48, not present during calibration",,
evt_0256,sess_20260823_070952,S01,1,48.17,48.17,578,578,object_unregistered,40.0,9092.2,0.58,warning,"Unregistered object (bottle) appeared at S01 at 00:48, not present during calibration",,
evt_0257,sess_20260823_070952,S01,1,48.17,48.17,578,578,object_unregistered,40.0,9132.2,0.44,warning,"Unregistered object (mouse) appeared at S01 at 00:48, not present during calibration",,
evt_0258,sess_20260823_070952,S01,1,48.17,48.17,578,578,object_unregistered,40.0,9172.2,0.35,warning,"Unregistered object (mouse) appeared at S01 at 00:48, not present during calibration",,
evt_0259,sess_20260823_070952,S01,1,48.33,48.33,580,580,object_unregistered,40.0,9212.0,0.59,warning,"Unregistered object (bottle) appeared at S01 at 00:48, not present during calibration",,
evt_0260,sess_20260823_070952,S01,1,48.33,48.33,580,580,object_unregistered,40.0,9252.0,0.44,warning,"Unregistered object (mouse) appeared at S01 at 00:48, not present during calibration",,
evt_0261,sess_20260823_070952,S01,1,48.33,48.33,580,580,object_unregistered,40.0,9292.0,0.35,warning,"Unregistered object (mouse) appeared at S01 at 00:48, not present during calibration",,
evt_0262,sess_20260823_070952,S01,1,48.5,48.5,582,582,object_unregistered,40.0,9331.8,0.58,warning,"Unregistered object (bottle) appeared at S01 at 00:48, not present during calibration",,
evt_0263,sess_20260823_070952,S01,1,48.5,48.5,582,582,object_unregistered,40.0,9371.8,0.43,warning,"Unregistered object (mouse) appeared at S01 at 00:48, not present during calibration",,
evt_0264,sess_20260823_070952,S01,1,48.5,48.5,582,582,object_unregistered,40.0,9411.8,0.36,warning,"Unregistered object (mouse) appeared at S01 at 00:48, not present during calibration",,
evt_0265,sess_20260823_070952,S01,1,48.67,48.67,584,584,object_unregistered,40.0,9451.5,0.57,warning,"Unregistered object (bottle) appeared at S01 at 00:48, not present during calibration",,
evt_0266,sess_20260823_070952,S01,1,48.67,48.67,584,584,object_unregistered,40.0,9491.5,0.41,warning,"Unregistered object (mouse) appeared at S01 at 00:48, not present during calibration",,
evt_0267,sess_20260823_070952,S01,1,48.67,48.67,584,584,object_unregistered,40.0,9531.5,0.34,warning,"Unregistered object (mouse) appeared at S01 at 00:48, not present during calibration",,
evt_0268,sess_20260823_070952,S01,1,48.83,48.83,586,586,object_unregistered,40.0,9571.2,0.58,warning,"Unregistered object (bottle) appeared at S01 at 00:48, not present during calibration",,
evt_0269,sess_20260823_070952,S01,1,48.83,48.83,586,586,object_unregistered,40.0,9611.2,0.36,warning,"Unregistered object (mouse) appeared at S01 at 00:48, not present during calibration",,
evt_0270,sess_20260823_070952,S01,1,49.0,49.0,588,588,object_unregistered,40.0,9651.0,0.58,warning,"Unregistered object (bottle) appeared at S01 at 00:49, not present during calibration",,
evt_0271,sess_20260823_070952,S01,1,49.0,49.0,588,588,object_unregistered,40.0,9691.0,0.35,warning,"Unregistered object (mouse) appeared at S01 at 00:49, not present during calibration",,
evt_0272,sess_20260823_070952,S01,1,49.17,49.17,590,590,object_unregistered,40.0,9730.8,0.59,warning,"Unregistered object (bottle) appeared at S01 at 00:49, not present during calibration",,
evt_0273,sess_20260823_070952,S01,1,49.17,49.17,590,590,object_unregistered,40.0,9770.8,0.36,warning,"Unregistered object (mouse) appeared at S01 at 00:49, not present during calibration",,
evt_0274,sess_20260823_070952,S01,1,49.17,49.17,590,590,object_unregistered,40.0,9810.8,0.3,warning,"Unregistered object (mouse) appeared at S01 at 00:49, not present during calibration",,
evt_0275,sess_20260823_070952,S01,1,49.33,49.33,592,592,object_unregistered,40.0,9850.5,0.59,warning,"Unregistered object (bottle) appeared at S01 at 00:49, not present during calibration",,
evt_0276,sess_20260823_070952,S01,1,49.33,49.33,592,592,object_unregistered,40.0,9890.5,0.35,warning,"Unregistered object (mouse) appeared at S01 at 00:49, not present during calibration",,
evt_0277,sess_20260823_070952,S01,1,49.5,49.5,594,594,object_unregistered,40.0,9930.2,0.59,warning,"Unregistered object (bottle) appeared at S01 at 00:49, not present during calibration",,
evt_0278,sess_20260823_070952,S01,1,49.5,49.5,594,594,object_unregistered,40.0,9970.2,0.35,warning,"Unregistered object (mouse) appeared at S01 at 00:49, not present during calibration",,
evt_0279,sess_20260823_070952,S01,1,49.67,49.67,596,596,object_unregistered,40.0,10010.0,0.59,warning,"Unregistered object (bottle) appeared at S01 at 00:49, not present during calibration",,
evt_0280,sess_20260823_070952,S01,1,49.83,49.83,598,598,object_unregistered,40.0,10049.8,0.59,warning,"Unregistered object (bottle) appeared at S01 at 00:49, not present during calibration",,
evt_0281,sess_20260823_070952,S01,1,49.83,49.83,598,598,object_unregistered,40.0,10089.8,0.35,warning,"Unregistered object (mouse) appeared at S01 at 00:49, not present during calibration",,
evt_0282,sess_20260823_070952,S01,1,50.0,50.0,600,600,object_unregistered,40.0,10129.5,0.58,warning,"Unregistered object (bottle) appeared at S01 at 00:50, not present during calibration",,
evt_0283,sess_20260823_070952,S01,1,50.0,50.0,600,600,object_unregistered,40.0,10169.5,0.36,warning,"Unregistered object (mouse) appeared at S01 at 00:50, not present during calibration",,
evt_0284,sess_20260823_070952,S01,1,50.0,50.0,600,600,object_unregistered,40.0,10209.5,0.3,warning,"Unregistered object (mouse) appeared at S01 at 00:50, not present during calibration",,
evt_0285,sess_20260823_070952,S01,1,50.17,50.17,602,602,object_unregistered,40.0,10249.2,0.58,warning,"Unregistered object (bottle) appeared at S01 at 00:50, not present during calibration",,
evt_0286,sess_20260823_070952,S01,1,50.17,50.17,602,602,object_unregistered,40.0,10289.2,0.35,warning,"Unregistered object (mouse) appeared at S01 at 00:50, not present during calibration",,
evt_0287,sess_20260823_070952,S01,1,50.33,50.33,604,604,object_unregistered,40.0,10329.0,0.58,warning,"Unregistered object (bottle) appeared at S01 at 00:50, not present during calibration",,
evt_0288,sess_20260823_070952,S01,1,50.33,50.33,604,604,object_unregistered,40.0,10369.0,0.35,warning,"Unregistered object (mouse) appeared at S01 at 00:50, not present during calibration",,
evt_0289,sess_20260823_070952,S01,1,50.5,50.5,606,606,object_unregistered,40.0,10408.8,0.59,warning,"Unregistered object (bottle) appeared at S01 at 00:50, not present during calibration",,
evt_0290,sess_20260823_070952,S01,1,50.5,50.5,606,606,object_unregistered,40.0,10448.8,0.36,warning,"Unregistered object (mouse) appeared at S01 at 00:50, not present during calibration",,
evt_0291,sess_20260823_070952,S01,1,50.5,50.5,606,606,object_unregistered,40.0,10488.8,0.31,warning,"Unregistered object (mouse) appeared at S01 at 00:50, not present during calibration",,
evt_0292,sess_20260823_070952,S01,1,50.67,50.67,608,608,object_unregistered,40.0,10528.5,0.58,warning,"Unregistered object (bottle) appeared at S01 at 00:50, not present during calibration",,
evt_0293,sess_20260823_070952,S01,1,50.67,50.67,608,608,object_unregistered,40.0,10568.5,0.36,warning,"Unregistered object (mouse) appeared at S01 at 00:50, not present during calibration",,
evt_0294,sess_20260823_070952,S01,1,50.67,50.67,608,608,object_unregistered,40.0,10608.5,0.31,warning,"Unregistered object (mouse) appeared at S01 at 00:50, not present during calibration",,
evt_0295,sess_20260823_070952,S01,1,50.83,50.83,610,610,object_unregistered,40.0,10648.2,0.58,warning,"Unregistered object (bottle) appeared at S01 at 00:50, not present during calibration",,
evt_0296,sess_20260823_070952,S01,1,50.83,50.83,610,610,object_unregistered,40.0,10688.2,0.36,warning,"Unregistered object (mouse) appeared at S01 at 00:50, not present during calibration",,
evt_0297,sess_20260823_070952,S01,1,50.83,50.83,610,610,object_unregistered,40.0,10728.2,0.33,warning,"Unregistered object (mouse) appeared at S01 at 00:50, not present during calibration",,
evt_0298,sess_20260823_070952,S01,1,51.0,51.0,612,612,object_unregistered,40.0,10768.0,0.58,warning,"Unregistered object (bottle) appeared at S01 at 00:51, not present during calibration",,
evt_0299,sess_20260823_070952,S01,1,51.0,51.0,612,612,object_unregistered,40.0,10808.0,0.36,warning,"Unregistered object (mouse) appeared at S01 at 00:51, not present during calibration",,
evt_0300,sess_20260823_070952,S01,1,51.0,51.0,612,612,object_unregistered,40.0,10848.0,0.36,warning,"Unregistered object (mouse) appeared at S01 at 00:51, not present during calibration",,
evt_0301,sess_20260823_070952,S01,1,51.17,51.17,614,614,object_unregistered,40.0,10887.8,0.37,warning,"Unregistered object (mouse) appeared at S01 at 00:51, not present during calibration",,
evt_0302,sess_20260823_070952,S01,1,51.33,51.33,616,616,object_unregistered,40.0,10927.5,0.35,warning,"Unregistered object (mouse) appeared at S01 at 00:51, not present during calibration",,
evt_0303,sess_20260823_070952,S01,1,51.5,51.5,618,618,object_unregistered,40.0,10967.2,0.33,warning,"Unregistered object (mouse) appeared at S01 at 00:51, not present during calibration",,
evt_0304,sess_20260823_070952,S01,1,51.67,51.67,620,620,object_unregistered,40.0,11007.0,0.3,warning,"Unregistered object (mouse) appeared at S01 at 00:51, not present during calibration",,
evt_0305,sess_20260823_070952,S01,1,51.83,51.83,622,622,object_unregistered,40.0,11046.8,0.58,warning,"Unregistered object (bottle) appeared at S01 at 00:51, not present during calibration",,
evt_0306,sess_20260823_070952,S01,1,51.83,51.83,622,622,object_unregistered,40.0,11086.8,0.36,warning,"Unregistered object (mouse) appeared at S01 at 00:51, not present during calibration",,
evt_0307,sess_20260823_070952,S01,1,51.83,51.83,622,622,object_unregistered,40.0,11126.8,0.3,warning,"Unregistered object (mouse) appeared at S01 at 00:51, not present during calibration",,
evt_0308,sess_20260823_070952,S01,1,52.0,52.0,624,624,object_unregistered,40.0,11166.5,0.58,warning,"Unregistered object (bottle) appeared at S01 at 00:52, not present during calibration",,
evt_0309,sess_20260823_070952,S01,1,52.0,52.0,624,624,object_unregistered,40.0,11206.5,0.37,warning,"Unregistered object (mouse) appeared at S01 at 00:52, not present during calibration",,
evt_0310,sess_20260823_070952,S01,1,52.0,52.0,624,624,object_unregistered,40.0,11246.5,0.33,warning,"Unregistered object (mouse) appeared at S01 at 00:52, not present during calibration",,
evt_0311,sess_20260823_070952,S01,1,52.5,52.5,630,630,object_unregistered,40.0,11285.8,0.58,warning,"Unregistered object (bottle) appeared at S01 at 00:52, not present during calibration",,
evt_0312,sess_20260823_070952,S01,1,52.67,52.67,632,632,object_unregistered,40.0,11325.5,0.57,warning,"Unregistered object (bottle) appeared at S01 at 00:52, not present during calibration",,
evt_0313,sess_20260823_070952,S01,1,52.83,52.83,634,634,object_unregistered,40.0,11365.2,0.57,warning,"Unregistered object (bottle) appeared at S01 at 00:52, not present during calibration",,
evt_0314,sess_20260823_070952,S01,1,52.83,52.83,634,634,object_unregistered,40.0,11405.2,0.38,warning,"Unregistered object (mouse) appeared at S01 at 00:52, not present during calibration",,
evt_0315,sess_20260823_070952,S01,1,53.0,53.0,636,636,object_unregistered,40.0,11445.0,0.58,warning,"Unregistered object (bottle) appeared at S01 at 00:53, not present during calibration",,
evt_0316,sess_20260823_070952,S01,1,53.0,53.0,636,636,object_unregistered,40.0,11485.0,0.39,warning,"Unregistered object (mouse) appeared at S01 at 00:53, not present during calibration",,
evt_0317,sess_20260823_070952,S01,1,53.17,53.17,638,638,object_unregistered,40.0,11524.8,0.59,warning,"Unregistered object (bottle) appeared at S01 at 00:53, not present during calibration",,
evt_0318,sess_20260823_070952,S01,1,53.17,53.17,638,638,object_unregistered,40.0,11564.8,0.4,warning,"Unregistered object (mouse) appeared at S01 at 00:53, not present during calibration",,
evt_0319,sess_20260823_070952,S01,1,53.33,53.33,640,640,object_unregistered,40.0,11604.5,0.59,warning,"Unregistered object (bottle) appeared at S01 at 00:53, not present during calibration",,
evt_0320,sess_20260823_070952,S01,1,53.33,53.33,640,640,object_unregistered,40.0,11644.5,0.4,warning,"Unregistered object (mouse) appeared at S01 at 00:53, not present during calibration",,
evt_0321,sess_20260823_070952,S01,1,53.5,53.5,642,642,object_unregistered,40.0,11684.2,0.59,warning,"Unregistered object (bottle) appeared at S01 at 00:53, not present during calibration",,
evt_0322,sess_20260823_070952,S01,1,53.5,53.5,642,642,object_unregistered,40.0,11724.2,0.44,warning,"Unregistered object (mouse) appeared at S01 at 00:53, not present during calibration",,
evt_0323,sess_20260823_070952,S01,1,53.67,53.67,644,644,object_unregistered,40.0,11764.0,0.59,warning,"Unregistered object (bottle) appeared at S01 at 00:53, not present during calibration",,
evt_0324,sess_20260823_070952,S01,1,53.67,53.67,644,644,object_unregistered,40.0,11804.0,0.44,warning,"Unregistered object (mouse) appeared at S01 at 00:53, not present during calibration",,
evt_0325,sess_20260823_070952,S01,1,53.83,53.83,646,646,object_unregistered,40.0,11843.8,0.59,warning,"Unregistered object (bottle) appeared at S01 at 00:53, not present during calibration",,
evt_0326,sess_20260823_070952,S01,1,53.83,53.83,646,646,object_unregistered,40.0,11883.8,0.43,warning,"Unregistered object (mouse) appeared at S01 at 00:53, not present during calibration",,
evt_0327,sess_20260823_070952,S01,1,54.0,54.0,648,648,object_unregistered,40.0,11923.5,0.59,warning,"Unregistered object (bottle) appeared at S01 at 00:54, not present during calibration",,
evt_0328,sess_20260823_070952,S01,1,54.0,54.0,648,648,object_unregistered,40.0,11963.5,0.45,warning,"Unregistered object (mouse) appeared at S01 at 00:54, not present during calibration",,
evt_0329,sess_20260823_070952,S01,1,54.17,54.17,650,650,object_unregistered,40.0,12003.2,0.59,warning,"Unregistered object (bottle) appeared at S01 at 00:54, not present during calibration",,
evt_0330,sess_20260823_070952,S01,1,54.17,54.17,650,650,object_unregistered,40.0,12043.2,0.44,warning,"Unregistered object (mouse) appeared at S01 at 00:54, not present during calibration",,
evt_0331,sess_20260823_070952,S01,1,54.33,54.33,652,652,object_unregistered,40.0,12083.0,0.59,warning,"Unregistered object (bottle) appeared at S01 at 00:54, not present during calibration",,
evt_0332,sess_20260823_070952,S01,1,54.33,54.33,652,652,object_unregistered,40.0,12123.0,0.45,warning,"Unregistered object (mouse) appeared at S01 at 00:54, not present during calibration",,
evt_0333,sess_20260823_070952,S01,1,54.5,54.5,654,654,object_unregistered,40.0,12162.8,0.59,warning,"Unregistered object (bottle) appeared at S01 at 00:54, not present during calibration",,
evt_0334,sess_20260823_070952,S01,1,54.5,54.5,654,654,object_unregistered,40.0,12202.8,0.45,warning,"Unregistered object (mouse) appeared at S01 at 00:54, not present during calibration",,
evt_0335,sess_20260823_070952,S01,1,54.67,54.67,656,656,object_unregistered,40.0,12242.5,0.58,warning,"Unregistered object (bottle) appeared at S01 at 00:54, not present during calibration",,
evt_0336,sess_20260823_070952,S01,1,54.67,54.67,656,656,object_unregistered,40.0,12282.5,0.44,warning,"Unregistered object (mouse) appeared at S01 at 00:54, not present during calibration",,
evt_0337,sess_20260823_070952,S01,1,54.83,54.83,658,658,object_unregistered,40.0,12322.2,0.59,warning,"Unregistered object (bottle) appeared at S01 at 00:54, not present during calibration",,
evt_0338,sess_20260823_070952,S01,1,54.83,54.83,658,658,object_unregistered,40.0,12362.2,0.45,warning,"Unregistered object (mouse) appeared at S01 at 00:54, not present during calibration",,
evt_0339,sess_20260823_070952,S01,1,55.0,55.0,660,660,object_unregistered,40.0,12402.0,0.59,warning,"Unregistered object (bottle) appeared at S01 at 00:55, not present during calibration",,
evt_0340,sess_20260823_070952,S01,1,55.0,55.0,660,660,object_unregistered,40.0,12442.0,0.45,warning,"Unregistered object (mouse) appeared at S01 at 00:55, not present during calibration",,
evt_0341,sess_20260823_070952,S01,1,55.17,55.17,662,662,object_unregistered,40.0,12481.8,0.58,warning,"Unregistered object (bottle) appeared at S01 at 00:55, not present during calibration",,
evt_0342,sess_20260823_070952,S01,1,55.17,55.17,662,662,object_unregistered,40.0,12521.8,0.45,warning,"Unregistered object (mouse) appeared at S01 at 00:55, not present during calibration",,
evt_0343,sess_20260823_070952,S01,1,55.33,55.33,664,664,object_unregistered,40.0,12561.5,0.58,warning,"Unregistered object (bottle) appeared at S01 at 00:55, not present during calibration",,
evt_0344,sess_20260823_070952,S01,1,55.33,55.33,664,664,object_unregistered,40.0,12601.5,0.45,warning,"Unregistered object (mouse) appeared at S01 at 00:55, not present during calibration",,
evt_0345,sess_20260823_070952,S01,1,55.5,55.5,666,666,object_unregistered,40.0,12641.2,0.59,warning,"Unregistered object (bottle) appeared at S01 at 00:55, not present during calibration",,
evt_0346,sess_20260823_070952,S01,1,55.67,55.67,668,668,object_unregistered,40.0,12681.0,0.59,warning,"Unregistered object (bottle) appeared at S01 at 00:55, not present during calibration",,
evt_0347,sess_20260823_070952,S01,1,55.83,55.83,670,670,object_unregistered,40.0,12720.8,0.59,warning,"Unregistered object (bottle) appeared at S01 at 00:55, not present during calibration",,
evt_0348,sess_20260823_070952,S01,1,55.83,55.83,670,670,object_unregistered,40.0,12760.8,0.32,warning,"Unregistered object (mouse) appeared at S01 at 00:55, not present during calibration",,
evt_0349,sess_20260823_070952,S01,1,56.0,56.0,672,672,object_unregistered,40.0,12800.5,0.59,warning,"Unregistered object (bottle) appeared at S01 at 00:56, not present during calibration",,
evt_0350,sess_20260823_070952,S01,1,56.0,56.0,672,672,object_unregistered,40.0,12840.5,0.34,warning,"Unregistered object (mouse) appeared at S01 at 00:56, not present during calibration",,
evt_0351,sess_20260823_070952,S01,1,56.17,56.17,674,674,object_unregistered,40.0,12880.2,0.59,warning,"Unregistered object (bottle) appeared at S01 at 00:56, not present during calibration",,
evt_0352,sess_20260823_070952,S01,1,56.17,56.17,674,674,object_unregistered,40.0,12920.2,0.43,warning,"Unregistered object (mouse) appeared at S01 at 00:56, not present during calibration",,
evt_0353,sess_20260823_070952,S01,1,56.17,56.17,674,674,object_unregistered,40.0,12960.2,0.3,warning,"Unregistered object (mouse) appeared at S01 at 00:56, not present during calibration",,
evt_0354,sess_20260823_070952,S01,1,55.25,56.25,650,675,head_turn,10.0,12970.1,0.83,critical,"Head turned left, 3.3 deviations from own baseline, held 1.0s",,
evt_0355,sess_20260823_070952,S01,1,56.33,56.33,676,676,object_unregistered,40.0,13010.0,0.59,warning,"Unregistered object (bottle) appeared at S01 at 00:56, not present during calibration",,
evt_0356,sess_20260823_070952,S01,1,56.33,56.33,676,676,object_unregistered,40.0,13050.0,0.42,warning,"Unregistered object (mouse) appeared at S01 at 00:56, not present during calibration",,
evt_0357,sess_20260823_070952,S01,1,56.5,56.5,678,678,object_unregistered,40.0,13089.8,0.59,warning,"Unregistered object (bottle) appeared at S01 at 00:56, not present during calibration",,
evt_0358,sess_20260823_070952,S01,1,56.67,56.67,680,680,object_unregistered,40.0,13129.5,0.59,warning,"Unregistered object (bottle) appeared at S01 at 00:56, not present during calibration",,
evt_0359,sess_20260823_070952,S01,1,56.83,56.83,682,682,object_unregistered,40.0,13169.2,0.59,warning,"Unregistered object (bottle) appeared at S01 at 00:56, not present during calibration",,
evt_0360,sess_20260823_070952,S01,1,56.83,56.83,682,682,object_unregistered,40.0,13209.2,0.42,warning,"Unregistered object (mouse) appeared at S01 at 00:56, not present during calibration",,
evt_0361,sess_20260823_070952,S01,1,57.0,57.0,684,684,object_unregistered,40.0,13249.0,0.59,warning,"Unregistered object (bottle) appeared at S01 at 00:57, not present during calibration",,
evt_0362,sess_20260823_070952,S01,1,57.0,57.0,684,684,object_unregistered,40.0,13289.0,0.42,warning,"Unregistered object (mouse) appeared at S01 at 00:57, not present during calibration",,
evt_0363,sess_20260823_070952,S01,1,36.08,57.08,160,685,repeated_action,25.0,13313.9,0.9,critical,"4 separate events in 21s: head_turn, head_turn, head_turn",,
evt_0364,sess_20260823_070952,S01,1,57.17,57.17,686,686,object_unregistered,40.0,13353.8,0.59,warning,"Unregistered object (bottle) appeared at S01 at 00:57, not present during calibration",,
evt_0365,sess_20260823_070952,S01,1,57.17,57.17,686,686,object_unregistered,40.0,13393.8,0.42,warning,"Unregistered object (mouse) appeared at S01 at 00:57, not present during calibration",,
evt_0366,sess_20260823_070952,S01,1,57.33,57.33,688,688,object_unregistered,40.0,13433.5,0.6,warning,"Unregistered object (bottle) appeared at S01 at 00:57, not present during calibration",,
evt_0367,sess_20260823_070952,S01,1,57.33,57.33,688,688,object_unregistered,40.0,13473.5,0.43,warning,"Unregistered object (mouse) appeared at S01 at 00:57, not present during calibration",,
evt_0368,sess_20260823_070952,S01,1,57.5,57.5,690,690,object_unregistered,40.0,13513.2,0.59,warning,"Unregistered object (bottle) appeared at S01 at 00:57, not present during calibration",,
evt_0369,sess_20260823_070952,S01,1,57.5,57.5,690,690,object_unregistered,40.0,13553.2,0.44,warning,"Unregistered object (mouse) appeared at S01 at 00:57, not present during calibration",,
evt_0370,sess_20260823_070952,S01,1,57.67,57.67,692,692,object_unregistered,40.0,13593.0,0.6,warning,"Unregistered object (bottle) appeared at S01 at 00:57, not present during calibration",,
evt_0371,sess_20260823_070952,S01,1,57.67,57.67,692,692,object_unregistered,40.0,13633.0,0.45,warning,"Unregistered object (mouse) appeared at S01 at 00:57, not present during calibration",,
evt_0372,sess_20260823_070952,S01,1,57.83,57.83,694,694,object_unregistered,40.0,13672.8,0.6,warning,"Unregistered object (bottle) appeared at S01 at 00:57, not present during calibration",,
evt_0373,sess_20260823_070952,S01,1,57.83,57.83,694,694,object_unregistered,40.0,13712.8,0.45,warning,"Unregistered object (mouse) appeared at S01 at 00:57, not present during calibration",,
evt_0374,sess_20260823_070952,S01,1,58.0,58.0,696,696,object_unregistered,40.0,13752.5,0.6,warning,"Unregistered object (bottle) appeared at S01 at 00:58, not present during calibration",,
evt_0375,sess_20260823_070952,S01,1,58.0,58.0,696,696,object_unregistered,40.0,13792.5,0.45,warning,"Unregistered object (mouse) appeared at S01 at 00:58, not present during calibration",,
evt_0376,sess_20260823_070952,S01,1,58.17,58.17,698,698,object_unregistered,40.0,13832.2,0.6,warning,"Unregistered object (bottle) appeared at S01 at 00:58, not present during calibration",,
evt_0377,sess_20260823_070952,S01,1,58.17,58.17,698,698,object_unregistered,40.0,13872.2,0.44,warning,"Unregistered object (mouse) appeared at S01 at 00:58, not present during calibration",,
evt_0378,sess_20260823_070952,S01,1,58.33,58.33,700,700,object_unregistered,40.0,13912.0,0.6,critical,"Unregistered object (bottle) appeared at S01 at 00:58, not present during calibration",,
evt_0379,sess_20260823_070952,S01,1,58.33,58.33,700,700,object_unregistered,40.0,13952.0,0.45,warning,"Unregistered object (mouse) appeared at S01 at 00:58, not present during calibration",,
evt_0380,sess_20260823_070952,S01,1,58.5,58.5,702,702,object_unregistered,40.0,13991.8,0.6,warning,"Unregistered object (bottle) appeared at S01 at 00:58, not present during calibration",,
evt_0381,sess_20260823_070952,S01,1,58.5,58.5,702,702,object_unregistered,40.0,14031.8,0.44,warning,"Unregistered object (mouse) appeared at S01 at 00:58, not present during calibration",,
evt_0382,sess_20260823_070952,S01,1,58.67,58.67,704,704,object_unregistered,40.0,14071.5,0.6,warning,"Unregistered object (bottle) appeared at S01 at 00:58, not present during calibration",,
evt_0383,sess_20260823_070952,S01,1,58.67,58.67,704,704,object_unregistered,40.0,14111.5,0.44,warning,"Unregistered object (mouse) appeared at S01 at 00:58, not present during calibration",,
evt_0384,sess_20260823_070952,S01,1,58.83,58.83,706,706,object_unregistered,40.0,14151.2,0.59,warning,"Unregistered object (bottle) appeared at S01 at 00:58, not present during calibration",,
evt_0385,sess_20260823_070952,S01,1,58.83,58.83,706,706,object_unregistered,40.0,14191.2,0.41,warning,"Unregistered object (mouse) appeared at S01 at 00:58, not present during calibration",,
evt_0386,sess_20260823_070952,S01,1,59.0,59.0,708,708,object_unregistered,40.0,14231.0,0.58,warning,"Unregistered object (bottle) appeared at S01 at 00:59, not present during calibration",,
evt_0387,sess_20260823_070952,S01,1,59.0,59.0,708,708,object_unregistered,40.0,14271.0,0.4,warning,"Unregistered object (mouse) appeared at S01 at 00:59, not present during calibration",,
evt_0388,sess_20260823_070952,S01,1,59.17,59.17,710,710,object_unregistered,40.0,14310.8,0.58,warning,"Unregistered object (bottle) appeared at S01 at 00:59, not present during calibration",,
evt_0389,sess_20260823_070952,S01,1,59.17,59.17,710,710,object_unregistered,40.0,14350.8,0.41,warning,"Unregistered object (mouse) appeared at S01 at 00:59, not present during calibration",,
evt_0390,sess_20260823_070952,S01,1,59.33,59.33,712,712,object_unregistered,40.0,14390.5,0.58,warning,"Unregistered object (bottle) appeared at S01 at 00:59, not present during calibration",,
evt_0391,sess_20260823_070952,S01,1,59.33,59.33,712,712,object_unregistered,40.0,14430.5,0.41,warning,"Unregistered object (mouse) appeared at S01 at 00:59, not present during calibration",,
evt_0392,sess_20260823_070952,S01,1,59.5,59.5,714,714,object_unregistered,40.0,14470.2,0.59,warning,"Unregistered object (bottle) appeared at S01 at 00:59, not present during calibration",,
evt_0393,sess_20260823_070952,S01,1,59.5,59.5,714,714,object_unregistered,40.0,14510.2,0.42,warning,"Unregistered object (mouse) appeared at S01 at 00:59, not present during calibration",,
evt_0394,sess_20260823_070952,S01,1,59.67,59.67,716,716,object_unregistered,40.0,14550.0,0.59,warning,"Unregistered object (bottle) appeared at S01 at 00:59, not present during calibration",,
evt_0395,sess_20260823_070952,S01,1,59.83,59.83,718,718,object_unregistered,40.0,14589.8,0.59,warning,"Unregistered object (bottle) appeared at S01 at 00:59, not present during calibration",,
evt_0396,sess_20260823_070952,S01,1,62.67,62.67,752,752,object_unregistered,40.0,14625.5,0.57,warning,"Unregistered object (bottle) appeared at S01 at 01:02, not present during calibration",,
evt_0397,sess_20260823_070952,S01,1,62.83,62.83,754,754,object_unregistered,40.0,14665.2,0.57,warning,"Unregistered object (bottle) appeared at S01 at 01:02, not present during calibration",,
evt_0398,sess_20260823_070952,S01,1,63.0,63.0,756,756,object_unregistered,40.0,14705.0,0.57,warning,"Unregistered object (bottle) appeared at S01 at 01:03, not present during calibration",,
evt_0399,sess_20260823_070952,S01,1,63.17,63.17,758,758,object_unregistered,40.0,14744.8,0.57,warning,"Unregistered object (bottle) appeared at S01 at 01:03, not present during calibration",,
evt_0400,sess_20260823_070952,S01,1,63.5,63.5,762,762,object_unregistered,40.0,14784.2,0.57,warning,"Unregistered object (bottle) appeared at S01 at 01:03, not present during calibration",,
evt_0401,sess_20260823_070952,S01,1,63.67,63.67,764,764,object_unregistered,40.0,14824.0,0.57,warning,"Unregistered object (bottle) appeared at S01 at 01:03, not present during calibration",,
evt_0402,sess_20260823_070952,S01,1,64.17,64.17,770,770,object_unregistered,40.0,14863.2,0.56,warning,"Unregistered object (bottle) appeared at S01 at 01:04, not present during calibration",,
evt_0403,sess_20260823_070952,S01,1,64.33,64.33,772,772,object_unregistered,40.0,14903.0,0.56,warning,"Unregistered object (bottle) appeared at S01 at 01:04, not present during calibration",,
evt_0404,sess_20260823_070952,S01,1,64.5,64.5,774,774,object_unregistered,40.0,14942.8,0.57,warning,"Unregistered object (bottle) appeared at S01 at 01:04, not present during calibration",,
evt_0405,sess_20260823_070952,S01,1,64.67,64.67,776,776,object_unregistered,40.0,14982.5,0.57,warning,"Unregistered object (bottle) appeared at S01 at 01:04, not present during calibration",,
evt_0406,sess_20260823_070952,S01,1,64.83,64.83,778,778,object_unregistered,40.0,15022.2,0.57,warning,"Unregistered object (bottle) appeared at S01 at 01:04, not present during calibration",,
evt_0407,sess_20260823_070952,S01,1,65.0,65.0,780,780,object_unregistered,40.0,15062.0,0.57,warning,"Unregistered object (bottle) appeared at S01 at 01:05, not present during calibration",,
evt_0408,sess_20260823_070952,S01,1,65.17,65.17,782,782,object_unregistered,40.0,15101.8,0.57,warning,"Unregistered object (bottle) appeared at S01 at 01:05, not present during calibration",,
evt_0409,sess_20260823_070952,S01,1,65.33,65.33,784,784,object_unregistered,40.0,15141.5,0.57,warning,"Unregistered object (bottle) appeared at S01 at 01:05, not present during calibration",,
evt_0410,sess_20260823_070952,S01,1,65.5,65.5,786,786,object_unregistered,40.0,15181.2,0.57,warning,"Unregistered object (bottle) appeared at S01 at 01:05, not present during calibration",,
evt_0411,sess_20260823_070952,S01,1,65.67,65.67,788,788,object_unregistered,40.0,15221.0,0.58,warning,"Unregistered object (bottle) appeared at S01 at 01:05, not present during calibration",,
evt_0412,sess_20260823_070952,S01,1,65.83,65.83,790,790,object_unregistered,40.0,15260.8,0.57,warning,"Unregistered object (bottle) appeared at S01 at 01:05, not present during calibration",,
evt_0413,sess_20260823_070952,S01,1,66.0,66.0,792,792,object_unregistered,40.0,15300.5,0.57,warning,"Unregistered object (bottle) appeared at S01 at 01:06, not present during calibration",,
evt_0414,sess_20260823_070952,S01,1,65.08,66.08,768,793,head_turn,10.0,15310.4,0.77,warning,"Head turned left, 3.1 deviations from own baseline, held 1.0s",,
evt_0415,sess_20260823_070952,S01,1,66.17,66.17,794,794,object_unregistered,40.0,15350.2,0.58,warning,"Unregistered object (bottle) appeared at S01 at 01:06, not present during calibration",,
evt_0416,sess_20260823_070952,S01,1,66.33,66.33,796,796,object_unregistered,40.0,15390.0,0.57,warning,"Unregistered object (bottle) appeared at S01 at 01:06, not present during calibration",,
evt_0417,sess_20260823_070952,S01,1,66.5,66.5,798,798,object_unregistered,40.0,15429.8,0.57,warning,"Unregistered object (bottle) appeared at S01 at 01:06, not present during calibration",,
evt_0418,sess_20260823_070952,S01,1,66.67,66.67,800,800,object_unregistered,40.0,15469.5,0.57,warning,"Unregistered object (bottle) appeared at S01 at 01:06, not present during calibration",,
evt_0419,sess_20260823_070952,S01,1,42.08,67.17,179,806,repeated_action,25.0,15493.8,0.9,warning,"3 separate events in 25s: head_turn, head_turn, head_turn",,
evt_0420,sess_20260823_070952,S01,1,68.0,68.0,816,816,object_unregistered,40.0,15532.5,0.57,warning,"Unregistered object (bottle) appeared at S01 at 01:08, not present during calibration",,
evt_0421,sess_20260823_070952,S01,1,68.17,68.17,818,818,object_unregistered,40.0,15572.2,0.57,warning,"Unregistered object (bottle) appeared at S01 at 01:08, not present during calibration",,
evt_0422,sess_20260823_070952,S01,1,68.33,68.33,820,820,object_unregistered,40.0,15612.0,0.57,warning,"Unregistered object (bottle) appeared at S01 at 01:08, not present during calibration",,
evt_0423,sess_20260823_070952,S01,1,68.5,68.5,822,822,object_unregistered,40.0,15651.8,0.57,warning,"Unregistered object (bottle) appeared at S01 at 01:08, not present during calibration",,
evt_0424,sess_20260823_070952,S01,1,68.5,68.5,822,822,object_unregistered,40.0,15691.8,0.41,warning,"Unregistered object (mouse) appeared at S01 at 01:08, not present during calibration",,
evt_0425,sess_20260823_070952,S01,1,68.67,68.67,824,824,object_unregistered,40.0,15731.5,0.57,warning,"Unregistered object (bottle) appeared at S01 at 01:08, not present during calibration",,
evt_0426,sess_20260823_070952,S01,1,68.67,68.67,824,824,object_unregistered,40.0,15771.5,0.42,warning,"Unregistered object (mouse) appeared at S01 at 01:08, not present during calibration",,
evt_0427,sess_20260823_070952,S01,1,68.67,68.67,824,824,object_unregistered,40.0,15811.5,0.39,warning,"Unregistered object (mouse) appeared at S01 at 01:08, not present during calibration",,
evt_0428,sess_20260823_070952,S01,1,68.83,68.83,826,826,object_unregistered,40.0,15851.2,0.57,warning,"Unregistered object (bottle) appeared at S01 at 01:08, not present during calibration",,
evt_0429,sess_20260823_070952,S01,1,68.83,68.83,826,826,object_unregistered,40.0,15891.2,0.4,warning,"Unregistered object (mouse) appeared at S01 at 01:08, not present during calibration",,
evt_0430,sess_20260823_070952,S01,1,69.0,69.0,828,828,object_unregistered,40.0,15931.0,0.57,warning,"Unregistered object (bottle) appeared at S01 at 01:09, not present during calibration",,
evt_0431,sess_20260823_070952,S01,1,69.0,69.0,828,828,object_unregistered,40.0,15971.0,0.41,warning,"Unregistered object (mouse) appeared at S01 at 01:09, not present during calibration",,
evt_0432,sess_20260823_070952,S01,1,69.17,69.17,830,830,object_unregistered,40.0,16010.8,0.57,warning,"Unregistered object (bottle) appeared at S01 at 01:09, not present during calibration",,
evt_0433,sess_20260823_070952,S01,1,69.17,69.17,830,830,object_unregistered,40.0,16050.8,0.39,warning,"Unregistered object (mouse) appeared at S01 at 01:09, not present during calibration",,
evt_0434,sess_20260823_070952,S01,1,69.33,69.33,832,832,object_unregistered,40.0,16090.5,0.57,warning,"Unregistered object (bottle) appeared at S01 at 01:09, not present during calibration",,
evt_0435,sess_20260823_070952,S01,1,69.33,69.33,832,832,object_unregistered,40.0,16130.5,0.38,warning,"Unregistered object (mouse) appeared at S01 at 01:09, not present during calibration",,
evt_0436,sess_20260823_070952,S01,1,69.5,69.5,834,834,object_unregistered,40.0,16170.2,0.57,warning,"Unregistered object (bottle) appeared at S01 at 01:09, not present during calibration",,
evt_0437,sess_20260823_070952,S01,1,69.5,69.5,834,834,object_unregistered,40.0,16210.2,0.37,warning,"Unregistered object (mouse) appeared at S01 at 01:09, not present during calibration",,
evt_0438,sess_20260823_070952,S01,1,69.67,69.67,836,836,object_unregistered,40.0,16250.0,0.57,warning,"Unregistered object (bottle) appeared at S01 at 01:09, not present during calibration",,
evt_0439,sess_20260823_070952,S01,1,69.67,69.67,836,836,object_unregistered,40.0,16290.0,0.37,warning,"Unregistered object (mouse) appeared at S01 at 01:09, not present during calibration",,
evt_0440,sess_20260823_070952,S01,1,69.83,69.83,838,838,object_unregistered,40.0,16329.8,0.57,warning,"Unregistered object (bottle) appeared at S01 at 01:09, not present during calibration",,
evt_0441,sess_20260823_070952,S01,1,69.83,69.83,838,838,object_unregistered,40.0,16369.8,0.37,warning,"Unregistered object (mouse) appeared at S01 at 01:09, not present during calibration",,
evt_0442,sess_20260823_070952,S01,1,69.83,69.83,838,838,object_unregistered,40.0,16409.8,0.32,warning,"Unregistered object (mouse) appeared at S01 at 01:09, not present during calibration",,
evt_0443,sess_20260823_070952,S01,1,70.0,70.0,840,840,object_unregistered,40.0,16449.5,0.57,warning,"Unregistered object (bottle) appeared at S01 at 01:10, not present during calibration",,
evt_0444,sess_20260823_070952,S01,1,70.0,70.0,840,840,object_unregistered,40.0,16489.5,0.37,warning,"Unregistered object (mouse) appeared at S01 at 01:10, not present during calibration",,
evt_0445,sess_20260823_070952,S01,1,70.0,70.0,840,840,object_unregistered,40.0,16529.5,0.3,warning,"Unregistered object (mouse) appeared at S01 at 01:10, not present during calibration",,
evt_0446,sess_20260823_070952,S01,1,70.17,70.17,842,842,object_unregistered,40.0,16569.2,0.57,warning,"Unregistered object (bottle) appeared at S01 at 01:10, not present during calibration",,
evt_0447,sess_20260823_070952,S01,1,70.17,70.17,842,842,object_unregistered,40.0,16609.2,0.39,warning,"Unregistered object (mouse) appeared at S01 at 01:10, not present during calibration",,
evt_0448,sess_20260823_070952,S01,1,70.33,70.33,844,844,object_unregistered,40.0,16649.0,0.57,warning,"Unregistered object (bottle) appeared at S01 at 01:10, not present during calibration",,
evt_0449,sess_20260823_070952,S01,1,70.33,70.33,844,844,object_unregistered,40.0,16689.0,0.39,warning,"Unregistered object (mouse) appeared at S01 at 01:10, not present during calibration",,
evt_0450,sess_20260823_070952,S01,1,70.5,70.5,846,846,object_unregistered,40.0,16728.8,0.57,warning,"Unregistered object (bottle) appeared at S01 at 01:10, not present during calibration",,
evt_0451,sess_20260823_070952,S01,1,70.5,70.5,846,846,object_unregistered,40.0,16768.8,0.4,warning,"Unregistered object (mouse) appeared at S01 at 01:10, not present during calibration",,
evt_0452,sess_20260823_070952,S01,1,70.67,70.67,848,848,object_unregistered,40.0,16808.5,0.57,warning,"Unregistered object (bottle) appeared at S01 at 01:10, not present during calibration",,
evt_0453,sess_20260823_070952,S01,1,70.67,70.67,848,848,object_unregistered,40.0,16848.5,0.4,warning,"Unregistered object (mouse) appeared at S01 at 01:10, not present during calibration",,
evt_0454,sess_20260823_070952,S01,1,70.83,70.83,850,850,object_unregistered,40.0,16888.2,0.58,warning,"Unregistered object (bottle) appeared at S01 at 01:10, not present during calibration",,
evt_0455,sess_20260823_070952,S01,1,70.83,70.83,850,850,object_unregistered,40.0,16928.2,0.4,warning,"Unregistered object (mouse) appeared at S01 at 01:10, not present during calibration",,
evt_0456,sess_20260823_070952,S01,1,71.0,71.0,852,852,object_unregistered,40.0,16968.0,0.58,warning,"Unregistered object (bottle) appeared at S01 at 01:11, not present during calibration",,
evt_0457,sess_20260823_070952,S01,1,71.0,71.0,852,852,object_unregistered,40.0,17008.0,0.39,warning,"Unregistered object (mouse) appeared at S01 at 01:11, not present during calibration",,
evt_0458,sess_20260823_070952,S01,1,71.17,71.17,854,854,object_unregistered,40.0,17047.8,0.57,warning,"Unregistered object (bottle) appeared at S01 at 01:11, not present during calibration",,
evt_0459,sess_20260823_070952,S01,1,71.17,71.17,854,854,object_unregistered,40.0,17087.8,0.39,warning,"Unregistered object (mouse) appeared at S01 at 01:11, not present during calibration",,
evt_0460,sess_20260823_070952,S01,1,71.33,71.33,856,856,object_unregistered,40.0,17127.5,0.58,warning,"Unregistered object (bottle) appeared at S01 at 01:11, not present during calibration",,
evt_0461,sess_20260823_070952,S01,1,71.33,71.33,856,856,object_unregistered,40.0,17167.5,0.39,warning,"Unregistered object (mouse) appeared at S01 at 01:11, not present during calibration",,
evt_0462,sess_20260823_070952,S01,1,71.5,71.5,858,858,object_unregistered,40.0,17207.2,0.58,warning,"Unregistered object (bottle) appeared at S01 at 01:11, not present during calibration",,
evt_0463,sess_20260823_070952,S01,1,71.5,71.5,858,858,object_unregistered,40.0,17247.2,0.4,warning,"Unregistered object (mouse) appeared at S01 at 01:11, not present during calibration",,
evt_0464,sess_20260823_070952,S01,1,71.67,71.67,860,860,object_unregistered,40.0,17287.0,0.58,warning,"Unregistered object (bottle) appeared at S01 at 01:11, not present during calibration",,
evt_0465,sess_20260823_070952,S01,1,71.67,71.67,860,860,object_unregistered,40.0,17327.0,0.39,warning,"Unregistered object (mouse) appeared at S01 at 01:11, not present during calibration",,
evt_0466,sess_20260823_070952,S01,1,71.83,71.83,862,862,object_unregistered,40.0,17366.8,0.58,warning,"Unregistered object (bottle) appeared at S01 at 01:11, not present during calibration",,
evt_0467,sess_20260823_070952,S01,1,71.83,71.83,862,862,object_unregistered,40.0,17406.8,0.37,warning,"Unregistered object (mouse) appeared at S01 at 01:11, not present during calibration",,
evt_0468,sess_20260823_070952,S01,1,72.0,72.0,864,864,object_unregistered,40.0,17446.5,0.58,warning,"Unregistered object (bottle) appeared at S01 at 01:12, not present during calibration",,
evt_0469,sess_20260823_070952,S01,1,72.0,72.0,864,864,object_unregistered,40.0,17486.5,0.38,warning,"Unregistered object (mouse) appeared at S01 at 01:12, not present during calibration",,
evt_0470,sess_20260823_070952,S01,1,72.17,72.17,866,866,object_unregistered,40.0,17526.2,0.59,warning,"Unregistered object (bottle) appeared at S01 at 01:12, not present during calibration",,
evt_0471,sess_20260823_070952,S01,1,72.17,72.17,866,866,object_unregistered,40.0,17566.2,0.39,warning,"Unregistered object (mouse) appeared at S01 at 01:12, not present during calibration",,
evt_0472,sess_20260823_070952,S01,1,72.33,72.33,868,868,object_unregistered,40.0,17606.0,0.59,warning,"Unregistered object (bottle) appeared at S01 at 01:12, not present during calibration",,
evt_0473,sess_20260823_070952,S01,1,72.33,72.33,868,868,object_unregistered,40.0,17646.0,0.4,warning,"Unregistered object (mouse) appeared at S01 at 01:12, not present during calibration",,
evt_0474,sess_20260823_070952,S01,1,72.5,72.5,870,870,object_unregistered,40.0,17685.8,0.59,warning,"Unregistered object (bottle) appeared at S01 at 01:12, not present during calibration",,
evt_0475,sess_20260823_070952,S01,1,72.5,72.5,870,870,object_unregistered,40.0,17725.8,0.39,warning,"Unregistered object (mouse) appeared at S01 at 01:12, not present during calibration",,
evt_0476,sess_20260823_070952,S01,1,72.67,72.67,872,872,object_unregistered,40.0,17765.5,0.59,warning,"Unregistered object (bottle) appeared at S01 at 01:12, not present during calibration",,
evt_0477,sess_20260823_070952,S01,1,72.67,72.67,872,872,object_unregistered,40.0,17805.5,0.37,warning,"Unregistered object (mouse) appeared at S01 at 01:12, not present during calibration",,
evt_0478,sess_20260823_070952,S01,1,72.83,72.83,874,874,object_unregistered,40.0,17845.2,0.6,warning,"Unregistered object (bottle) appeared at S01 at 01:12, not present during calibration",,
evt_0479,sess_20260823_070952,S01,1,72.83,72.83,874,874,object_unregistered,40.0,17885.2,0.39,warning,"Unregistered object (mouse) appeared at S01 at 01:12, not present during calibration",,
evt_0480,sess_20260823_070952,S01,1,73.0,73.0,876,876,object_unregistered,40.0,17925.0,0.6,warning,"Unregistered object (bottle) appeared at S01 at 01:13, not present during calibration",,
evt_0481,sess_20260823_070952,S01,1,73.0,73.0,876,876,object_unregistered,40.0,17965.0,0.4,warning,"Unregistered object (mouse) appeared at S01 at 01:13, not present during calibration",,
evt_0482,sess_20260823_070952,S01,1,73.17,73.17,878,878,object_unregistered,40.0,18004.8,0.6,warning,"Unregistered object (bottle) appeared at S01 at 01:13, not present during calibration",,
evt_0483,sess_20260823_070952,S01,1,73.17,73.17,878,878,object_unregistered,40.0,18044.8,0.4,warning,"Unregistered object (mouse) appeared at S01 at 01:13, not present during calibration",,
evt_0484,sess_20260823_070952,S01,1,73.33,73.33,880,880,object_unregistered,40.0,18084.5,0.6,warning,"Unregistered object (bottle) appeared at S01 at 01:13, not present during calibration",,
evt_0485,sess_20260823_070952,S01,1,73.33,73.33,880,880,object_unregistered,40.0,18124.5,0.39,warning,"Unregistered object (mouse) appeared at S01 at 01:13, not present during calibration",,
evt_0486,sess_20260823_070952,S01,1,73.5,73.5,882,882,object_unregistered,40.0,18164.2,0.59,critical,"Unregistered object (bottle) appeared at S01 at 01:13, not present during calibration",,
evt_0487,sess_20260823_070952,S01,1,73.5,73.5,882,882,object_unregistered,40.0,18204.2,0.39,warning,"Unregistered object (mouse) appeared at S01 at 01:13, not present during calibration",,
evt_0488,sess_20260823_070952,S01,1,73.67,73.67,884,884,object_unregistered,40.0,18244.0,0.59,warning,"Unregistered object (bottle) appeared at S01 at 01:13, not present during calibration",,
evt_0489,sess_20260823_070952,S01,1,73.67,73.67,884,884,object_unregistered,40.0,18284.0,0.39,warning,"Unregistered object (mouse) appeared at S01 at 01:13, not present during calibration",,
evt_0490,sess_20260823_070952,S01,1,73.83,73.83,886,886,object_unregistered,40.0,18323.8,0.59,warning,"Unregistered object (bottle) appeared at S01 at 01:13, not present during calibration",,
evt_0491,sess_20260823_070952,S01,1,73.83,73.83,886,886,object_unregistered,40.0,18363.8,0.41,warning,"Unregistered object (mouse) appeared at S01 at 01:13, not present during calibration",,
evt_0492,sess_20260823_070952,S01,1,74.0,74.0,888,888,object_unregistered,40.0,18403.5,0.59,warning,"Unregistered object (bottle) appeared at S01 at 01:14, not present during calibration",,
evt_0493,sess_20260823_070952,S01,1,74.0,74.0,888,888,object_unregistered,40.0,18443.5,0.4,warning,"Unregistered object (mouse) appeared at S01 at 01:14, not present during calibration",,
evt_0494,sess_20260823_070952,S01,1,74.17,74.17,890,890,object_unregistered,40.0,18483.2,0.59,warning,"Unregistered object (bottle) appeared at S01 at 01:14, not present during calibration",,
evt_0495,sess_20260823_070952,S01,1,74.17,74.17,890,890,object_unregistered,40.0,18523.2,0.4,warning,"Unregistered object (mouse) appeared at S01 at 01:14, not present during calibration",,
evt_0496,sess_20260823_070952,S01,1,74.33,74.33,892,892,object_unregistered,40.0,18563.0,0.59,warning,"Unregistered object (bottle) appeared at S01 at 01:14, not present during calibration",,
evt_0497,sess_20260823_070952,S01,1,74.33,74.33,892,892,object_unregistered,40.0,18603.0,0.39,warning,"Unregistered object (mouse) appeared at S01 at 01:14, not present during calibration",,
evt_0498,sess_20260823_070952,S01,1,74.5,74.5,894,894,object_unregistered,40.0,18642.8,0.59,warning,"Unregistered object (bottle) appeared at S01 at 01:14, not present during calibration",,
evt_0499,sess_20260823_070952,S01,1,74.5,74.5,894,894,object_unregistered,40.0,18682.8,0.39,warning,"Unregistered object (mouse) appeared at S01 at 01:14, not present during calibration",,
evt_0500,sess_20260823_070952,S01,1,74.67,74.67,896,896,object_unregistered,40.0,18722.5,0.59,warning,"Unregistered object (bottle) appeared at S01 at 01:14, not present during calibration",,
evt_0501,sess_20260823_070952,S01,1,74.67,74.67,896,896,object_unregistered,40.0,18762.5,0.38,warning,"Unregistered object (mouse) appeared at S01 at 01:14, not present during calibration",,
evt_0502,sess_20260823_070952,S01,1,74.83,74.83,898,898,object_unregistered,40.0,18802.2,0.59,warning,"Unregistered object (bottle) appeared at S01 at 01:14, not present during calibration",,
evt_0503,sess_20260823_070952,S01,1,74.83,74.83,898,898,object_unregistered,40.0,18842.2,0.39,warning,"Unregistered object (mouse) appeared at S01 at 01:14, not present during calibration",,
evt_0504,sess_20260823_070952,S01,1,75.0,75.0,900,900,object_unregistered,40.0,18882.0,0.59,warning,"Unregistered object (bottle) appeared at S01 at 01:15, not present during calibration",,
evt_0505,sess_20260823_070952,S01,1,75.0,75.0,900,900,object_unregistered,40.0,18922.0,0.4,warning,"Unregistered object (mouse) appeared at S01 at 01:15, not present during calibration",,
evt_0506,sess_20260823_070952,S01,1,75.17,75.17,902,902,object_unregistered,40.0,18961.8,0.59,warning,"Unregistered object (bottle) appeared at S01 at 01:15, not present during calibration",,
evt_0507,sess_20260823_070952,S01,1,75.17,75.17,902,902,object_unregistered,40.0,19001.8,0.4,warning,"Unregistered object (mouse) appeared at S01 at 01:15, not present during calibration",,
evt_0508,sess_20260823_070952,S01,1,75.33,75.33,904,904,object_unregistered,40.0,19041.5,0.59,warning,"Unregistered object (bottle) appeared at S01 at 01:15, not present during calibration",,
evt_0509,sess_20260823_070952,S01,1,75.33,75.33,904,904,object_unregistered,40.0,19081.5,0.4,warning,"Unregistered object (mouse) appeared at S01 at 01:15, not present during calibration",,
evt_0510,sess_20260823_070952,S01,1,75.5,75.5,906,906,object_unregistered,40.0,19121.2,0.59,warning,"Unregistered object (bottle) appeared at S01 at 01:15, not present during calibration",,
evt_0511,sess_20260823_070952,S01,1,75.5,75.5,906,906,object_unregistered,40.0,19161.2,0.36,warning,"Unregistered object (mouse) appeared at S01 at 01:15, not present during calibration",,
evt_0512,sess_20260823_070952,S01,1,75.67,75.67,908,908,object_unregistered,40.0,19201.0,0.59,warning,"Unregistered object (bottle) appeared at S01 at 01:15, not present during calibration",,
evt_0513,sess_20260823_070952,S01,1,75.67,75.67,908,908,object_unregistered,40.0,19241.0,0.35,warning,"Unregistered object (mouse) appeared at S01 at 01:15, not present during calibration",,
evt_0514,sess_20260823_070952,S01,1,75.83,75.83,910,910,object_unregistered,40.0,19280.8,0.58,warning,"Unregistered object (bottle) appeared at S01 at 01:15, not present during calibration",,
evt_0515,sess_20260823_070952,S01,1,75.83,75.83,910,910,object_unregistered,40.0,19320.8,0.33,warning,"Unregistered object (mouse) appeared at S01 at 01:15, not present during calibration",,
evt_0516,sess_20260823_070952,S01,1,74.92,75.92,886,911,head_turn,10.0,19330.6,0.74,critical,"Head turned left, 3.0 deviations from own baseline, held 1.0s",,
evt_0517,sess_20260823_070952,S01,1,76.0,76.0,912,912,object_unregistered,40.0,19370.5,0.58,warning,"Unregistered object (bottle) appeared at S01 at 01:16, not present during calibration",,
evt_0518,sess_20260823_070952,S01,1,76.0,76.0,912,912,object_unregistered,40.0,19410.5,0.33,warning,"Unregistered object (mouse) appeared at S01 at 01:16, not present during calibration",,
evt_0519,sess_20260823_070952,S01,1,76.17,76.17,914,914,object_unregistered,40.0,19450.2,0.58,warning,"Unregistered object (bottle) appeared at S01 at 01:16, not present during calibration",,
evt_0520,sess_20260823_070952,S01,1,76.17,76.17,914,914,object_unregistered,40.0,19490.2,0.34,warning,"Unregistered object (mouse) appeared at S01 at 01:16, not present during calibration",,
evt_0521,sess_20260823_070952,S01,1,76.33,76.33,916,916,object_unregistered,40.0,19530.0,0.58,warning,"Unregistered object (bottle) appeared at S01 at 01:16, not present during calibration",,
evt_0522,sess_20260823_070952,S01,1,76.33,76.33,916,916,object_unregistered,40.0,19570.0,0.34,warning,"Unregistered object (mouse) appeared at S01 at 01:16, not present during calibration",,
evt_0523,sess_20260823_070952,S01,1,76.5,76.5,918,918,object_unregistered,40.0,19609.8,0.58,warning,"Unregistered object (bottle) appeared at S01 at 01:16, not present during calibration",,
evt_0524,sess_20260823_070952,S01,1,76.5,76.5,918,918,object_unregistered,40.0,19649.8,0.34,warning,"Unregistered object (mouse) appeared at S01 at 01:16, not present during calibration",,
evt_0525,sess_20260823_070952,S01,1,76.67,76.67,920,920,object_unregistered,40.0,19689.5,0.58,warning,"Unregistered object (bottle) appeared at S01 at 01:16, not present during calibration",,
evt_0526,sess_20260823_070952,S01,1,76.67,76.67,920,920,object_unregistered,40.0,19729.5,0.35,warning,"Unregistered object (mouse) appeared at S01 at 01:16, not present during calibration",,
evt_0527,sess_20260823_070952,S01,1,76.83,76.83,922,922,object_unregistered,40.0,19769.2,0.59,warning,"Unregistered object (bottle) appeared at S01 at 01:16, not present during calibration",,
evt_0528,sess_20260823_070952,S01,1,76.83,76.83,922,922,object_unregistered,40.0,19809.2,0.35,warning,"Unregistered object (mouse) appeared at S01 at 01:16, not present during calibration",,
evt_0529,sess_20260823_070952,S01,1,77.0,77.0,924,924,object_unregistered,40.0,19849.0,0.59,warning,"Unregistered object (bottle) appeared at S01 at 01:17, not present during calibration",,
evt_0530,sess_20260823_070952,S01,1,77.0,77.0,924,924,object_unregistered,40.0,19889.0,0.35,warning,"Unregistered object (mouse) appeared at S01 at 01:17, not present during calibration",,
evt_0531,sess_20260823_070952,S01,1,55.25,77.17,379,926,repeated_action,25.0,19913.8,0.9,critical,"3 separate events in 21s: head_turn, head_turn, head_turn",,
evt_0532,sess_20260823_070952,S01,1,77.17,77.17,926,926,object_unregistered,40.0,19953.8,0.59,warning,"Unregistered object (bottle) appeared at S01 at 01:17, not present during calibration",,
evt_0533,sess_20260823_070952,S01,1,77.17,77.17,926,926,object_unregistered,40.0,19993.8,0.36,warning,"Unregistered object (mouse) appeared at S01 at 01:17, not present during calibration",,
evt_0534,sess_20260823_070952,S01,1,77.33,77.33,928,928,object_unregistered,40.0,20033.5,0.59,warning,"Unregistered object (bottle) appeared at S01 at 01:17, not present during calibration",,
evt_0535,sess_20260823_070952,S01,1,77.33,77.33,928,928,object_unregistered,40.0,20073.5,0.36,warning,"Unregistered object (mouse) appeared at S01 at 01:17, not present during calibration",,
evt_0536,sess_20260823_070952,S01,1,77.5,77.5,930,930,object_unregistered,40.0,20113.2,0.59,warning,"Unregistered object (bottle) appeared at S01 at 01:17, not present during calibration",,
evt_0537,sess_20260823_070952,S01,1,77.5,77.5,930,930,object_unregistered,40.0,20153.2,0.36,warning,"Unregistered object (mouse) appeared at S01 at 01:17, not present during calibration",,
evt_0538,sess_20260823_070952,S01,1,77.67,77.67,932,932,object_unregistered,40.0,20193.0,0.59,warning,"Unregistered object (bottle) appeared at S01 at 01:17, not present during calibration",,
evt_0539,sess_20260823_070952,S01,1,77.67,77.67,932,932,object_unregistered,40.0,20233.0,0.36,warning,"Unregistered object (mouse) appeared at S01 at 01:17, not present during calibration",,
evt_0540,sess_20260823_070952,S01,1,77.83,77.83,934,934,object_unregistered,40.0,20272.8,0.59,warning,"Unregistered object (bottle) appeared at S01 at 01:17, not present during calibration",,
evt_0541,sess_20260823_070952,S01,1,77.83,77.83,934,934,object_unregistered,40.0,20312.8,0.37,warning,"Unregistered object (mouse) appeared at S01 at 01:17, not present during calibration",,
evt_0542,sess_20260823_070952,S01,1,78.0,78.0,936,936,object_unregistered,40.0,20352.5,0.59,warning,"Unregistered object (bottle) appeared at S01 at 01:18, not present during calibration",,
evt_0543,sess_20260823_070952,S01,1,78.0,78.0,936,936,object_unregistered,40.0,20392.5,0.37,warning,"Unregistered object (mouse) appeared at S01 at 01:18, not present during calibration",,
evt_0544,sess_20260823_070952,S01,1,78.17,78.17,938,938,object_unregistered,40.0,20432.2,0.59,warning,"Unregistered object (bottle) appeared at S01 at 01:18, not present during calibration",,
evt_0545,sess_20260823_070952,S01,1,78.17,78.17,938,938,object_unregistered,40.0,20472.2,0.37,warning,"Unregistered object (mouse) appeared at S01 at 01:18, not present during calibration",,
evt_0546,sess_20260823_070952,S01,1,78.33,78.33,940,940,object_unregistered,40.0,20512.0,0.59,warning,"Unregistered object (bottle) appeared at S01 at 01:18, not present during calibration",,
evt_0547,sess_20260823_070952,S01,1,78.33,78.33,940,940,object_unregistered,40.0,20552.0,0.36,warning,"Unregistered object (mouse) appeared at S01 at 01:18, not present during calibration",,
evt_0548,sess_20260823_070952,S01,1,78.5,78.5,942,942,object_unregistered,40.0,20591.8,0.59,warning,"Unregistered object (bottle) appeared at S01 at 01:18, not present during calibration",,
evt_0549,sess_20260823_070952,S01,1,78.5,78.5,942,942,object_unregistered,40.0,20631.8,0.36,warning,"Unregistered object (mouse) appeared at S01 at 01:18, not present during calibration",,
evt_0550,sess_20260823_070952,S01,1,78.67,78.67,944,944,object_unregistered,40.0,20671.5,0.59,warning,"Unregistered object (bottle) appeared at S01 at 01:18, not present during calibration",,
evt_0551,sess_20260823_070952,S01,1,78.67,78.67,944,944,object_unregistered,40.0,20711.5,0.36,warning,"Unregistered object (mouse) appeared at S01 at 01:18, not present during calibration",,
evt_0552,sess_20260823_070952,S01,1,78.83,78.83,946,946,object_unregistered,40.0,20751.2,0.58,warning,"Unregistered object (bottle) appeared at S01 at 01:18, not present during calibration",,
evt_0553,sess_20260823_070952,S01,1,78.83,78.83,946,946,object_unregistered,40.0,20791.2,0.38,warning,"Unregistered object (mouse) appeared at S01 at 01:18, not present during calibration",,
evt_0554,sess_20260823_070952,S01,1,79.0,79.0,948,948,object_unregistered,40.0,20831.0,0.58,warning,"Unregistered object (bottle) appeared at S01 at 01:19, not present during calibration",,
evt_0555,sess_20260823_070952,S01,1,79.0,79.0,948,948,object_unregistered,40.0,20871.0,0.37,warning,"Unregistered object (mouse) appeared at S01 at 01:19, not present during calibration",,
evt_0556,sess_20260823_070952,S01,1,79.17,79.17,950,950,object_unregistered,40.0,20910.8,0.57,warning,"Unregistered object (bottle) appeared at S01 at 01:19, not present during calibration",,
evt_0557,sess_20260823_070952,S01,1,79.17,79.17,950,950,object_unregistered,40.0,20950.8,0.38,warning,"Unregistered object (mouse) appeared at S01 at 01:19, not present during calibration",,
evt_0558,sess_20260823_070952,S01,1,79.33,79.33,952,952,object_unregistered,40.0,20990.5,0.57,warning,"Unregistered object (bottle) appeared at S01 at 01:19, not present during calibration",,
evt_0559,sess_20260823_070952,S01,1,79.33,79.33,952,952,object_unregistered,40.0,21030.5,0.4,warning,"Unregistered object (mouse) appeared at S01 at 01:19, not present during calibration",,
evt_0560,sess_20260823_070952,S01,1,79.5,79.5,954,954,object_unregistered,40.0,21070.2,0.57,warning,"Unregistered object (bottle) appeared at S01 at 01:19, not present during calibration",,
evt_0561,sess_20260823_070952,S01,1,79.5,79.5,954,954,object_unregistered,40.0,21110.2,0.41,warning,"Unregistered object (mouse) appeared at S01 at 01:19, not present during calibration",,
evt_0562,sess_20260823_070952,S01,1,79.67,79.67,956,956,object_unregistered,40.0,21150.0,0.57,warning,"Unregistered object (bottle) appeared at S01 at 01:19, not present during calibration",,
evt_0563,sess_20260823_070952,S01,1,79.67,79.67,956,956,object_unregistered,40.0,21190.0,0.4,warning,"Unregistered object (mouse) appeared at S01 at 01:19, not present during calibration",,
evt_0564,sess_20260823_070952,S01,1,79.83,79.83,958,958,object_unregistered,40.0,21229.8,0.57,warning,"Unregistered object (bottle) appeared at S01 at 01:19, not present during calibration",,
evt_0565,sess_20260823_070952,S01,1,79.83,79.83,958,958,object_unregistered,40.0,21269.8,0.4,warning,"Unregistered object (mouse) appeared at S01 at 01:19, not present during calibration",,
evt_0566,sess_20260823_070952,S01,1,80.0,80.0,960,960,object_unregistered,40.0,21309.5,0.57,warning,"Unregistered object (bottle) appeared at S01 at 01:20, not present during calibration",,
evt_0567,sess_20260823_070952,S01,1,80.0,80.0,960,960,object_unregistered,40.0,21349.5,0.4,warning,"Unregistered object (mouse) appeared at S01 at 01:20, not present during calibration",,
evt_0568,sess_20260823_070952,S01,1,80.17,80.17,962,962,object_unregistered,40.0,21389.2,0.58,warning,"Unregistered object (bottle) appeared at S01 at 01:20, not present during calibration",,
evt_0569,sess_20260823_070952,S01,1,80.17,80.17,962,962,object_unregistered,40.0,21429.2,0.4,warning,"Unregistered object (mouse) appeared at S01 at 01:20, not present during calibration",,
evt_0570,sess_20260823_070952,S01,1,80.33,80.33,964,964,object_unregistered,40.0,21469.0,0.57,warning,"Unregistered object (bottle) appeared at S01 at 01:20, not present during calibration",,
evt_0571,sess_20260823_070952,S01,1,80.33,80.33,964,964,object_unregistered,40.0,21509.0,0.4,warning,"Unregistered object (mouse) appeared at S01 at 01:20, not present during calibration",,
evt_0572,sess_20260823_070952,S01,1,80.5,80.5,966,966,object_unregistered,40.0,21548.8,0.58,warning,"Unregistered object (bottle) appeared at S01 at 01:20, not present during calibration",,
evt_0573,sess_20260823_070952,S01,1,80.5,80.5,966,966,object_unregistered,40.0,21588.8,0.39,warning,"Unregistered object (mouse) appeared at S01 at 01:20, not present during calibration",,
evt_0574,sess_20260823_070952,S01,1,80.67,80.67,968,968,object_unregistered,40.0,21628.5,0.58,warning,"Unregistered object (bottle) appeared at S01 at 01:20, not present during calibration",,
evt_0575,sess_20260823_070952,S01,1,80.67,80.67,968,968,object_unregistered,40.0,21668.5,0.39,warning,"Unregistered object (mouse) appeared at S01 at 01:20, not present during calibration",,
evt_0576,sess_20260823_070952,S01,1,80.83,80.83,970,970,object_unregistered,40.0,21708.2,0.58,warning,"Unregistered object (bottle) appeared at S01 at 01:20, not present during calibration",,
evt_0577,sess_20260823_070952,S01,1,80.83,80.83,970,970,object_unregistered,40.0,21748.2,0.4,warning,"Unregistered object (mouse) appeared at S01 at 01:20, not present during calibration",,
evt_0578,sess_20260823_070952,S01,1,81.0,81.0,972,972,object_unregistered,40.0,21788.0,0.58,warning,"Unregistered object (bottle) appeared at S01 at 01:21, not present during calibration",,
evt_0579,sess_20260823_070952,S01,1,81.0,81.0,972,972,object_unregistered,40.0,21828.0,0.43,warning,"Unregistered object (mouse) appeared at S01 at 01:21, not present during calibration",,
evt_0580,sess_20260823_070952,S01,1,81.08,81.08,973,973,motion_spurt,20.0,21847.9,0.75,critical,"Abnormal rapid motion detected at S01 (Energy: 31.3%, Velocity: 0.0px/s)",,
evt_0581,sess_20260823_070952,S01,1,81.17,81.17,974,974,object_unregistered,40.0,21887.8,0.58,warning,"Unregistered object (bottle) appeared at S01 at 01:21, not present during calibration",,
evt_0582,sess_20260823_070952,S01,1,81.17,81.17,974,974,object_unregistered,40.0,21927.8,0.44,warning,"Unregistered object (mouse) appeared at S01 at 01:21, not present during calibration",,
evt_0583,sess_20260823_070952,S01,1,81.17,81.17,974,974,motion_spurt,20.0,21947.8,0.75,warning,"Abnormal rapid motion detected at S01 (Energy: 32.5%, Velocity: 0.0px/s)",,
evt_0584,sess_20260823_070952,S01,1,81.25,81.25,975,975,motion_spurt,20.0,21967.6,0.75,warning,"Abnormal rapid motion detected at S01 (Energy: 33.2%, Velocity: 0.0px/s)",,
evt_0585,sess_20260823_070952,S01,1,81.33,81.33,976,976,object_unregistered,40.0,22007.5,0.58,warning,"Unregistered object (bottle) appeared at S01 at 01:21, not present during calibration",,
evt_0586,sess_20260823_070952,S01,1,81.33,81.33,976,976,object_unregistered,40.0,22047.5,0.44,warning,"Unregistered object (mouse) appeared at S01 at 01:21, not present during calibration",,
evt_0587,sess_20260823_070952,S01,1,81.33,81.33,976,976,motion_spurt,20.0,22067.5,0.75,warning,"Abnormal rapid motion detected at S01 (Energy: 33.2%, Velocity: 0.0px/s)",,
evt_0588,sess_20260823_070952,S01,1,81.42,81.42,977,977,motion_spurt,20.0,22087.4,0.75,warning,"Abnormal rapid motion detected at S01 (Energy: 33.6%, Velocity: 0.0px/s)",,
evt_0589,sess_20260823_070952,S01,1,81.5,81.5,978,978,object_unregistered,40.0,22127.2,0.58,warning,"Unregistered object (bottle) appeared at S01 at 01:21, not present during calibration",,
evt_0590,sess_20260823_070952,S01,1,81.5,81.5,978,978,object_unregistered,40.0,22167.2,0.44,warning,"Unregistered object (mouse) appeared at S01 at 01:21, not present during calibration",,
evt_0591,sess_20260823_070952,S01,1,81.5,81.5,978,978,motion_spurt,20.0,22187.2,0.75,warning,"Abnormal rapid motion detected at S01 (Energy: 33.6%, Velocity: 0.0px/s)",,
evt_0592,sess_20260823_070952,S01,1,81.58,81.58,979,979,motion_spurt,20.0,22207.1,0.75,warning,"Abnormal rapid motion detected at S01 (Energy: 33.8%, Velocity: 0.0px/s)",,
evt_0593,sess_20260823_070952,S01,1,81.67,81.67,980,980,object_unregistered,40.0,22247.0,0.58,warning,"Unregistered object (bottle) appeared at S01 at 01:21, not present during calibration",,
evt_0594,sess_20260823_070952,S01,1,81.67,81.67,980,980,object_unregistered,40.0,22287.0,0.44,warning,"Unregistered object (mouse) appeared at S01 at 01:21, not present during calibration",,
evt_0595,sess_20260823_070952,S01,1,81.67,81.67,980,980,motion_spurt,20.0,22307.0,0.75,warning,"Abnormal rapid motion detected at S01 (Energy: 32.7%, Velocity: 0.0px/s)",,
evt_0596,sess_20260823_070952,S01,1,81.83,81.83,982,982,object_unregistered,40.0,22346.8,0.58,warning,"Unregistered object (bottle) appeared at S01 at 01:21, not present during calibration",,
evt_0597,sess_20260823_070952,S01,1,81.83,81.83,982,982,object_unregistered,40.0,22386.8,0.43,warning,"Unregistered object (mouse) appeared at S01 at 01:21, not present during calibration",,
evt_0598,sess_20260823_070952,S01,1,82.0,82.0,984,984,object_unregistered,40.0,22426.5,0.58,warning,"Unregistered object (bottle) appeared at S01 at 01:22, not present during calibration",,
evt_0599,sess_20260823_070952,S01,1,82.0,82.0,984,984,object_unregistered,40.0,22466.5,0.44,warning,"Unregistered object (mouse) appeared at S01 at 01:22, not present during calibration",,
evt_0600,sess_20260823_070952,S01,1,82.17,82.17,986,986,object_unregistered,40.0,22506.2,0.55,warning,"Unregistered object (bottle) appeared at S01 at 01:22, not present during calibration",,
evt_0601,sess_20260823_070952,S01,1,82.17,82.17,986,986,object_unregistered,40.0,22546.2,0.42,warning,"Unregistered object (mouse) appeared at S01 at 01:22, not present during calibration",,
evt_0602,sess_20260823_070952,S01,1,82.33,82.33,988,988,object_unregistered,40.0,22586.0,0.54,warning,"Unregistered object (bottle) appeared at S01 at 01:22, not present during calibration",,
evt_0603,sess_20260823_070952,S01,1,82.33,82.33,988,988,object_unregistered,40.0,22626.0,0.43,warning,"Unregistered object (mouse) appeared at S01 at 01:22, not present during calibration",,
evt_0604,sess_20260823_070952,S01,1,82.5,82.5,990,990,object_unregistered,40.0,22665.8,0.54,warning,"Unregistered object (bottle) appeared at S01 at 01:22, not present during calibration",,
evt_0605,sess_20260823_070952,S01,1,82.5,82.5,990,990,object_unregistered,40.0,22705.8,0.43,warning,"Unregistered object (mouse) appeared at S01 at 01:22, not present during calibration",,
evt_0606,sess_20260823_070952,S01,1,82.67,82.67,992,992,object_unregistered,40.0,22745.5,0.54,warning,"Unregistered object (bottle) appeared at S01 at 01:22, not present during calibration",,
evt_0607,sess_20260823_070952,S01,1,82.67,82.67,992,992,object_unregistered,40.0,22785.5,0.43,warning,"Unregistered object (mouse) appeared at S01 at 01:22, not present during calibration",,
evt_0608,sess_20260823_070952,S01,1,82.83,82.83,994,994,object_unregistered,40.0,22825.2,0.54,warning,"Unregistered object (bottle) appeared at S01 at 01:22, not present during calibration",,
evt_0609,sess_20260823_070952,S01,1,82.83,82.83,994,994,object_unregistered,40.0,22865.2,0.43,warning,"Unregistered object (mouse) appeared at S01 at 01:22, not present during calibration",,
evt_0610,sess_20260823_070952,S01,1,83.0,83.0,996,996,object_unregistered,40.0,22905.0,0.57,warning,"Unregistered object (bottle) appeared at S01 at 01:23, not present during calibration",,
evt_0611,sess_20260823_070952,S01,1,83.0,83.0,996,996,object_unregistered,40.0,22945.0,0.44,warning,"Unregistered object (mouse) appeared at S01 at 01:23, not present during calibration",,
evt_0612,sess_20260823_070952,S01,1,83.17,83.17,998,998,object_unregistered,40.0,22984.8,0.57,warning,"Unregistered object (bottle) appeared at S01 at 01:23, not present during calibration",,
evt_0613,sess_20260823_070952,S01,1,83.17,83.17,998,998,object_unregistered,40.0,23024.8,0.43,warning,"Unregistered object (mouse) appeared at S01 at 01:23, not present during calibration",,
evt_0614,sess_20260823_070952,S01,1,83.33,83.33,1000,1000,object_unregistered,40.0,23064.5,0.56,warning,"Unregistered object (bottle) appeared at S01 at 01:23, not present during calibration",,
evt_0615,sess_20260823_070952,S01,1,83.33,83.33,1000,1000,object_unregistered,40.0,23104.5,0.44,warning,"Unregistered object (mouse) appeared at S01 at 01:23, not present during calibration",,
evt_0616,sess_20260823_070952,S01,1,83.5,83.5,1002,1002,object_unregistered,40.0,23144.2,0.55,warning,"Unregistered object (bottle) appeared at S01 at 01:23, not present during calibration",,
evt_0617,sess_20260823_070952,S01,1,83.5,83.5,1002,1002,object_unregistered,40.0,23184.2,0.44,warning,"Unregistered object (mouse) appeared at S01 at 01:23, not present during calibration",,
evt_0618,sess_20260823_070952,S01,1,83.67,83.67,1004,1004,object_unregistered,40.0,23224.0,0.55,warning,"Unregistered object (bottle) appeared at S01 at 01:23, not present during calibration",,
evt_0619,sess_20260823_070952,S01,1,83.67,83.67,1004,1004,object_unregistered,40.0,23264.0,0.44,warning,"Unregistered object (mouse) appeared at S01 at 01:23, not present during calibration",,
evt_0620,sess_20260823_070952,S01,1,83.83,83.83,1006,1006,object_unregistered,40.0,23303.8,0.55,warning,"Unregistered object (bottle) appeared at S01 at 01:23, not present during calibration",,
evt_0621,sess_20260823_070952,S01,1,83.83,83.83,1006,1006,object_unregistered,40.0,23343.8,0.44,warning,"Unregistered object (mouse) appeared at S01 at 01:23, not present during calibration",,
evt_0622,sess_20260823_070952,S01,1,84.0,84.0,1008,1008,object_unregistered,40.0,23383.5,0.55,warning,"Unregistered object (bottle) appeared at S01 at 01:24, not present during calibration",,
evt_0623,sess_20260823_070952,S01,1,84.0,84.0,1008,1008,object_unregistered,40.0,23423.5,0.45,warning,"Unregistered object (mouse) appeared at S01 at 01:24, not present during calibration",,
evt_0624,sess_20260823_070952,S01,1,84.17,84.17,1010,1010,object_unregistered,40.0,23463.2,0.55,warning,"Unregistered object (bottle) appeared at S01 at 01:24, not present during calibration",,
evt_0625,sess_20260823_070952,S01,1,84.17,84.17,1010,1010,object_unregistered,40.0,23503.2,0.45,warning,"Unregistered object (mouse) appeared at S01 at 01:24, not present during calibration",,
evt_0626,sess_20260823_070952,S01,1,84.33,84.33,1012,1012,object_unregistered,40.0,23543.0,0.55,warning,"Unregistered object (bottle) appeared at S01 at 01:24, not present during calibration",,
evt_0627,sess_20260823_070952,S01,1,84.33,84.33,1012,1012,object_unregistered,40.0,23583.0,0.44,warning,"Unregistered object (mouse) appeared at S01 at 01:24, not present during calibration",,
evt_0628,sess_20260823_070952,S01,1,84.5,84.5,1014,1014,object_unregistered,40.0,23622.8,0.56,warning,"Unregistered object (bottle) appeared at S01 at 01:24, not present during calibration",,
evt_0629,sess_20260823_070952,S01,1,84.5,84.5,1014,1014,object_unregistered,40.0,23662.8,0.45,warning,"Unregistered object (mouse) appeared at S01 at 01:24, not present during calibration",,
evt_0630,sess_20260823_070952,S01,1,84.67,84.67,1016,1016,object_unregistered,40.0,23702.5,0.55,warning,"Unregistered object (bottle) appeared at S01 at 01:24, not present during calibration",,
evt_0631,sess_20260823_070952,S01,1,84.67,84.67,1016,1016,object_unregistered,40.0,23742.5,0.45,warning,"Unregistered object (mouse) appeared at S01 at 01:24, not present during calibration",,
evt_0632,sess_20260823_070952,S01,1,84.83,84.83,1018,1018,object_unregistered,40.0,23782.2,0.56,warning,"Unregistered object (bottle) appeared at S01 at 01:24, not present during calibration",,
evt_0633,sess_20260823_070952,S01,1,84.83,84.83,1018,1018,object_unregistered,40.0,23822.2,0.45,warning,"Unregistered object (mouse) appeared at S01 at 01:24, not present during calibration",,
evt_0634,sess_20260823_070952,S01,1,85.0,85.0,1020,1020,object_unregistered,40.0,23862.0,0.56,warning,"Unregistered object (bottle) appeared at S01 at 01:25, not present during calibration",,
evt_0635,sess_20260823_070952,S01,1,85.0,85.0,1020,1020,object_unregistered,40.0,23902.0,0.45,warning,"Unregistered object (mouse) appeared at S01 at 01:25, not present during calibration",,
evt_0636,sess_20260823_070952,S01,1,85.17,85.17,1022,1022,object_unregistered,40.0,23941.8,0.56,warning,"Unregistered object (bottle) appeared at S01 at 01:25, not present during calibration",,
evt_0637,sess_20260823_070952,S01,1,85.17,85.17,1022,1022,object_unregistered,40.0,23981.8,0.44,warning,"Unregistered object (mouse) appeared at S01 at 01:25, not present during calibration",,
evt_0638,sess_20260823_070952,S01,1,85.33,85.33,1024,1024,object_unregistered,40.0,24021.5,0.56,warning,"Unregistered object (bottle) appeared at S01 at 01:25, not present during calibration",,
evt_0639,sess_20260823_070952,S01,1,85.33,85.33,1024,1024,object_unregistered,40.0,24061.5,0.44,warning,"Unregistered object (mouse) appeared at S01 at 01:25, not present during calibration",,
evt_0640,sess_20260823_070952,S01,1,85.5,85.5,1026,1026,object_unregistered,40.0,24101.2,0.59,warning,"Unregistered object (bottle) appeared at S01 at 01:25, not present during calibration",,
evt_0641,sess_20260823_070952,S01,1,85.5,85.5,1026,1026,object_unregistered,40.0,24141.2,0.43,warning,"Unregistered object (mouse) appeared at S01 at 01:25, not present during calibration",,
evt_0642,sess_20260823_070952,S01,1,85.67,85.67,1028,1028,object_unregistered,40.0,24181.0,0.59,warning,"Unregistered object (bottle) appeared at S01 at 01:25, not present during calibration",,
evt_0643,sess_20260823_070952,S01,1,85.67,85.67,1028,1028,object_unregistered,40.0,24221.0,0.41,warning,"Unregistered object (mouse) appeared at S01 at 01:25, not present during calibration",,
evt_0644,sess_20260823_070952,S01,1,85.83,85.83,1030,1030,object_unregistered,40.0,24260.8,0.58,warning,"Unregistered object (bottle) appeared at S01 at 01:25, not present during calibration",,
evt_0645,sess_20260823_070952,S01,1,85.83,85.83,1030,1030,object_unregistered,40.0,24300.8,0.4,warning,"Unregistered object (mouse) appeared at S01 at 01:25, not present during calibration",,
evt_0646,sess_20260823_070952,S01,1,86.0,86.0,1032,1032,object_unregistered,40.0,24340.5,0.58,warning,"Unregistered object (bottle) appeared at S01 at 01:26, not present during calibration",,
evt_0647,sess_20260823_070952,S01,1,86.0,86.0,1032,1032,object_unregistered,40.0,24380.5,0.4,warning,"Unregistered object (mouse) appeared at S01 at 01:26, not present during calibration",,
evt_0648,sess_20260823_070952,S01,1,86.17,86.17,1034,1034,object_unregistered,40.0,24420.2,0.59,warning,"Unregistered object (bottle) appeared at S01 at 01:26, not present during calibration",,
evt_0649,sess_20260823_070952,S01,1,86.17,86.17,1034,1034,object_unregistered,40.0,24460.2,0.4,warning,"Unregistered object (mouse) appeared at S01 at 01:26, not present during calibration",,
evt_0650,sess_20260823_070952,S01,1,86.33,86.33,1036,1036,object_unregistered,40.0,24500.0,0.59,warning,"Unregistered object (bottle) appeared at S01 at 01:26, not present during calibration",,
evt_0651,sess_20260823_070952,S01,1,86.33,86.33,1036,1036,object_unregistered,40.0,24540.0,0.42,warning,"Unregistered object (mouse) appeared at S01 at 01:26, not present during calibration",,
evt_0652,sess_20260823_070952,S01,1,86.5,86.5,1038,1038,object_unregistered,40.0,24579.8,0.59,warning,"Unregistered object (bottle) appeared at S01 at 01:26, not present during calibration",,
evt_0653,sess_20260823_070952,S01,1,86.5,86.5,1038,1038,object_unregistered,40.0,24619.8,0.43,warning,"Unregistered object (mouse) appeared at S01 at 01:26, not present during calibration",,
evt_0654,sess_20260823_070952,S01,1,86.67,86.67,1040,1040,object_unregistered,40.0,24659.5,0.59,warning,"Unregistered object (bottle) appeared at S01 at 01:26, not present during calibration",,
evt_0655,sess_20260823_070952,S01,1,86.67,86.67,1040,1040,object_unregistered,40.0,24699.5,0.44,warning,"Unregistered object (mouse) appeared at S01 at 01:26, not present during calibration",,
evt_0656,sess_20260823_070952,S01,1,86.83,86.83,1042,1042,object_unregistered,40.0,24739.2,0.59,warning,"Unregistered object (bottle) appeared at S01 at 01:26, not present during calibration",,
evt_0657,sess_20260823_070952,S01,1,86.83,86.83,1042,1042,object_unregistered,40.0,24779.2,0.44,warning,"Unregistered object (mouse) appeared at S01 at 01:26, not present during calibration",,
evt_0658,sess_20260823_070952,S01,1,87.0,87.0,1044,1044,object_unregistered,40.0,24819.0,0.58,warning,"Unregistered object (bottle) appeared at S01 at 01:27, not present during calibration",,
evt_0659,sess_20260823_070952,S01,1,87.0,87.0,1044,1044,object_unregistered,40.0,24859.0,0.44,warning,"Unregistered object (mouse) appeared at S01 at 01:27, not present during calibration",,
evt_0660,sess_20260823_070952,S01,1,87.17,87.17,1046,1046,object_unregistered,40.0,24898.8,0.59,warning,"Unregistered object (bottle) appeared at S01 at 01:27, not present during calibration",,
evt_0661,sess_20260823_070952,S01,1,87.17,87.17,1046,1046,object_unregistered,40.0,24938.8,0.44,warning,"Unregistered object (mouse) appeared at S01 at 01:27, not present during calibration",,
evt_0662,sess_20260823_070952,S01,1,87.33,87.33,1048,1048,object_unregistered,40.0,24978.5,0.58,warning,"Unregistered object (bottle) appeared at S01 at 01:27, not present during calibration",,
evt_0663,sess_20260823_070952,S01,1,87.33,87.33,1048,1048,object_unregistered,40.0,25018.5,0.44,warning,"Unregistered object (mouse) appeared at S01 at 01:27, not present during calibration",,
evt_0664,sess_20260823_070952,S01,1,87.5,87.5,1050,1050,object_unregistered,40.0,25058.2,0.58,warning,"Unregistered object (bottle) appeared at S01 at 01:27, not present during calibration",,
evt_0665,sess_20260823_070952,S01,1,87.5,87.5,1050,1050,object_unregistered,40.0,25098.2,0.45,warning,"Unregistered object (mouse) appeared at S01 at 01:27, not present during calibration",,
evt_0666,sess_20260823_070952,S01,1,87.67,87.67,1052,1052,object_unregistered,40.0,25138.0,0.58,warning,"Unregistered object (bottle) appeared at S01 at 01:27, not present during calibration",,
evt_0667,sess_20260823_070952,S01,1,87.67,87.67,1052,1052,object_unregistered,40.0,25178.0,0.45,warning,"Unregistered object (mouse) appeared at S01 at 01:27, not present during calibration",,
evt_0668,sess_20260823_070952,S01,1,87.83,87.83,1054,1054,object_unregistered,40.0,25217.8,0.58,warning,"Unregistered object (bottle) appeared at S01 at 01:27, not present during calibration",,
evt_0669,sess_20260823_070952,S01,1,87.83,87.83,1054,1054,object_unregistered,40.0,25257.8,0.46,warning,"Unregistered object (mouse) appeared at S01 at 01:27, not present during calibration",,
evt_0670,sess_20260823_070952,S01,1,88.0,88.0,1056,1056,object_unregistered,40.0,25297.5,0.58,warning,"Unregistered object (bottle) appeared at S01 at 01:28, not present during calibration",,
evt_0671,sess_20260823_070952,S01,1,88.0,88.0,1056,1056,object_unregistered,40.0,25337.5,0.46,warning,"Unregistered object (mouse) appeared at S01 at 01:28, not present during calibration",,
evt_0672,sess_20260823_070952,S01,1,88.17,88.17,1058,1058,object_unregistered,40.0,25377.2,0.58,warning,"Unregistered object (bottle) appeared at S01 at 01:28, not present during calibration",,
evt_0673,sess_20260823_070952,S01,1,88.17,88.17,1058,1058,object_unregistered,40.0,25417.2,0.46,warning,"Unregistered object (mouse) appeared at S01 at 01:28, not present during calibration",,
evt_0674,sess_20260823_070952,S01,1,88.33,88.33,1060,1060,object_unregistered,40.0,25457.0,0.59,warning,"Unregistered object (bottle) appeared at S01 at 01:28, not present during calibration",,
evt_0675,sess_20260823_070952,S01,1,88.33,88.33,1060,1060,object_unregistered,40.0,25497.0,0.45,warning,"Unregistered object (mouse) appeared at S01 at 01:28, not present during calibration",,
evt_0676,sess_20260823_070952,S01,1,88.5,88.5,1062,1062,object_unregistered,40.0,25536.8,0.59,critical,"Unregistered object (bottle) appeared at S01 at 01:28, not present during calibration",,
evt_0677,sess_20260823_070952,S01,1,88.5,88.5,1062,1062,object_unregistered,40.0,25576.8,0.45,warning,"Unregistered object (mouse) appeared at S01 at 01:28, not present during calibration",,
evt_0678,sess_20260823_070952,S01,1,88.67,88.67,1064,1064,object_unregistered,40.0,25616.5,0.59,warning,"Unregistered object (bottle) appeared at S01 at 01:28, not present during calibration",,
evt_0679,sess_20260823_070952,S01,1,88.67,88.67,1064,1064,object_unregistered,40.0,25656.5,0.44,warning,"Unregistered object (mouse) appeared at S01 at 01:28, not present during calibration",,
evt_0680,sess_20260823_070952,S01,1,88.83,88.83,1066,1066,object_unregistered,40.0,25696.2,0.6,warning,"Unregistered object (bottle) appeared at S01 at 01:28, not present during calibration",,
evt_0681,sess_20260823_070952,S01,1,88.83,88.83,1066,1066,object_unregistered,40.0,25736.2,0.45,warning,"Unregistered object (mouse) appeared at S01 at 01:28, not present during calibration",,
evt_0682,sess_20260823_070952,S01,1,89.0,89.0,1068,1068,object_unregistered,40.0,25776.0,0.6,warning,"Unregistered object (bottle) appeared at S01 at 01:29, not present during calibration",,
evt_0683,sess_20260823_070952,S01,1,89.0,89.0,1068,1068,object_unregistered,40.0,25816.0,0.45,warning,"Unregistered object (mouse) appeared at S01 at 01:29, not present during calibration",,
evt_0684,sess_20260823_070952,S01,1,89.17,89.17,1070,1070,object_unregistered,40.0,25855.8,0.6,warning,"Unregistered object (bottle) appeared at S01 at 01:29, not present during calibration",,
evt_0685,sess_20260823_070952,S01,1,89.17,89.17,1070,1070,object_unregistered,40.0,25895.8,0.45,warning,"Unregistered object (mouse) appeared at S01 at 01:29, not present during calibration",,
evt_0686,sess_20260823_070952,S01,1,89.33,89.33,1072,1072,object_unregistered,40.0,25935.5,0.59,warning,"Unregistered object (bottle) appeared at S01 at 01:29, not present during calibration",,
evt_0687,sess_20260823_070952,S01,1,89.33,89.33,1072,1072,object_unregistered,40.0,25975.5,0.45,warning,"Unregistered object (mouse) appeared at S01 at 01:29, not present during calibration",,
evt_0688,sess_20260823_070952,S01,1,89.5,89.5,1074,1074,object_unregistered,40.0,26015.2,0.59,warning,"Unregistered object (bottle) appeared at S01 at 01:29, not present during calibration",,
evt_0689,sess_20260823_070952,S01,1,89.5,89.5,1074,1074,object_unregistered,40.0,26055.2,0.46,warning,"Unregistered object (mouse) appeared at S01 at 01:29, not present during calibration",,
evt_0690,sess_20260823_070952,S01,1,89.67,89.67,1076,1076,object_unregistered,40.0,26095.0,0.59,warning,"Unregistered object (bottle) appeared at S01 at 01:29, not present during calibration",,
evt_0691,sess_20260823_070952,S01,1,89.67,89.67,1076,1076,object_unregistered,40.0,26135.0,0.46,warning,"Unregistered object (mouse) appeared at S01 at 01:29, not present during calibration",,
evt_0692,sess_20260823_070952,S01,1,89.83,89.83,1078,1078,object_unregistered,40.0,26174.8,0.59,warning,"Unregistered object (bottle) appeared at S01 at 01:29, not present during calibration",,
evt_0693,sess_20260823_070952,S01,1,89.83,89.83,1078,1078,object_unregistered,40.0,26214.8,0.47,warning,"Unregistered object (mouse) appeared at S01 at 01:29, not present during calibration",,
evt_0694,sess_20260823_070952,S01,1,90.0,90.0,1080,1080,object_unregistered,40.0,26254.5,0.59,warning,"Unregistered object (bottle) appeared at S01 at 01:30, not present during calibration",,
evt_0695,sess_20260823_070952,S01,1,90.0,90.0,1080,1080,object_unregistered,40.0,26294.5,0.48,warning,"Unregistered object (mouse) appeared at S01 at 01:30, not present during calibration",,
evt_0696,sess_20260823_070952,S01,1,90.17,90.17,1082,1082,object_unregistered,40.0,26334.2,0.59,warning,"Unregistered object (bottle) appeared at S01 at 01:30, not present during calibration",,
evt_0697,sess_20260823_070952,S01,1,90.17,90.17,1082,1082,object_unregistered,40.0,26374.2,0.48,warning,"Unregistered object (mouse) appeared at S01 at 01:30, not present during calibration",,
evt_0698,sess_20260823_070952,S01,1,90.33,90.33,1084,1084,object_unregistered,40.0,26414.0,0.59,warning,"Unregistered object (bottle) appeared at S01 at 01:30, not present during calibration",,
evt_0699,sess_20260823_070952,S01,1,90.33,90.33,1084,1084,object_unregistered,40.0,26454.0,0.48,warning,"Unregistered object (mouse) appeared at S01 at 01:30, not present during calibration",,
evt_0700,sess_20260823_070952,S01,1,90.5,90.5,1086,1086,object_unregistered,40.0,26493.8,0.59,warning,"Unregistered object (bottle) appeared at S01 at 01:30, not present during calibration",,
evt_0701,sess_20260823_070952,S01,1,90.5,90.5,1086,1086,object_unregistered,40.0,26533.8,0.48,warning,"Unregistered object (mouse) appeared at S01 at 01:30, not present during calibration",,
evt_0702,sess_20260823_070952,S01,1,90.67,90.67,1088,1088,object_unregistered,40.0,26573.5,0.59,warning,"Unregistered object (bottle) appeared at S01 at 01:30, not present during calibration",,
evt_0703,sess_20260823_070952,S01,1,90.67,90.67,1088,1088,object_unregistered,40.0,26613.5,0.48,warning,"Unregistered object (mouse) appeared at S01 at 01:30, not present during calibration",,
evt_0704,sess_20260823_070952,S01,1,90.83,90.83,1090,1090,object_unregistered,40.0,26653.2,0.59,warning,"Unregistered object (bottle) appeared at S01 at 01:30, not present during calibration",,
evt_0705,sess_20260823_070952,S01,1,90.83,90.83,1090,1090,object_unregistered,40.0,26693.2,0.47,warning,"Unregistered object (mouse) appeared at S01 at 01:30, not present during calibration",,
evt_0706,sess_20260823_070952,S01,1,91.0,91.0,1092,1092,object_unregistered,40.0,26733.0,0.58,warning,"Unregistered object (bottle) appeared at S01 at 01:31, not present during calibration",,
evt_0707,sess_20260823_070952,S01,1,91.0,91.0,1092,1092,object_unregistered,40.0,26773.0,0.47,warning,"Unregistered object (mouse) appeared at S01 at 01:31, not present during calibration",,
evt_0708,sess_20260823_070952,S01,1,91.17,91.17,1094,1094,object_unregistered,40.0,26812.8,0.58,warning,"Unregistered object (bottle) appeared at S01 at 01:31, not present during calibration",,
evt_0709,sess_20260823_070952,S01,1,91.17,91.17,1094,1094,object_unregistered,40.0,26852.8,0.47,warning,"Unregistered object (mouse) appeared at S01 at 01:31, not present during calibration",,
evt_0710,sess_20260823_070952,S01,1,91.33,91.33,1096,1096,object_unregistered,40.0,26892.5,0.59,warning,"Unregistered object (bottle) appeared at S01 at 01:31, not present during calibration",,
evt_0711,sess_20260823_070952,S01,1,91.33,91.33,1096,1096,object_unregistered,40.0,26932.5,0.47,warning,"Unregistered object (mouse) appeared at S01 at 01:31, not present during calibration",,
evt_0712,sess_20260823_070952,S01,1,91.5,91.5,1098,1098,object_unregistered,40.0,26972.2,0.59,warning,"Unregistered object (bottle) appeared at S01 at 01:31, not present during calibration",,
evt_0713,sess_20260823_070952,S01,1,91.5,91.5,1098,1098,object_unregistered,40.0,27012.2,0.47,warning,"Unregistered object (mouse) appeared at S01 at 01:31, not present during calibration",,
evt_0714,sess_20260823_070952,S01,1,91.67,91.67,1100,1100,object_unregistered,40.0,27052.0,0.59,warning,"Unregistered object (bottle) appeared at S01 at 01:31, not present during calibration",,
evt_0715,sess_20260823_070952,S01,1,91.67,91.67,1100,1100,object_unregistered,40.0,27092.0,0.47,warning,"Unregistered object (mouse) appeared at S01 at 01:31, not present during calibration",,
evt_0716,sess_20260823_070952,S01,1,91.83,91.83,1102,1102,object_unregistered,40.0,27131.8,0.59,warning,"Unregistered object (bottle) appeared at S01 at 01:31, not present during calibration",,
evt_0717,sess_20260823_070952,S01,1,91.83,91.83,1102,1102,object_unregistered,40.0,27171.8,0.47,warning,"Unregistered object (mouse) appeared at S01 at 01:31, not present during calibration",,
evt_0718,sess_20260823_070952,S01,1,92.0,92.0,1104,1104,object_unregistered,40.0,27211.5,0.59,warning,"Unregistered object (bottle) appeared at S01 at 01:32, not present during calibration",,
evt_0719,sess_20260823_070952,S01,1,92.0,92.0,1104,1104,object_unregistered,40.0,27251.5,0.47,warning,"Unregistered object (mouse) appeared at S01 at 01:32, not present during calibration",,
evt_0720,sess_20260823_070952,S01,1,92.17,92.17,1106,1106,object_unregistered,40.0,27291.2,0.6,warning,"Unregistered object (bottle) appeared at S01 at 01:32, not present during calibration",,
evt_0721,sess_20260823_070952,S01,1,92.17,92.17,1106,1106,object_unregistered,40.0,27331.2,0.46,warning,"Unregistered object (mouse) appeared at S01 at 01:32, not present during calibration",,
evt_0722,sess_20260823_070952,S01,1,92.33,92.33,1108,1108,object_unregistered,40.0,27371.0,0.6,warning,"Unregistered object (bottle) appeared at S01 at 01:32, not present during calibration",,
evt_0723,sess_20260823_070952,S01,1,92.33,92.33,1108,1108,object_unregistered,40.0,27411.0,0.46,warning,"Unregistered object (mouse) appeared at S01 at 01:32, not present during calibration",,
evt_0724,sess_20260823_070952,S01,1,92.5,92.5,1110,1110,object_unregistered,40.0,27450.8,0.6,warning,"Unregistered object (bottle) appeared at S01 at 01:32, not present during calibration",,
evt_0725,sess_20260823_070952,S01,1,92.5,92.5,1110,1110,object_unregistered,40.0,27490.8,0.47,warning,"Unregistered object (mouse) appeared at S01 at 01:32, not present during calibration",,
evt_0726,sess_20260823_070952,S01,1,92.67,92.67,1112,1112,object_unregistered,40.0,27530.5,0.59,warning,"Unregistered object (bottle) appeared at S01 at 01:32, not present during calibration",,
evt_0727,sess_20260823_070952,S01,1,92.67,92.67,1112,1112,object_unregistered,40.0,27570.5,0.46,warning,"Unregistered object (mouse) appeared at S01 at 01:32, not present during calibration",,
evt_0728,sess_20260823_070952,S01,1,92.83,92.83,1114,1114,object_unregistered,40.0,27610.2,0.6,warning,"Unregistered object (bottle) appeared at S01 at 01:32, not present during calibration",,
evt_0729,sess_20260823_070952,S01,1,92.83,92.83,1114,1114,object_unregistered,40.0,27650.2,0.46,warning,"Unregistered object (mouse) appeared at S01 at 01:32, not present during calibration",,
evt_0730,sess_20260823_070952,S01,1,93.0,93.0,1116,1116,object_unregistered,40.0,27690.0,0.6,warning,"Unregistered object (bottle) appeared at S01 at 01:33, not present during calibration",,
evt_0731,sess_20260823_070952,S01,1,93.0,93.0,1116,1116,object_unregistered,40.0,27730.0,0.46,warning,"Unregistered object (mouse) appeared at S01 at 01:33, not present during calibration",,
evt_0732,sess_20260823_070952,S01,1,93.17,93.17,1118,1118,object_unregistered,40.0,27769.8,0.6,warning,"Unregistered object (bottle) appeared at S01 at 01:33, not present during calibration",,
evt_0733,sess_20260823_070952,S01,1,93.17,93.17,1118,1118,object_unregistered,40.0,27809.8,0.45,warning,"Unregistered object (mouse) appeared at S01 at 01:33, not present during calibration",,
evt_0734,sess_20260823_070952,S01,1,93.33,93.33,1120,1120,object_unregistered,40.0,27849.5,0.6,warning,"Unregistered object (bottle) appeared at S01 at 01:33, not present during calibration",,
evt_0735,sess_20260823_070952,S01,1,93.33,93.33,1120,1120,object_unregistered,40.0,27889.5,0.45,warning,"Unregistered object (mouse) appeared at S01 at 01:33, not present during calibration",,
evt_0736,sess_20260823_070952,S01,1,93.5,93.5,1122,1122,object_unregistered,40.0,27929.2,0.6,warning,"Unregistered object (bottle) appeared at S01 at 01:33, not present during calibration",,
evt_0737,sess_20260823_070952,S01,1,93.5,93.5,1122,1122,object_unregistered,40.0,27969.2,0.45,warning,"Unregistered object (mouse) appeared at S01 at 01:33, not present during calibration",,
evt_0738,sess_20260823_070952,S01,1,93.67,93.67,1124,1124,object_unregistered,40.0,28009.0,0.59,warning,"Unregistered object (bottle) appeared at S01 at 01:33, not present during calibration",,
evt_0739,sess_20260823_070952,S01,1,93.67,93.67,1124,1124,object_unregistered,40.0,28049.0,0.46,warning,"Unregistered object (mouse) appeared at S01 at 01:33, not present during calibration",,
evt_0740,sess_20260823_070952,S01,1,93.83,93.83,1126,1126,object_unregistered,40.0,28088.8,0.59,warning,"Unregistered object (bottle) appeared at S01 at 01:33, not present during calibration",,
evt_0741,sess_20260823_070952,S01,1,93.83,93.83,1126,1126,object_unregistered,40.0,28128.8,0.46,warning,"Unregistered object (mouse) appeared at S01 at 01:33, not present during calibration",,
evt_0742,sess_20260823_070952,S01,1,94.0,94.0,1128,1128,object_unregistered,40.0,28168.5,0.59,warning,"Unregistered object (bottle) appeared at S01 at 01:34, not present during calibration",,
evt_0743,sess_20260823_070952,S01,1,94.0,94.0,1128,1128,object_unregistered,40.0,28208.5,0.46,warning,"Unregistered object (mouse) appeared at S01 at 01:34, not present during calibration",,
evt_0744,sess_20260823_070952,S01,1,94.17,94.17,1130,1130,object_unregistered,40.0,28248.2,0.6,warning,"Unregistered object (bottle) appeared at S01 at 01:34, not present during calibration",,
evt_0745,sess_20260823_070952,S01,1,94.17,94.17,1130,1130,object_unregistered,40.0,28288.2,0.46,warning,"Unregistered object (mouse) appeared at S01 at 01:34, not present during calibration",,
evt_0746,sess_20260823_070952,S01,1,94.33,94.33,1132,1132,object_unregistered,40.0,28328.0,0.6,warning,"Unregistered object (bottle) appeared at S01 at 01:34, not present during calibration",,
evt_0747,sess_20260823_070952,S01,1,94.33,94.33,1132,1132,object_unregistered,40.0,28368.0,0.45,warning,"Unregistered object (mouse) appeared at S01 at 01:34, not present during calibration",,
evt_0748,sess_20260823_070952,S01,1,94.5,94.5,1134,1134,object_unregistered,40.0,28407.8,0.59,warning,"Unregistered object (bottle) appeared at S01 at 01:34, not present during calibration",,
evt_0749,sess_20260823_070952,S01,1,94.5,94.5,1134,1134,object_unregistered,40.0,28447.8,0.45,warning,"Unregistered object (mouse) appeared at S01 at 01:34, not present during calibration",,
evt_0750,sess_20260823_070952,S01,1,94.67,94.67,1136,1136,object_unregistered,40.0,28487.5,0.59,warning,"Unregistered object (bottle) appeared at S01 at 01:34, not present during calibration",,
evt_0751,sess_20260823_070952,S01,1,94.67,94.67,1136,1136,object_unregistered,40.0,28527.5,0.44,warning,"Unregistered object (mouse) appeared at S01 at 01:34, not present during calibration",,
evt_0752,sess_20260823_070952,S01,1,94.83,94.83,1138,1138,object_unregistered,40.0,28567.2,0.59,warning,"Unregistered object (bottle) appeared at S01 at 01:34, not present during calibration",,
evt_0753,sess_20260823_070952,S01,1,94.83,94.83,1138,1138,object_unregistered,40.0,28607.2,0.44,warning,"Unregistered object (mouse) appeared at S01 at 01:34, not present during calibration",,
evt_0754,sess_20260823_070952,S01,1,95.0,95.0,1140,1140,object_unregistered,40.0,28647.0,0.59,warning,"Unregistered object (bottle) appeared at S01 at 01:35, not present during calibration",,
evt_0755,sess_20260823_070952,S01,1,95.0,95.0,1140,1140,object_unregistered,40.0,28687.0,0.44,warning,"Unregistered object (mouse) appeared at S01 at 01:35, not present during calibration",,
evt_0756,sess_20260823_070952,S01,1,95.17,95.17,1142,1142,object_unregistered,40.0,28726.8,0.59,warning,"Unregistered object (bottle) appeared at S01 at 01:35, not present during calibration",,
evt_0757,sess_20260823_070952,S01,1,95.17,95.17,1142,1142,object_unregistered,40.0,28766.8,0.44,warning,"Unregistered object (mouse) appeared at S01 at 01:35, not present during calibration",,
evt_0758,sess_20260823_070952,S01,1,95.33,95.33,1144,1144,object_unregistered,40.0,28806.5,0.59,warning,"Unregistered object (bottle) appeared at S01 at 01:35, not present during calibration",,
evt_0759,sess_20260823_070952,S01,1,95.33,95.33,1144,1144,object_unregistered,40.0,28846.5,0.44,warning,"Unregistered object (mouse) appeared at S01 at 01:35, not present during calibration",,
evt_0760,sess_20260823_070952,S01,1,95.5,95.5,1146,1146,object_unregistered,40.0,28886.2,0.6,warning,"Unregistered object (bottle) appeared at S01 at 01:35, not present during calibration",,
evt_0761,sess_20260823_070952,S01,1,95.5,95.5,1146,1146,object_unregistered,40.0,28926.2,0.4,warning,"Unregistered object (mouse) appeared at S01 at 01:35, not present during calibration",,
evt_0762,sess_20260823_070952,S01,1,95.67,95.67,1148,1148,object_unregistered,40.0,28966.0,0.59,warning,"Unregistered object (bottle) appeared at S01 at 01:35, not present during calibration",,
evt_0763,sess_20260823_070952,S01,1,95.67,95.67,1148,1148,object_unregistered,40.0,29006.0,0.41,warning,"Unregistered object (mouse) appeared at S01 at 01:35, not present during calibration",,
evt_0764,sess_20260823_070952,S01,1,95.83,95.83,1150,1150,object_unregistered,40.0,29045.8,0.6,warning,"Unregistered object (bottle) appeared at S01 at 01:35, not present during calibration",,
evt_0765,sess_20260823_070952,S01,1,95.83,95.83,1150,1150,object_unregistered,40.0,29085.8,0.39,warning,"Unregistered object (mouse) appeared at S01 at 01:35, not present during calibration",,
evt_0766,sess_20260823_070952,S01,1,96.0,96.0,1152,1152,object_unregistered,40.0,29125.5,0.6,warning,"Unregistered object (bottle) appeared at S01 at 01:36, not present during calibration",,
evt_0767,sess_20260823_070952,S01,1,96.0,96.0,1152,1152,object_unregistered,40.0,29165.5,0.41,warning,"Unregistered object (mouse) appeared at S01 at 01:36, not present during calibration",,
evt_0768,sess_20260823_070952,S01,1,96.17,96.17,1154,1154,object_unregistered,40.0,29205.2,0.6,warning,"Unregistered object (bottle) appeared at S01 at 01:36, not present during calibration",,
evt_0769,sess_20260823_070952,S01,1,96.17,96.17,1154,1154,object_unregistered,40.0,29245.2,0.41,warning,"Unregistered object (mouse) appeared at S01 at 01:36, not present during calibration",,
evt_0770,sess_20260823_070952,S01,1,96.33,96.33,1156,1156,object_unregistered,40.0,29285.0,0.6,warning,"Unregistered object (bottle) appeared at S01 at 01:36, not present during calibration",,
evt_0771,sess_20260823_070952,S01,1,96.33,96.33,1156,1156,object_unregistered,40.0,29325.0,0.41,warning,"Unregistered object (mouse) appeared at S01 at 01:36, not present during calibration",,
evt_0772,sess_20260823_070952,S01,1,96.5,96.5,1158,1158,object_unregistered,40.0,29364.8,0.6,warning,"Unregistered object (bottle) appeared at S01 at 01:36, not present during calibration",,
evt_0773,sess_20260823_070952,S01,1,96.5,96.5,1158,1158,object_unregistered,40.0,29404.8,0.4,warning,"Unregistered object (mouse) appeared at S01 at 01:36, not present during calibration",,
evt_0774,sess_20260823_070952,S01,1,96.67,96.67,1160,1160,object_unregistered,40.0,29444.5,0.6,warning,"Unregistered object (bottle) appeared at S01 at 01:36, not present during calibration",,
evt_0775,sess_20260823_070952,S01,1,96.67,96.67,1160,1160,object_unregistered,40.0,29484.5,0.41,warning,"Unregistered object (mouse) appeared at S01 at 01:36, not present during calibration",,
evt_0776,sess_20260823_070952,S01,1,96.83,96.83,1162,1162,object_unregistered,40.0,29524.2,0.6,warning,"Unregistered object (bottle) appeared at S01 at 01:36, not present during calibration",,
evt_0777,sess_20260823_070952,S01,1,96.83,96.83,1162,1162,object_unregistered,40.0,29564.2,0.41,warning,"Unregistered object (mouse) appeared at S01 at 01:36, not present during calibration",,
evt_0778,sess_20260823_070952,S01,1,97.0,97.0,1164,1164,object_unregistered,40.0,29604.0,0.6,warning,"Unregistered object (bottle) appeared at S01 at 01:37, not present during calibration",,
evt_0779,sess_20260823_070952,S01,1,97.0,97.0,1164,1164,object_unregistered,40.0,29644.0,0.4,warning,"Unregistered object (mouse) appeared at S01 at 01:37, not present during calibration",,
evt_0780,sess_20260823_070952,S01,1,97.17,97.17,1166,1166,object_unregistered,40.0,29683.8,0.6,warning,"Unregistered object (bottle) appeared at S01 at 01:37, not present during calibration",,
evt_0781,sess_20260823_070952,S01,1,97.17,97.17,1166,1166,object_unregistered,40.0,29723.8,0.4,warning,"Unregistered object (mouse) appeared at S01 at 01:37, not present during calibration",,
evt_0782,sess_20260823_070952,S01,1,97.33,97.33,1168,1168,object_unregistered,40.0,29763.5,0.6,warning,"Unregistered object (bottle) appeared at S01 at 01:37, not present during calibration",,
evt_0783,sess_20260823_070952,S01,1,97.33,97.33,1168,1168,object_unregistered,40.0,29803.5,0.41,warning,"Unregistered object (mouse) appeared at S01 at 01:37, not present during calibration",,
evt_0784,sess_20260823_070952,S01,1,97.5,97.5,1170,1170,object_unregistered,40.0,29843.2,0.6,warning,"Unregistered object (bottle) appeared at S01 at 01:37, not present during calibration",,
evt_0785,sess_20260823_070952,S01,1,97.5,97.5,1170,1170,object_unregistered,40.0,29883.2,0.41,warning,"Unregistered object (mouse) appeared at S01 at 01:37, not present during calibration",,
evt_0786,sess_20260823_070952,S01,1,97.67,97.67,1172,1172,object_unregistered,40.0,29923.0,0.6,warning,"Unregistered object (bottle) appeared at S01 at 01:37, not present during calibration",,
evt_0787,sess_20260823_070952,S01,1,97.67,97.67,1172,1172,object_unregistered,40.0,29963.0,0.39,warning,"Unregistered object (mouse) appeared at S01 at 01:37, not present during calibration",,
evt_0788,sess_20260823_070952,S01,1,97.83,97.83,1174,1174,object_unregistered,40.0,30002.8,0.6,warning,"Unregistered object (bottle) appeared at S01 at 01:37, not present during calibration",,
evt_0789,sess_20260823_070952,S01,1,97.83,97.83,1174,1174,object_unregistered,40.0,30042.8,0.39,warning,"Unregistered object (mouse) appeared at S01 at 01:37, not present during calibration",,
evt_0790,sess_20260823_070952,S01,1,98.0,98.0,1176,1176,object_unregistered,40.0,30082.5,0.6,warning,"Unregistered object (bottle) appeared at S01 at 01:38, not present during calibration",,
evt_0791,sess_20260823_070952,S01,1,98.0,98.0,1176,1176,object_unregistered,40.0,30122.5,0.39,warning,"Unregistered object (mouse) appeared at S01 at 01:38, not present during calibration",,
evt_0792,sess_20260823_070952,S01,1,98.17,98.17,1178,1178,object_unregistered,40.0,30162.2,0.6,warning,"Unregistered object (bottle) appeared at S01 at 01:38, not present during calibration",,
evt_0793,sess_20260823_070952,S01,1,98.17,98.17,1178,1178,object_unregistered,40.0,30202.2,0.39,warning,"Unregistered object (mouse) appeared at S01 at 01:38, not present during calibration",,
evt_0794,sess_20260823_070952,S01,1,98.33,98.33,1180,1180,object_unregistered,40.0,30242.0,0.6,warning,"Unregistered object (bottle) appeared at S01 at 01:38, not present during calibration",,
evt_0795,sess_20260823_070952,S01,1,98.33,98.33,1180,1180,object_unregistered,40.0,30282.0,0.39,warning,"Unregistered object (mouse) appeared at S01 at 01:38, not present during calibration",,
evt_0796,sess_20260823_070952,S01,1,98.5,98.5,1182,1182,object_unregistered,40.0,30321.8,0.6,warning,"Unregistered object (bottle) appeared at S01 at 01:38, not present during calibration",,
evt_0797,sess_20260823_070952,S01,1,98.5,98.5,1182,1182,object_unregistered,40.0,30361.8,0.4,warning,"Unregistered object (mouse) appeared at S01 at 01:38, not present during calibration",,
evt_0798,sess_20260823_070952,S01,1,98.67,98.67,1184,1184,object_unregistered,40.0,30401.5,0.6,warning,"Unregistered object (bottle) appeared at S01 at 01:38, not present during calibration",,
evt_0799,sess_20260823_070952,S01,1,98.67,98.67,1184,1184,object_unregistered,40.0,30441.5,0.4,warning,"Unregistered object (mouse) appeared at S01 at 01:38, not present during calibration",,
evt_0800,sess_20260823_070952,S01,1,98.83,98.83,1186,1186,object_unregistered,40.0,30481.2,0.6,warning,"Unregistered object (bottle) appeared at S01 at 01:38, not present during calibration",,
evt_0801,sess_20260823_070952,S01,1,98.83,98.83,1186,1186,object_unregistered,40.0,30521.2,0.39,warning,"Unregistered object (mouse) appeared at S01 at 01:38, not present during calibration",,
evt_0802,sess_20260823_070952,S01,1,99.0,99.0,1188,1188,object_unregistered,40.0,30561.0,0.6,warning,"Unregistered object (bottle) appeared at S01 at 01:39, not present during calibration",,
evt_0803,sess_20260823_070952,S01,1,99.0,99.0,1188,1188,object_unregistered,40.0,30601.0,0.39,warning,"Unregistered object (mouse) appeared at S01 at 01:39, not present during calibration",,
evt_0804,sess_20260823_070952,S01,1,99.17,99.17,1190,1190,object_unregistered,40.0,30640.8,0.6,warning,"Unregistered object (bottle) appeared at S01 at 01:39, not present during calibration",,
evt_0805,sess_20260823_070952,S01,1,99.17,99.17,1190,1190,object_unregistered,40.0,30680.8,0.39,warning,"Unregistered object (mouse) appeared at S01 at 01:39, not present during calibration",,
evt_0806,sess_20260823_070952,S01,1,99.33,99.33,1192,1192,object_unregistered,40.0,30720.5,0.6,warning,"Unregistered object (bottle) appeared at S01 at 01:39, not present during calibration",,
evt_0807,sess_20260823_070952,S01,1,99.33,99.33,1192,1192,object_unregistered,40.0,30760.5,0.39,warning,"Unregistered object (mouse) appeared at S01 at 01:39, not present during calibration",,
evt_0808,sess_20260823_070952,S01,1,99.5,99.5,1194,1194,object_unregistered,40.0,30800.2,0.6,warning,"Unregistered object (bottle) appeared at S01 at 01:39, not present during calibration",,
evt_0809,sess_20260823_070952,S01,1,99.5,99.5,1194,1194,object_unregistered,40.0,30840.2,0.39,warning,"Unregistered object (mouse) appeared at S01 at 01:39, not present during calibration",,
evt_0810,sess_20260823_070952,S01,1,99.67,99.67,1196,1196,object_unregistered,40.0,30880.0,0.6,warning,"Unregistered object (bottle) appeared at S01 at 01:39, not present during calibration",,
evt_0811,sess_20260823_070952,S01,1,99.67,99.67,1196,1196,object_unregistered,40.0,30920.0,0.4,warning,"Unregistered object (mouse) appeared at S01 at 01:39, not present during calibration",,
evt_0812,sess_20260823_070952,S01,1,99.83,99.83,1198,1198,object_unregistered,40.0,30959.8,0.6,warning,"Unregistered object (bottle) appeared at S01 at 01:39, not present during calibration",,
evt_0813,sess_20260823_070952,S01,1,99.83,99.83,1198,1198,object_unregistered,40.0,30999.8,0.4,warning,"Unregistered object (mouse) appeared at S01 at 01:39, not present during calibration",,
evt_0814,sess_20260823_070952,S01,1,100.0,100.0,1200,1200,object_unregistered,40.0,31039.5,0.6,warning,"Unregistered object (bottle) appeared at S01 at 01:40, not present during calibration",,
evt_0815,sess_20260823_070952,S01,1,100.0,100.0,1200,1200,object_unregistered,40.0,31079.5,0.38,warning,"Unregistered object (mouse) appeared at S01 at 01:40, not present during calibration",,
evt_0816,sess_20260823_070952,S01,1,100.17,100.17,1202,1202,object_unregistered,40.0,31119.2,0.6,warning,"Unregistered object (bottle) appeared at S01 at 01:40, not present during calibration",,
evt_0817,sess_20260823_070952,S01,1,100.17,100.17,1202,1202,object_unregistered,40.0,31159.2,0.38,warning,"Unregistered object (mouse) appeared at S01 at 01:40, not present during calibration",,
evt_0818,sess_20260823_070952,S01,1,100.33,100.33,1204,1204,object_unregistered,40.0,31199.0,0.6,warning,"Unregistered object (bottle) appeared at S01 at 01:40, not present during calibration",,
evt_0819,sess_20260823_070952,S01,1,100.33,100.33,1204,1204,object_unregistered,40.0,31239.0,0.38,warning,"Unregistered object (mouse) appeared at S01 at 01:40, not present during calibration",,
evt_0820,sess_20260823_070952,S01,1,100.5,100.5,1206,1206,object_unregistered,40.0,31278.8,0.6,warning,"Unregistered object (bottle) appeared at S01 at 01:40, not present during calibration",,
evt_0821,sess_20260823_070952,S01,1,100.5,100.5,1206,1206,object_unregistered,40.0,31318.8,0.39,warning,"Unregistered object (mouse) appeared at S01 at 01:40, not present during calibration",,
evt_0822,sess_20260823_070952,S01,1,100.67,100.67,1208,1208,object_unregistered,40.0,31358.5,0.6,warning,"Unregistered object (bottle) appeared at S01 at 01:40, not present during calibration",,
evt_0823,sess_20260823_070952,S01,1,100.67,100.67,1208,1208,object_unregistered,40.0,31398.5,0.39,warning,"Unregistered object (mouse) appeared at S01 at 01:40, not present during calibration",,
evt_0824,sess_20260823_070952,S01,1,100.83,100.83,1210,1210,object_unregistered,40.0,31438.2,0.61,warning,"Unregistered object (bottle) appeared at S01 at 01:40, not present during calibration",,
evt_0825,sess_20260823_070952,S01,1,100.83,100.83,1210,1210,object_unregistered,40.0,31478.2,0.39,warning,"Unregistered object (mouse) appeared at S01 at 01:40, not present during calibration",,
evt_0826,sess_20260823_070952,S01,1,101.0,101.0,1212,1212,object_unregistered,40.0,31518.0,0.61,warning,"Unregistered object (bottle) appeared at S01 at 01:41, not present during calibration",,
evt_0827,sess_20260823_070952,S01,1,101.0,101.0,1212,1212,object_unregistered,40.0,31558.0,0.4,warning,"Unregistered object (mouse) appeared at S01 at 01:41, not present during calibration",,
evt_0828,sess_20260823_070952,S01,1,101.17,101.17,1214,1214,object_unregistered,40.0,31597.8,0.61,warning,"Unregistered object (bottle) appeared at S01 at 01:41, not present during calibration",,
evt_0829,sess_20260823_070952,S01,1,101.17,101.17,1214,1214,object_unregistered,40.0,31637.8,0.39,warning,"Unregistered object (mouse) appeared at S01 at 01:41, not present during calibration",,
evt_0830,sess_20260823_070952,S01,1,101.33,101.33,1216,1216,object_unregistered,40.0,31677.5,0.61,warning,"Unregistered object (bottle) appeared at S01 at 01:41, not present during calibration",,
evt_0831,sess_20260823_070952,S01,1,101.33,101.33,1216,1216,object_unregistered,40.0,31717.5,0.39,warning,"Unregistered object (mouse) appeared at S01 at 01:41, not present during calibration",,
evt_0832,sess_20260823_070952,S01,1,101.5,101.5,1218,1218,object_unregistered,40.0,31757.2,0.61,warning,"Unregistered object (bottle) appeared at S01 at 01:41, not present during calibration",,
evt_0833,sess_20260823_070952,S01,1,101.5,101.5,1218,1218,object_unregistered,40.0,31797.2,0.4,warning,"Unregistered object (mouse) appeared at S01 at 01:41, not present during calibration",,
evt_0834,sess_20260823_070952,S01,1,101.67,101.67,1220,1220,object_unregistered,40.0,31837.0,0.61,warning,"Unregistered object (bottle) appeared at S01 at 01:41, not present during calibration",,
evt_0835,sess_20260823_070952,S01,1,101.67,101.67,1220,1220,object_unregistered,40.0,31877.0,0.39,warning,"Unregistered object (mouse) appeared at S01 at 01:41, not present during calibration",,
evt_0836,sess_20260823_070952,S01,1,101.83,101.83,1222,1222,object_unregistered,40.0,31916.8,0.61,warning,"Unregistered object (bottle) appeared at S01 at 01:41, not present during calibration",,
evt_0837,sess_20260823_070952,S01,1,101.83,101.83,1222,1222,object_unregistered,40.0,31956.8,0.4,warning,"Unregistered object (mouse) appeared at S01 at 01:41, not present during calibration",,
evt_0838,sess_20260823_070952,S01,1,102.0,102.0,1224,1224,object_unregistered,40.0,31996.5,0.61,warning,"Unregistered object (bottle) appeared at S01 at 01:42, not present during calibration",,
evt_0839,sess_20260823_070952,S01,1,102.0,102.0,1224,1224,object_unregistered,40.0,32036.5,0.4,warning,"Unregistered object (mouse) appeared at S01 at 01:42, not present during calibration",,
evt_0840,sess_20260823_070952,S01,1,102.17,102.17,1226,1226,object_unregistered,40.0,32076.2,0.6,warning,"Unregistered object (bottle) appeared at S01 at 01:42, not present during calibration",,
evt_0841,sess_20260823_070952,S01,1,102.17,102.17,1226,1226,object_unregistered,40.0,32116.2,0.39,warning,"Unregistered object (mouse) appeared at S01 at 01:42, not present during calibration",,
evt_0842,sess_20260823_070952,S01,1,102.33,102.33,1228,1228,object_unregistered,40.0,32156.0,0.6,warning,"Unregistered object (bottle) appeared at S01 at 01:42, not present during calibration",,
evt_0843,sess_20260823_070952,S01,1,102.33,102.33,1228,1228,object_unregistered,40.0,32196.0,0.41,warning,"Unregistered object (mouse) appeared at S01 at 01:42, not present during calibration",,
evt_0844,sess_20260823_070952,S01,1,102.5,102.5,1230,1230,object_unregistered,40.0,32235.8,0.6,warning,"Unregistered object (bottle) appeared at S01 at 01:42, not present during calibration",,
evt_0845,sess_20260823_070952,S01,1,102.5,102.5,1230,1230,object_unregistered,40.0,32275.8,0.41,warning,"Unregistered object (mouse) appeared at S01 at 01:42, not present during calibration",,
evt_0846,sess_20260823_070952,S01,1,102.67,102.67,1232,1232,object_unregistered,40.0,32315.5,0.6,warning,"Unregistered object (bottle) appeared at S01 at 01:42, not present during calibration",,
evt_0847,sess_20260823_070952,S01,1,102.67,102.67,1232,1232,object_unregistered,40.0,32355.5,0.41,warning,"Unregistered object (mouse) appeared at S01 at 01:42, not present during calibration",,
evt_0848,sess_20260823_070952,S01,1,102.83,102.83,1234,1234,object_unregistered,40.0,32395.2,0.6,warning,"Unregistered object (bottle) appeared at S01 at 01:42, not present during calibration",,
evt_0849,sess_20260823_070952,S01,1,102.83,102.83,1234,1234,object_unregistered,40.0,32435.2,0.41,warning,"Unregistered object (mouse) appeared at S01 at 01:42, not present during calibration",,
evt_0850,sess_20260823_070952,S01,1,103.0,103.0,1236,1236,object_unregistered,40.0,32475.0,0.6,warning,"Unregistered object (bottle) appeared at S01 at 01:43, not present during calibration",,
evt_0851,sess_20260823_070952,S01,1,103.0,103.0,1236,1236,object_unregistered,40.0,32515.0,0.42,warning,"Unregistered object (mouse) appeared at S01 at 01:43, not present during calibration",,
evt_0852,sess_20260823_070952,S01,1,103.17,103.17,1238,1238,object_unregistered,40.0,32554.8,0.6,warning,"Unregistered object (bottle) appeared at S01 at 01:43, not present during calibration",,
evt_0853,sess_20260823_070952,S01,1,103.17,103.17,1238,1238,object_unregistered,40.0,32594.8,0.41,warning,"Unregistered object (mouse) appeared at S01 at 01:43, not present during calibration",,
evt_0854,sess_20260823_070952,S01,1,103.33,103.33,1240,1240,object_unregistered,40.0,32634.5,0.6,warning,"Unregistered object (bottle) appeared at S01 at 01:43, not present during calibration",,
evt_0855,sess_20260823_070952,S01,1,103.33,103.33,1240,1240,object_unregistered,40.0,32674.5,0.42,warning,"Unregistered object (mouse) appeared at S01 at 01:43, not present during calibration",,
evt_0856,sess_20260823_070952,S01,1,103.5,103.5,1242,1242,object_unregistered,40.0,32714.2,0.6,critical,"Unregistered object (bottle) appeared at S01 at 01:43, not present during calibration",,
evt_0857,sess_20260823_070952,S01,1,103.5,103.5,1242,1242,object_unregistered,40.0,32754.2,0.41,warning,"Unregistered object (mouse) appeared at S01 at 01:43, not present during calibration",,
evt_0858,sess_20260823_070952,S01,1,103.67,103.67,1244,1244,object_unregistered,40.0,32794.0,0.6,warning,"Unregistered object (bottle) appeared at S01 at 01:43, not present during calibration",,
evt_0859,sess_20260823_070952,S01,1,103.67,103.67,1244,1244,object_unregistered,40.0,32834.0,0.41,warning,"Unregistered object (mouse) appeared at S01 at 01:43, not present during calibration",,
evt_0860,sess_20260823_070952,S01,1,103.83,103.83,1246,1246,object_unregistered,40.0,32873.8,0.6,warning,"Unregistered object (bottle) appeared at S01 at 01:43, not present during calibration",,
evt_0861,sess_20260823_070952,S01,1,103.83,103.83,1246,1246,object_unregistered,40.0,32913.8,0.42,warning,"Unregistered object (mouse) appeared at S01 at 01:43, not present during calibration",,
evt_0862,sess_20260823_070952,S01,1,104.0,104.0,1248,1248,object_unregistered,40.0,32953.5,0.6,warning,"Unregistered object (bottle) appeared at S01 at 01:44, not present during calibration",,
evt_0863,sess_20260823_070952,S01,1,104.0,104.0,1248,1248,object_unregistered,40.0,32993.5,0.42,warning,"Unregistered object (mouse) appeared at S01 at 01:44, not present during calibration",,
evt_0864,sess_20260823_070952,S01,1,104.17,104.17,1250,1250,object_unregistered,40.0,33033.2,0.57,warning,"Unregistered object (bottle) appeared at S01 at 01:44, not present during calibration",,
evt_0865,sess_20260823_070952,S01,1,104.17,104.17,1250,1250,object_unregistered,40.0,33073.2,0.4,warning,"Unregistered object (mouse) appeared at S01 at 01:44, not present during calibration",,
evt_0866,sess_20260823_070952,S01,1,104.33,104.33,1252,1252,object_unregistered,40.0,33113.0,0.58,warning,"Unregistered object (bottle) appeared at S01 at 01:44, not present during calibration",,
evt_0867,sess_20260823_070952,S01,1,104.33,104.33,1252,1252,object_unregistered,40.0,33153.0,0.42,warning,"Unregistered object (mouse) appeared at S01 at 01:44, not present during calibration",,
evt_0868,sess_20260823_070952,S01,1,104.5,104.5,1254,1254,object_unregistered,40.0,33192.8,0.57,warning,"Unregistered object (bottle) appeared at S01 at 01:44, not present during calibration",,
evt_0869,sess_20260823_070952,S01,1,104.5,104.5,1254,1254,object_unregistered,40.0,33232.8,0.41,warning,"Unregistered object (mouse) appeared at S01 at 01:44, not present during calibration",,
evt_0870,sess_20260823_070952,S01,1,104.67,104.67,1256,1256,object_unregistered,40.0,33272.5,0.57,warning,"Unregistered object (bottle) appeared at S01 at 01:44, not present during calibration",,
evt_0871,sess_20260823_070952,S01,1,104.67,104.67,1256,1256,object_unregistered,40.0,33312.5,0.41,warning,"Unregistered object (mouse) appeared at S01 at 01:44, not present during calibration",,
evt_0872,sess_20260823_070952,S01,1,104.83,104.83,1258,1258,object_unregistered,40.0,33352.2,0.57,warning,"Unregistered object (bottle) appeared at S01 at 01:44, not present during calibration",,
evt_0873,sess_20260823_070952,S01,1,104.83,104.83,1258,1258,object_unregistered,40.0,33392.2,0.41,warning,"Unregistered object (mouse) appeared at S01 at 01:44, not present during calibration",,
evt_0874,sess_20260823_070952,S01,1,105.0,105.0,1260,1260,object_unregistered,40.0,33432.0,0.58,warning,"Unregistered object (bottle) appeared at S01 at 01:45, not present during calibration",,
evt_0875,sess_20260823_070952,S01,1,105.0,105.0,1260,1260,object_unregistered,40.0,33472.0,0.42,warning,"Unregistered object (mouse) appeared at S01 at 01:45, not present during calibration",,
evt_0876,sess_20260823_070952,S01,1,105.17,105.17,1262,1262,object_unregistered,40.0,33511.8,0.57,warning,"Unregistered object (bottle) appeared at S01 at 01:45, not present during calibration",,
evt_0877,sess_20260823_070952,S01,1,105.17,105.17,1262,1262,object_unregistered,40.0,33551.8,0.42,warning,"Unregistered object (mouse) appeared at S01 at 01:45, not present during calibration",,
evt_0878,sess_20260823_070952,S01,1,105.33,105.33,1264,1264,object_unregistered,40.0,33591.5,0.58,warning,"Unregistered object (bottle) appeared at S01 at 01:45, not present during calibration",,
evt_0879,sess_20260823_070952,S01,1,105.33,105.33,1264,1264,object_unregistered,40.0,33631.5,0.44,warning,"Unregistered object (mouse) appeared at S01 at 01:45, not present during calibration",,
evt_0880,sess_20260823_070952,S01,1,105.5,105.5,1266,1266,object_unregistered,40.0,33671.2,0.58,warning,"Unregistered object (bottle) appeared at S01 at 01:45, not present during calibration",,
evt_0881,sess_20260823_070952,S01,1,105.5,105.5,1266,1266,object_unregistered,40.0,33711.2,0.45,warning,"Unregistered object (mouse) appeared at S01 at 01:45, not present during calibration",,
evt_0882,sess_20260823_070952,S01,1,105.67,105.67,1268,1268,object_unregistered,40.0,33751.0,0.58,warning,"Unregistered object (bottle) appeared at S01 at 01:45, not present during calibration",,
evt_0883,sess_20260823_070952,S01,1,105.67,105.67,1268,1268,object_unregistered,40.0,33791.0,0.45,warning,"Unregistered object (mouse) appeared at S01 at 01:45, not present during calibration",,
evt_0884,sess_20260823_070952,S01,1,105.83,105.83,1270,1270,object_unregistered,40.0,33830.8,0.58,warning,"Unregistered object (bottle) appeared at S01 at 01:45, not present during calibration",,
evt_0885,sess_20260823_070952,S01,1,105.83,105.83,1270,1270,object_unregistered,40.0,33870.8,0.45,warning,"Unregistered object (mouse) appeared at S01 at 01:45, not present during calibration",,
evt_0886,sess_20260823_070952,S01,1,106.0,106.0,1272,1272,object_unregistered,40.0,33910.5,0.58,warning,"Unregistered object (bottle) appeared at S01 at 01:46, not present during calibration",,
evt_0887,sess_20260823_070952,S01,1,106.0,106.0,1272,1272,object_unregistered,40.0,33950.5,0.45,warning,"Unregistered object (mouse) appeared at S01 at 01:46, not present during calibration",,
evt_0888,sess_20260823_070952,S01,1,106.17,106.17,1274,1274,object_unregistered,40.0,33990.2,0.58,warning,"Unregistered object (bottle) appeared at S01 at 01:46, not present during calibration",,
evt_0889,sess_20260823_070952,S01,1,106.17,106.17,1274,1274,object_unregistered,40.0,34030.2,0.43,warning,"Unregistered object (mouse) appeared at S01 at 01:46, not present during calibration",,
evt_0890,sess_20260823_070952,S01,1,106.33,106.33,1276,1276,object_unregistered,40.0,34070.0,0.58,warning,"Unregistered object (bottle) appeared at S01 at 01:46, not present during calibration",,
evt_0891,sess_20260823_070952,S01,1,106.33,106.33,1276,1276,object_unregistered,40.0,34110.0,0.43,warning,"Unregistered object (mouse) appeared at S01 at 01:46, not present during calibration",,
evt_0892,sess_20260823_070952,S01,1,106.5,106.5,1278,1278,object_unregistered,40.0,34149.8,0.57,warning,"Unregistered object (bottle) appeared at S01 at 01:46, not present during calibration",,
evt_0893,sess_20260823_070952,S01,1,106.5,106.5,1278,1278,object_unregistered,40.0,34189.8,0.43,warning,"Unregistered object (mouse) appeared at S01 at 01:46, not present during calibration",,
evt_0894,sess_20260823_070952,S01,1,106.67,106.67,1280,1280,object_unregistered,40.0,34229.5,0.57,warning,"Unregistered object (bottle) appeared at S01 at 01:46, not present during calibration",,
evt_0895,sess_20260823_070952,S01,1,106.67,106.67,1280,1280,object_unregistered,40.0,34269.5,0.43,warning,"Unregistered object (mouse) appeared at S01 at 01:46, not present during calibration",,
evt_0896,sess_20260823_070952,S01,1,106.83,106.83,1282,1282,object_unregistered,40.0,34309.2,0.57,warning,"Unregistered object (bottle) appeared at S01 at 01:46, not present during calibration",,
evt_0897,sess_20260823_070952,S01,1,106.83,106.83,1282,1282,object_unregistered,40.0,34349.2,0.43,warning,"Unregistered object (mouse) appeared at S01 at 01:46, not present during calibration",,
evt_0898,sess_20260823_070952,S01,1,107.0,107.0,1284,1284,object_unregistered,40.0,34389.0,0.58,warning,"Unregistered object (bottle) appeared at S01 at 01:47, not present during calibration",,
evt_0899,sess_20260823_070952,S01,1,107.0,107.0,1284,1284,object_unregistered,40.0,34429.0,0.43,warning,"Unregistered object (mouse) appeared at S01 at 01:47, not present during calibration",,
evt_0900,sess_20260823_070952,S01,1,107.17,107.17,1286,1286,object_unregistered,40.0,34468.8,0.58,warning,"Unregistered object (bottle) appeared at S01 at 01:47, not present during calibration",,
evt_0901,sess_20260823_070952,S01,1,107.17,107.17,1286,1286,object_unregistered,40.0,34508.8,0.43,warning,"Unregistered object (mouse) appeared at S01 at 01:47, not present during calibration",,
evt_0902,sess_20260823_070952,S01,1,107.33,107.33,1288,1288,object_unregistered,40.0,34548.5,0.58,warning,"Unregistered object (bottle) appeared at S01 at 01:47, not present during calibration",,
evt_0903,sess_20260823_070952,S01,1,107.33,107.33,1288,1288,object_unregistered,40.0,34588.5,0.41,warning,"Unregistered object (mouse) appeared at S01 at 01:47, not present during calibration",,
evt_0904,sess_20260823_070952,S01,1,107.5,107.5,1290,1290,object_unregistered,40.0,34628.2,0.58,warning,"Unregistered object (bottle) appeared at S01 at 01:47, not present during calibration",,
evt_0905,sess_20260823_070952,S01,1,107.5,107.5,1290,1290,object_unregistered,40.0,34668.2,0.41,warning,"Unregistered object (mouse) appeared at S01 at 01:47, not present during calibration",,
evt_0906,sess_20260823_070952,S01,1,107.67,107.67,1292,1292,object_unregistered,40.0,34708.0,0.58,warning,"Unregistered object (bottle) appeared at S01 at 01:47, not present during calibration",,
evt_0907,sess_20260823_070952,S01,1,107.67,107.67,1292,1292,object_unregistered,40.0,34748.0,0.41,warning,"Unregistered object (mouse) appeared at S01 at 01:47, not present during calibration",,
evt_0908,sess_20260823_070952,S01,1,107.83,107.83,1294,1294,object_unregistered,40.0,34787.8,0.58,warning,"Unregistered object (bottle) appeared at S01 at 01:47, not present during calibration",,
evt_0909,sess_20260823_070952,S01,1,107.83,107.83,1294,1294,object_unregistered,40.0,34827.8,0.41,warning,"Unregistered object (mouse) appeared at S01 at 01:47, not present during calibration",,
evt_0910,sess_20260823_070952,S01,1,108.0,108.0,1296,1296,object_unregistered,40.0,34867.5,0.58,warning,"Unregistered object (bottle) appeared at S01 at 01:48, not present during calibration",,
evt_0911,sess_20260823_070952,S01,1,108.0,108.0,1296,1296,object_unregistered,40.0,34907.5,0.41,warning,"Unregistered object (mouse) appeared at S01 at 01:48, not present during calibration",,
evt_0912,sess_20260823_070952,S01,1,108.17,108.17,1298,1298,object_unregistered,40.0,34947.2,0.58,warning,"Unregistered object (bottle) appeared at S01 at 01:48, not present during calibration",,
evt_0913,sess_20260823_070952,S01,1,108.17,108.17,1298,1298,object_unregistered,40.0,34987.2,0.42,warning,"Unregistered object (mouse) appeared at S01 at 01:48, not present during calibration",,
evt_0914,sess_20260823_070952,S01,1,108.33,108.33,1300,1300,object_unregistered,40.0,35027.0,0.58,warning,"Unregistered object (bottle) appeared at S01 at 01:48, not present during calibration",,
evt_0915,sess_20260823_070952,S01,1,108.33,108.33,1300,1300,object_unregistered,40.0,35067.0,0.42,warning,"Unregistered object (mouse) appeared at S01 at 01:48, not present during calibration",,
evt_0916,sess_20260823_070952,S01,1,108.5,108.5,1302,1302,object_unregistered,40.0,35106.8,0.58,warning,"Unregistered object (bottle) appeared at S01 at 01:48, not present during calibration",,
evt_0917,sess_20260823_070952,S01,1,108.5,108.5,1302,1302,object_unregistered,40.0,35146.8,0.42,warning,"Unregistered object (mouse) appeared at S01 at 01:48, not present during calibration",,
evt_0918,sess_20260823_070952,S01,1,108.67,108.67,1304,1304,object_unregistered,40.0,35186.5,0.58,warning,"Unregistered object (bottle) appeared at S01 at 01:48, not present during calibration",,
evt_0919,sess_20260823_070952,S01,1,108.67,108.67,1304,1304,object_unregistered,40.0,35226.5,0.41,warning,"Unregistered object (mouse) appeared at S01 at 01:48, not present during calibration",,
evt_0920,sess_20260823_070952,S01,1,108.83,108.83,1306,1306,object_unregistered,40.0,35266.2,0.59,warning,"Unregistered object (bottle) appeared at S01 at 01:48, not present during calibration",,
evt_0921,sess_20260823_070952,S01,1,108.83,108.83,1306,1306,object_unregistered,40.0,35306.2,0.4,warning,"Unregistered object (mouse) appeared at S01 at 01:48, not present during calibration",,
evt_0922,sess_20260823_070952,S01,1,109.0,109.0,1308,1308,object_unregistered,40.0,35346.0,0.59,warning,"Unregistered object (bottle) appeared at S01 at 01:49, not present during calibration",,
evt_0923,sess_20260823_070952,S01,1,109.0,109.0,1308,1308,object_unregistered,40.0,35386.0,0.39,warning,"Unregistered object (mouse) appeared at S01 at 01:49, not present during calibration",,
evt_0924,sess_20260823_070952,S01,1,109.17,109.17,1310,1310,object_unregistered,40.0,35425.8,0.58,warning,"Unregistered object (bottle) appeared at S01 at 01:49, not present during calibration",,
evt_0925,sess_20260823_070952,S01,1,109.17,109.17,1310,1310,object_unregistered,40.0,35465.8,0.37,warning,"Unregistered object (mouse) appeared at S01 at 01:49, not present during calibration",,
evt_0926,sess_20260823_070952,S01,1,109.33,109.33,1312,1312,object_unregistered,40.0,35505.5,0.58,warning,"Unregistered object (bottle) appeared at S01 at 01:49, not present during calibration",,
evt_0927,sess_20260823_070952,S01,1,109.33,109.33,1312,1312,object_unregistered,40.0,35545.5,0.38,warning,"Unregistered object (mouse) appeared at S01 at 01:49, not present during calibration",,
evt_0928,sess_20260823_070952,S01,1,109.5,109.5,1314,1314,object_unregistered,40.0,35585.2,0.59,warning,"Unregistered object (bottle) appeared at S01 at 01:49, not present during calibration",,
evt_0929,sess_20260823_070952,S01,1,109.5,109.5,1314,1314,object_unregistered,40.0,35625.2,0.39,warning,"Unregistered object (mouse) appeared at S01 at 01:49, not present during calibration",,
evt_0930,sess_20260823_070952,S01,1,109.67,109.67,1316,1316,object_unregistered,40.0,35665.0,0.58,warning,"Unregistered object (bottle) appeared at S01 at 01:49, not present during calibration",,
evt_0931,sess_20260823_070952,S01,1,109.67,109.67,1316,1316,object_unregistered,40.0,35705.0,0.39,warning,"Unregistered object (mouse) appeared at S01 at 01:49, not present during calibration",,
evt_0932,sess_20260823_070952,S01,1,109.83,109.83,1318,1318,object_unregistered,40.0,35744.8,0.58,warning,"Unregistered object (bottle) appeared at S01 at 01:49, not present during calibration",,
evt_0933,sess_20260823_070952,S01,1,109.83,109.83,1318,1318,object_unregistered,40.0,35784.8,0.39,warning,"Unregistered object (mouse) appeared at S01 at 01:49, not present during calibration",,
evt_0934,sess_20260823_070952,S01,1,110.17,110.17,1322,1322,object_unregistered,40.0,35824.2,0.59,warning,"Unregistered object (bottle) appeared at S01 at 01:50, not present during calibration",,
evt_0935,sess_20260823_070952,S01,1,110.17,110.17,1322,1322,object_unregistered,40.0,35864.2,0.4,warning,"Unregistered object (mouse) appeared at S01 at 01:50, not present during calibration",,
evt_0936,sess_20260823_070952,S01,1,110.33,110.33,1324,1324,object_unregistered,40.0,35904.0,0.4,warning,"Unregistered object (mouse) appeared at S01 at 01:50, not present during calibration",,
evt_0937,sess_20260823_070952,S01,1,110.5,110.5,1326,1326,object_unregistered,40.0,35943.8,0.41,warning,"Unregistered object (mouse) appeared at S01 at 01:50, not present during calibration",,
evt_0938,sess_20260823_070952,S01,1,110.67,110.67,1328,1328,object_unregistered,40.0,35983.5,0.41,warning,"Unregistered object (mouse) appeared at S01 at 01:50, not present during calibration",,
evt_0939,sess_20260823_070952,S01,1,110.83,110.83,1330,1330,object_unregistered,40.0,36023.2,0.39,warning,"Unregistered object (mouse) appeared at S01 at 01:50, not present during calibration",,
evt_0940,sess_20260823_070952,S01,1,111.0,111.0,1332,1332,object_unregistered,40.0,36063.0,0.57,warning,"Unregistered object (bottle) appeared at S01 at 01:51, not present during calibration",,
evt_0941,sess_20260823_070952,S01,1,111.0,111.0,1332,1332,object_unregistered,40.0,36103.0,0.41,warning,"Unregistered object (mouse) appeared at S01 at 01:51, not present during calibration",,
evt_0942,sess_20260823_070952,S01,1,111.17,111.17,1334,1334,object_unregistered,40.0,36142.8,0.57,warning,"Unregistered object (bottle) appeared at S01 at 01:51, not present during calibration",,
evt_0943,sess_20260823_070952,S01,1,111.17,111.17,1334,1334,object_unregistered,40.0,36182.8,0.41,warning,"Unregistered object (mouse) appeared at S01 at 01:51, not present during calibration",,
evt_0944,sess_20260823_070952,S01,1,111.33,111.33,1336,1336,object_unregistered,40.0,36222.5,0.57,warning,"Unregistered object (bottle) appeared at S01 at 01:51, not present during calibration",,
evt_0945,sess_20260823_070952,S01,1,111.33,111.33,1336,1336,object_unregistered,40.0,36262.5,0.42,warning,"Unregistered object (mouse) appeared at S01 at 01:51, not present during calibration",,
evt_0946,sess_20260823_070952,S01,1,111.5,111.5,1338,1338,object_unregistered,40.0,36302.2,0.58,warning,"Unregistered object (bottle) appeared at S01 at 01:51, not present during calibration",,
evt_0947,sess_20260823_070952,S01,1,111.5,111.5,1338,1338,object_unregistered,40.0,36342.2,0.42,warning,"Unregistered object (mouse) appeared at S01 at 01:51, not present during calibration",,
evt_0948,sess_20260823_070952,S01,1,111.67,111.67,1340,1340,object_unregistered,40.0,36382.0,0.58,warning,"Unregistered object (bottle) appeared at S01 at 01:51, not present during calibration",,
evt_0949,sess_20260823_070952,S01,1,111.67,111.67,1340,1340,object_unregistered,40.0,36422.0,0.43,warning,"Unregistered object (mouse) appeared at S01 at 01:51, not present during calibration",,
evt_0950,sess_20260823_070952,S01,1,111.83,111.83,1342,1342,object_unregistered,40.0,36461.8,0.58,warning,"Unregistered object (bottle) appeared at S01 at 01:51, not present during calibration",,
evt_0951,sess_20260823_070952,S01,1,111.83,111.83,1342,1342,object_unregistered,40.0,36501.8,0.42,warning,"Unregistered object (mouse) appeared at S01 at 01:51, not present during calibration",,
evt_0952,sess_20260823_070952,S01,1,112.0,112.0,1344,1344,object_unregistered,40.0,36541.5,0.58,warning,"Unregistered object (bottle) appeared at S01 at 01:52, not present during calibration",,
evt_0953,sess_20260823_070952,S01,1,112.0,112.0,1344,1344,object_unregistered,40.0,36581.5,0.41,warning,"Unregistered object (mouse) appeared at S01 at 01:52, not present during calibration",,
evt_0954,sess_20260823_070952,S01,1,112.17,112.17,1346,1346,object_unregistered,40.0,36621.2,0.59,warning,"Unregistered object (bottle) appeared at S01 at 01:52, not present during calibration",,
evt_0955,sess_20260823_070952,S01,1,112.17,112.17,1346,1346,object_unregistered,40.0,36661.2,0.41,warning,"Unregistered object (mouse) appeared at S01 at 01:52, not present during calibration",,
evt_0956,sess_20260823_070952,S01,1,112.33,112.33,1348,1348,object_unregistered,40.0,36701.0,0.58,warning,"Unregistered object (bottle) appeared at S01 at 01:52, not present during calibration",,
evt_0957,sess_20260823_070952,S01,1,112.33,112.33,1348,1348,object_unregistered,40.0,36741.0,0.42,warning,"Unregistered object (mouse) appeared at S01 at 01:52, not present during calibration",,
evt_0958,sess_20260823_070952,S01,1,112.5,112.5,1350,1350,object_unregistered,40.0,36780.8,0.59,warning,"Unregistered object (bottle) appeared at S01 at 01:52, not present during calibration",,
evt_0959,sess_20260823_070952,S01,1,112.5,112.5,1350,1350,object_unregistered,40.0,36820.8,0.4,warning,"Unregistered object (mouse) appeared at S01 at 01:52, not present during calibration",,
evt_0960,sess_20260823_070952,S01,1,112.67,112.67,1352,1352,object_unregistered,40.0,36860.5,0.58,warning,"Unregistered object (bottle) appeared at S01 at 01:52, not present during calibration",,
evt_0961,sess_20260823_070952,S01,1,112.67,112.67,1352,1352,object_unregistered,40.0,36900.5,0.4,warning,"Unregistered object (mouse) appeared at S01 at 01:52, not present during calibration",,
evt_0962,sess_20260823_070952,S01,1,112.83,112.83,1354,1354,object_unregistered,40.0,36940.2,0.59,warning,"Unregistered object (bottle) appeared at S01 at 01:52, not present during calibration",,
evt_0963,sess_20260823_070952,S01,1,112.83,112.83,1354,1354,object_unregistered,40.0,36980.2,0.4,warning,"Unregistered object (mouse) appeared at S01 at 01:52, not present during calibration",,
evt_0964,sess_20260823_070952,S01,1,113.0,113.0,1356,1356,object_unregistered,40.0,37020.0,0.6,warning,"Unregistered object (bottle) appeared at S01 at 01:53, not present during calibration",,
evt_0965,sess_20260823_070952,S01,1,113.0,113.0,1356,1356,object_unregistered,40.0,37060.0,0.4,warning,"Unregistered object (mouse) appeared at S01 at 01:53, not present during calibration",,
evt_0966,sess_20260823_070952,S01,1,113.17,113.17,1358,1358,object_unregistered,40.0,37099.8,0.59,warning,"Unregistered object (bottle) appeared at S01 at 01:53, not present during calibration",,
evt_0967,sess_20260823_070952,S01,1,113.17,113.17,1358,1358,object_unregistered,40.0,37139.8,0.4,warning,"Unregistered object (mouse) appeared at S01 at 01:53, not present during calibration",,
evt_0968,sess_20260823_070952,S01,1,113.33,113.33,1360,1360,object_unregistered,40.0,37179.5,0.59,warning,"Unregistered object (bottle) appeared at S01 at 01:53, not present during calibration",,
evt_0969,sess_20260823_070952,S01,1,113.33,113.33,1360,1360,object_unregistered,40.0,37219.5,0.4,warning,"Unregistered object (mouse) appeared at S01 at 01:53, not present during calibration",,
evt_0970,sess_20260823_070952,S01,1,113.5,113.5,1362,1362,object_unregistered,40.0,37259.2,0.59,warning,"Unregistered object (bottle) appeared at S01 at 01:53, not present during calibration",,
evt_0971,sess_20260823_070952,S01,1,113.5,113.5,1362,1362,object_unregistered,40.0,37299.2,0.41,warning,"Unregistered object (mouse) appeared at S01 at 01:53, not present during calibration",,
evt_0972,sess_20260823_070952,S01,1,113.67,113.67,1364,1364,object_unregistered,40.0,37339.0,0.59,warning,"Unregistered object (bottle) appeared at S01 at 01:53, not present during calibration",,
evt_0973,sess_20260823_070952,S01,1,113.67,113.67,1364,1364,object_unregistered,40.0,37379.0,0.4,warning,"Unregistered object (mouse) appeared at S01 at 01:53, not present during calibration",,
evt_0974,sess_20260823_070952,S01,1,113.83,113.83,1366,1366,object_unregistered,40.0,37418.8,0.59,warning,"Unregistered object (bottle) appeared at S01 at 01:53, not present during calibration",,
evt_0975,sess_20260823_070952,S01,1,113.83,113.83,1366,1366,object_unregistered,40.0,37458.8,0.4,warning,"Unregistered object (mouse) appeared at S01 at 01:53, not present during calibration",,
evt_0976,sess_20260823_070952,S01,1,114.0,114.0,1368,1368,object_unregistered,40.0,37498.5,0.59,warning,"Unregistered object (bottle) appeared at S01 at 01:54, not present during calibration",,
evt_0977,sess_20260823_070952,S01,1,114.0,114.0,1368,1368,object_unregistered,40.0,37538.5,0.39,warning,"Unregistered object (mouse) appeared at S01 at 01:54, not present during calibration",,
evt_0978,sess_20260823_070952,S01,1,114.17,114.17,1370,1370,object_unregistered,40.0,37578.2,0.59,warning,"Unregistered object (bottle) appeared at S01 at 01:54, not present during calibration",,
evt_0979,sess_20260823_070952,S01,1,114.17,114.17,1370,1370,object_unregistered,40.0,37618.2,0.39,warning,"Unregistered object (mouse) appeared at S01 at 01:54, not present during calibration",,
evt_0980,sess_20260823_070952,S01,1,114.33,114.33,1372,1372,object_unregistered,40.0,37658.0,0.59,warning,"Unregistered object (bottle) appeared at S01 at 01:54, not present during calibration",,
evt_0981,sess_20260823_070952,S01,1,114.33,114.33,1372,1372,object_unregistered,40.0,37698.0,0.38,warning,"Unregistered object (mouse) appeared at S01 at 01:54, not present during calibration",,
evt_0982,sess_20260823_070952,S01,1,114.5,114.5,1374,1374,object_unregistered,40.0,37737.8,0.59,warning,"Unregistered object (bottle) appeared at S01 at 01:54, not present during calibration",,
evt_0983,sess_20260823_070952,S01,1,114.5,114.5,1374,1374,object_unregistered,40.0,37777.8,0.38,warning,"Unregistered object (mouse) appeared at S01 at 01:54, not present during calibration",,
evt_0984,sess_20260823_070952,S01,1,114.67,114.67,1376,1376,object_unregistered,40.0,37817.5,0.58,warning,"Unregistered object (bottle) appeared at S01 at 01:54, not present during calibration",,
evt_0985,sess_20260823_070952,S01,1,114.67,114.67,1376,1376,object_unregistered,40.0,37857.5,0.38,warning,"Unregistered object (mouse) appeared at S01 at 01:54, not present during calibration",,
evt_0986,sess_20260823_070952,S01,1,114.83,114.83,1378,1378,object_unregistered,40.0,37897.2,0.59,warning,"Unregistered object (bottle) appeared at S01 at 01:54, not present during calibration",,
evt_0987,sess_20260823_070952,S01,1,114.83,114.83,1378,1378,object_unregistered,40.0,37937.2,0.39,warning,"Unregistered object (mouse) appeared at S01 at 01:54, not present during calibration",,
evt_0988,sess_20260823_070952,S01,1,115.0,115.0,1380,1380,object_unregistered,40.0,37977.0,0.58,warning,"Unregistered object (bottle) appeared at S01 at 01:55, not present during calibration",,
evt_0989,sess_20260823_070952,S01,1,115.0,115.0,1380,1380,object_unregistered,40.0,38017.0,0.4,warning,"Unregistered object (mouse) appeared at S01 at 01:55, not present during calibration",,
evt_0990,sess_20260823_070952,S01,1,115.17,115.17,1382,1382,object_unregistered,40.0,38056.8,0.58,warning,"Unregistered object (bottle) appeared at S01 at 01:55, not present during calibration",,
evt_0991,sess_20260823_070952,S01,1,115.17,115.17,1382,1382,object_unregistered,40.0,38096.8,0.4,warning,"Unregistered object (mouse) appeared at S01 at 01:55, not present during calibration",,
evt_0992,sess_20260823_070952,S01,1,115.33,115.33,1384,1384,object_unregistered,40.0,38136.5,0.59,warning,"Unregistered object (bottle) appeared at S01 at 01:55, not present during calibration",,
evt_0993,sess_20260823_070952,S01,1,115.5,115.5,1386,1386,object_unregistered,40.0,38176.2,0.59,warning,"Unregistered object (bottle) appeared at S01 at 01:55, not present during calibration",,
evt_0994,sess_20260823_070952,S01,1,115.67,115.67,1388,1388,object_unregistered,40.0,38216.0,0.6,warning,"Unregistered object (bottle) appeared at S01 at 01:55, not present during calibration",,
evt_0995,sess_20260823_070952,S01,1,115.67,115.67,1388,1388,object_unregistered,40.0,38256.0,0.4,warning,"Unregistered object (mouse) appeared at S01 at 01:55, not present during calibration",,
evt_0996,sess_20260823_070952,S01,1,115.83,115.83,1390,1390,object_unregistered,40.0,38295.8,0.59,warning,"Unregistered object (bottle) appeared at S01 at 01:55, not present during calibration",,
evt_0997,sess_20260823_070952,S01,1,115.83,115.83,1390,1390,object_unregistered,40.0,38335.8,0.4,warning,"Unregistered object (mouse) appeared at S01 at 01:55, not present during calibration",,
evt_0998,sess_20260823_070952,S01,1,116.0,116.0,1392,1392,object_unregistered,40.0,38375.5,0.59,warning,"Unregistered object (bottle) appeared at S01 at 01:56, not present during calibration",,
evt_0999,sess_20260823_070952,S01,1,116.0,116.0,1392,1392,object_unregistered,40.0,38415.5,0.41,warning,"Unregistered object (mouse) appeared at S01 at 01:56, not present during calibration",,
evt_1000,sess_20260823_070952,S01,1,116.17,116.17,1394,1394,object_unregistered,40.0,38455.2,0.59,warning,"Unregistered object (bottle) appeared at S01 at 01:56, not present during calibration",,
evt_1001,sess_20260823_070952,S01,1,116.33,116.33,1396,1396,object_unregistered,40.0,38495.0,0.59,warning,"Unregistered object (bottle) appeared at S01 at 01:56, not present during calibration",,
evt_1002,sess_20260823_070952,S01,1,116.5,116.5,1398,1398,object_unregistered,40.0,38534.8,0.59,warning,"Unregistered object (bottle) appeared at S01 at 01:56, not present during calibration",,
evt_1003,sess_20260823_070952,S01,1,116.67,116.67,1400,1400,object_unregistered,40.0,38574.5,0.59,warning,"Unregistered object (bottle) appeared at S01 at 01:56, not present during calibration",,
evt_1004,sess_20260823_070952,S01,1,116.83,116.83,1402,1402,object_unregistered,40.0,38614.2,0.59,warning,"Unregistered object (bottle) appeared at S01 at 01:56, not present during calibration",,
evt_1005,sess_20260823_070952,S01,1,117.0,117.0,1404,1404,object_unregistered,40.0,38654.0,0.59,warning,"Unregistered object (bottle) appeared at S01 at 01:57, not present during calibration",,
evt_1006,sess_20260823_070952,S01,1,117.17,117.17,1406,1406,object_unregistered,40.0,38693.8,0.59,warning,"Unregistered object (bottle) appeared at S01 at 01:57, not present during calibration",,
evt_1007,sess_20260823_070952,S01,1,117.33,117.33,1408,1408,object_unregistered,40.0,38733.5,0.59,warning,"Unregistered object (bottle) appeared at S01 at 01:57, not present during calibration",,
evt_1008,sess_20260823_070952,S01,1,117.5,117.5,1410,1410,object_unregistered,40.0,38773.2,0.59,warning,"Unregistered object (bottle) appeared at S01 at 01:57, not present during calibration",,
evt_1009,sess_20260823_070952,S01,1,117.67,117.67,1412,1412,object_unregistered,40.0,38813.0,0.59,warning,"Unregistered object (bottle) appeared at S01 at 01:57, not present during calibration",,
evt_1010,sess_20260823_070952,S01,1,117.83,117.83,1414,1414,object_unregistered,40.0,38852.8,0.59,warning,"Unregistered object (bottle) appeared at S01 at 01:57, not present during calibration",,
evt_1011,sess_20260823_070952,S01,1,118.0,118.0,1416,1416,object_unregistered,40.0,38892.5,0.59,warning,"Unregistered object (bottle) appeared at S01 at 01:58, not present during calibration",,
evt_1012,sess_20260823_070952,S01,1,119.0,119.0,1428,1428,object_unregistered,40.0,38931.0,0.59,critical,"Unregistered object (bottle) appeared at S01 at 01:59, not present during calibration",,
evt_1013,sess_20260823_070952,S01,1,119.17,119.17,1430,1430,object_unregistered,40.0,38970.8,0.58,warning,"Unregistered object (bottle) appeared at S01 at 01:59, not present during calibration",,
evt_1014,sess_20260823_070952,S01,1,119.17,119.17,1430,1430,object_unregistered,40.0,39010.8,0.43,warning,"Unregistered object (mouse) appeared at S01 at 01:59, not present during calibration",,
evt_1015,sess_20260823_070952,S01,1,119.33,119.33,1432,1432,object_unregistered,40.0,39050.5,0.58,warning,"Unregistered object (bottle) appeared at S01 at 01:59, not present during calibration",,
evt_1016,sess_20260823_070952,S01,1,119.33,119.33,1432,1432,object_unregistered,40.0,39090.5,0.44,warning,"Unregistered object (mouse) appeared at S01 at 01:59, not present during calibration",,
evt_1017,sess_20260823_070952,S01,1,119.5,119.5,1434,1434,object_unregistered,40.0,39130.2,0.58,warning,"Unregistered object (bottle) appeared at S01 at 01:59, not present during calibration",,
evt_1018,sess_20260823_070952,S01,1,119.67,119.67,1436,1436,object_unregistered,40.0,39170.0,0.58,warning,"Unregistered object (bottle) appeared at S01 at 01:59, not present during calibration",,
evt_1019,sess_20260823_070952,S01,1,119.83,119.83,1438,1438,object_unregistered,40.0,39209.8,0.57,warning,"Unregistered object (bottle) appeared at S01 at 01:59, not present during calibration",,
evt_1020,sess_20260823_070952,S01,1,120.0,120.0,1440,1440,object_unregistered,40.0,39249.5,0.57,warning,"Unregistered object (bottle) appeared at S01 at 02:00, not present during calibration",,
evt_1021,sess_20260823_070952,S01,1,120.17,120.17,1442,1442,object_unregistered,40.0,39289.2,0.57,warning,"Unregistered object (bottle) appeared at S01 at 02:00, not present during calibration",,
evt_1022,sess_20260823_070952,S01,1,120.33,120.33,1444,1444,object_unregistered,40.0,39329.0,0.57,warning,"Unregistered object (bottle) appeared at S01 at 02:00, not present during calibration",,
evt_1023,sess_20260823_070952,S01,1,120.33,120.33,1444,1444,object_unregistered,40.0,39369.0,0.44,warning,"Unregistered object (mouse) appeared at S01 at 02:00, not present during calibration",,
evt_1024,sess_20260823_070952,S01,1,120.5,120.5,1446,1446,object_unregistered,40.0,39408.8,0.57,warning,"Unregistered object (bottle) appeared at S01 at 02:00, not present during calibration",,
evt_1025,sess_20260823_070952,S01,1,120.5,120.5,1446,1446,object_unregistered,40.0,39448.8,0.45,warning,"Unregistered object (mouse) appeared at S01 at 02:00, not present during calibration",,
evt_1026,sess_20260823_070952,S01,1,120.67,120.67,1448,1448,object_unregistered,40.0,39488.5,0.57,warning,"Unregistered object (bottle) appeared at S01 at 02:00, not present during calibration",,
evt_1027,sess_20260823_070952,S01,1,120.67,120.67,1448,1448,object_unregistered,40.0,39528.5,0.44,warning,"Unregistered object (mouse) appeared at S01 at 02:00, not present during calibration",,
evt_1028,sess_20260823_070952,S01,1,120.83,120.83,1450,1450,object_unregistered,40.0,39568.2,0.57,warning,"Unregistered object (bottle) appeared at S01 at 02:00, not present during calibration",,
evt_1029,sess_20260823_070952,S01,1,120.83,120.83,1450,1450,object_unregistered,40.0,39608.2,0.44,warning,"Unregistered object (mouse) appeared at S01 at 02:00, not present during calibration",,
evt_1030,sess_20260823_070952,S01,1,121.0,121.0,1452,1452,object_unregistered,40.0,39648.0,0.58,warning,"Unregistered object (bottle) appeared at S01 at 02:01, not present during calibration",,
evt_1031,sess_20260823_070952,S01,1,121.0,121.0,1452,1452,object_unregistered,40.0,39688.0,0.44,warning,"Unregistered object (mouse) appeared at S01 at 02:01, not present during calibration",,
evt_1032,sess_20260823_070952,S01,1,121.17,121.17,1454,1454,object_unregistered,40.0,39727.8,0.58,warning,"Unregistered object (bottle) appeared at S01 at 02:01, not present during calibration",,
evt_1033,sess_20260823_070952,S01,1,121.17,121.17,1454,1454,object_unregistered,40.0,39767.8,0.44,warning,"Unregistered object (mouse) appeared at S01 at 02:01, not present during calibration",,
evt_1034,sess_20260823_070952,S01,1,121.33,121.33,1456,1456,object_unregistered,40.0,39807.5,0.59,warning,"Unregistered object (bottle) appeared at S01 at 02:01, not present during calibration",,
evt_1035,sess_20260823_070952,S01,1,121.33,121.33,1456,1456,object_unregistered,40.0,39847.5,0.44,warning,"Unregistered object (mouse) appeared at S01 at 02:01, not present during calibration",,
evt_1036,sess_20260823_070952,S01,1,121.5,121.5,1458,1458,object_unregistered,40.0,39887.2,0.58,warning,"Unregistered object (bottle) appeared at S01 at 02:01, not present during calibration",,
evt_1037,sess_20260823_070952,S01,1,121.5,121.5,1458,1458,object_unregistered,40.0,39927.2,0.44,warning,"Unregistered object (mouse) appeared at S01 at 02:01, not present during calibration",,
evt_1038,sess_20260823_070952,S01,1,121.67,121.67,1460,1460,object_unregistered,40.0,39967.0,0.58,warning,"Unregistered object (bottle) appeared at S01 at 02:01, not present during calibration",,
evt_1039,sess_20260823_070952,S01,1,121.67,121.67,1460,1460,object_unregistered,40.0,40007.0,0.44,warning,"Unregistered object (mouse) appeared at S01 at 02:01, not present during calibration",,
evt_1040,sess_20260823_070952,S01,1,121.83,121.83,1462,1462,object_unregistered,40.0,40046.8,0.58,warning,"Unregistered object (bottle) appeared at S01 at 02:01, not present during calibration",,
evt_1041,sess_20260823_070952,S01,1,121.83,121.83,1462,1462,object_unregistered,40.0,40086.8,0.45,warning,"Unregistered object (mouse) appeared at S01 at 02:01, not present during calibration",,
evt_1042,sess_20260823_070952,S01,1,122.0,122.0,1464,1464,object_unregistered,40.0,40126.5,0.58,warning,"Unregistered object (bottle) appeared at S01 at 02:02, not present during calibration",,
evt_1043,sess_20260823_070952,S01,1,122.0,122.0,1464,1464,object_unregistered,40.0,40166.5,0.45,warning,"Unregistered object (mouse) appeared at S01 at 02:02, not present during calibration",,
evt_1044,sess_20260823_070952,S01,1,122.17,122.17,1466,1466,object_unregistered,40.0,40206.2,0.57,warning,"Unregistered object (bottle) appeared at S01 at 02:02, not present during calibration",,
evt_1045,sess_20260823_070952,S01,1,122.17,122.17,1466,1466,object_unregistered,40.0,40246.2,0.43,warning,"Unregistered object (mouse) appeared at S01 at 02:02, not present during calibration",,
evt_1046,sess_20260823_070952,S01,1,122.33,122.33,1468,1468,object_unregistered,40.0,40286.0,0.57,warning,"Unregistered object (bottle) appeared at S01 at 02:02, not present during calibration",,
evt_1047,sess_20260823_070952,S01,1,122.33,122.33,1468,1468,object_unregistered,40.0,40326.0,0.43,warning,"Unregistered object (mouse) appeared at S01 at 02:02, not present during calibration",,
evt_1048,sess_20260823_070952,S01,1,122.5,122.5,1470,1470,object_unregistered,40.0,40365.8,0.57,warning,"Unregistered object (bottle) appeared at S01 at 02:02, not present during calibration",,
evt_1049,sess_20260823_070952,S01,1,122.5,122.5,1470,1470,object_unregistered,40.0,40405.8,0.43,warning,"Unregistered object (mouse) appeared at S01 at 02:02, not present during calibration",,
evt_1050,sess_20260823_070952,S01,1,122.67,122.67,1472,1472,object_unregistered,40.0,40445.5,0.57,warning,"Unregistered object (bottle) appeared at S01 at 02:02, not present during calibration",,
evt_1051,sess_20260823_070952,S01,1,122.67,122.67,1472,1472,object_unregistered,40.0,40485.5,0.43,warning,"Unregistered object (mouse) appeared at S01 at 02:02, not present during calibration",,
evt_1052,sess_20260823_070952,S01,1,122.83,122.83,1474,1474,object_unregistered,40.0,40525.2,0.57,warning,"Unregistered object (bottle) appeared at S01 at 02:02, not present during calibration",,
evt_1053,sess_20260823_070952,S01,1,122.83,122.83,1474,1474,object_unregistered,40.0,40565.2,0.42,warning,"Unregistered object (mouse) appeared at S01 at 02:02, not present during calibration",,
evt_1054,sess_20260823_070952,S01,1,123.0,123.0,1476,1476,object_unregistered,40.0,40605.0,0.57,warning,"Unregistered object (bottle) appeared at S01 at 02:03, not present during calibration",,
evt_1055,sess_20260823_070952,S01,1,123.0,123.0,1476,1476,object_unregistered,40.0,40645.0,0.42,warning,"Unregistered object (mouse) appeared at S01 at 02:03, not present during calibration",,
evt_1056,sess_20260823_070952,S01,1,123.17,123.17,1478,1478,object_unregistered,40.0,40684.8,0.57,warning,"Unregistered object (bottle) appeared at S01 at 02:03, not present during calibration",,
evt_1057,sess_20260823_070952,S01,1,123.17,123.17,1478,1478,object_unregistered,40.0,40724.8,0.43,warning,"Unregistered object (mouse) appeared at S01 at 02:03, not present during calibration",,
evt_1058,sess_20260823_070952,S01,1,123.33,123.33,1480,1480,object_unregistered,40.0,40764.5,0.57,warning,"Unregistered object (bottle) appeared at S01 at 02:03, not present during calibration",,
evt_1059,sess_20260823_070952,S01,1,123.33,123.33,1480,1480,object_unregistered,40.0,40804.5,0.41,warning,"Unregistered object (mouse) appeared at S01 at 02:03, not present during calibration",,
evt_1060,sess_20260823_070952,S01,1,123.5,123.5,1482,1482,object_unregistered,40.0,40844.2,0.56,warning,"Unregistered object (bottle) appeared at S01 at 02:03, not present during calibration",,
evt_1061,sess_20260823_070952,S01,1,123.5,123.5,1482,1482,object_unregistered,40.0,40884.2,0.41,warning,"Unregistered object (mouse) appeared at S01 at 02:03, not present during calibration",,
evt_1062,sess_20260823_070952,S01,1,123.67,123.67,1484,1484,object_unregistered,40.0,40924.0,0.56,warning,"Unregistered object (bottle) appeared at S01 at 02:03, not present during calibration",,
evt_1063,sess_20260823_070952,S01,1,123.67,123.67,1484,1484,object_unregistered,40.0,40964.0,0.42,warning,"Unregistered object (mouse) appeared at S01 at 02:03, not present during calibration",,
evt_1064,sess_20260823_070952,S01,1,123.83,123.83,1486,1486,object_unregistered,40.0,41003.8,0.56,warning,"Unregistered object (bottle) appeared at S01 at 02:03, not present during calibration",,
evt_1065,sess_20260823_070952,S01,1,123.83,123.83,1486,1486,object_unregistered,40.0,41043.8,0.42,warning,"Unregistered object (mouse) appeared at S01 at 02:03, not present during calibration",,
evt_1066,sess_20260823_070952,S01,1,124.0,124.0,1488,1488,object_unregistered,40.0,41083.5,0.56,warning,"Unregistered object (bottle) appeared at S01 at 02:04, not present during calibration",,
evt_1067,sess_20260823_070952,S01,1,124.0,124.0,1488,1488,object_unregistered,40.0,41123.5,0.42,warning,"Unregistered object (mouse) appeared at S01 at 02:04, not present during calibration",,
evt_1068,sess_20260823_070952,S01,1,124.17,124.17,1490,1490,object_unregistered,40.0,41163.2,0.57,warning,"Unregistered object (bottle) appeared at S01 at 02:04, not present during calibration",,
evt_1069,sess_20260823_070952,S01,1,124.17,124.17,1490,1490,object_unregistered,40.0,41203.2,0.42,warning,"Unregistered object (mouse) appeared at S01 at 02:04, not present during calibration",,
evt_1070,sess_20260823_070952,S01,1,124.33,124.33,1492,1492,object_unregistered,40.0,41243.0,0.57,warning,"Unregistered object (bottle) appeared at S01 at 02:04, not present during calibration",,
evt_1071,sess_20260823_070952,S01,1,124.33,124.33,1492,1492,object_unregistered,40.0,41283.0,0.41,warning,"Unregistered object (mouse) appeared at S01 at 02:04, not present during calibration",,
evt_1072,sess_20260823_070952,S01,1,124.5,124.5,1494,1494,object_unregistered,40.0,41322.8,0.56,warning,"Unregistered object (bottle) appeared at S01 at 02:04, not present during calibration",,
evt_1073,sess_20260823_070952,S01,1,124.5,124.5,1494,1494,object_unregistered,40.0,41362.8,0.41,warning,"Unregistered object (mouse) appeared at S01 at 02:04, not present during calibration",,
evt_1074,sess_20260823_070952,S01,1,124.67,124.67,1496,1496,object_unregistered,40.0,41402.5,0.56,warning,"Unregistered object (bottle) appeared at S01 at 02:04, not present during calibration",,
evt_1075,sess_20260823_070952,S01,1,124.67,124.67,1496,1496,object_unregistered,40.0,41442.5,0.41,warning,"Unregistered object (mouse) appeared at S01 at 02:04, not present during calibration",,
