event_id,session_id,seat_id,track_id,t_start,t_end,frame_start,frame_end,rule,points,score_after,confidence,severity,reason,clip_path,thumb_path
evt_0001,sess_20260823_073349,S01,1,9.67,9.67,116,116,motion_spurt,20.0,20.0,0.75,warning,"Abnormal rapid motion detected at S01 (Energy: 30.0%, Velocity: 0.0px/s)",,
evt_0002,sess_20260823_073349,S01,1,9.75,9.75,117,117,motion_spurt,20.0,39.9,0.75,warning,"Abnormal rapid motion detected at S01 (Energy: 34.9%, Velocity: 0.0px/s)",,
evt_0003,sess_20260823_073349,S01,1,9.83,9.83,118,118,motion_spurt,20.0,59.8,0.75,warning,"Abnormal rapid motion detected at S01 (Energy: 36.6%, Velocity: 0.0px/s)",,
evt_0004,sess_20260823_073349,S01,1,9.92,9.92,119,119,motion_spurt,20.0,79.6,0.75,warning,"Abnormal rapid motion detected at S01 (Energy: 37.2%, Velocity: 0.0px/s)",,
evt_0005,sess_20260823_073349,S01,1,10.0,10.0,120,120,motion_spurt,20.0,99.5,0.75,warning,"Abnormal rapid motion detected at S01 (Energy: 38.7%, Velocity: 0.0px/s)",,
evt_0006,sess_20260823_073349,S01,1,10.08,10.08,121,121,motion_spurt,20.0,119.4,0.75,critical,"Abnormal rapid motion detected at S01 (Energy: 39.3%, Velocity: 0.0px/s)",/api/clips/evt_0006,/api/thumbs/evt_0006
evt_0007,sess_20260823_073349,S01,1,10.17,10.17,122,122,motion_spurt,20.0,139.2,0.75,warning,"Abnormal rapid motion detected at S01 (Energy: 38.3%, Velocity: 0.0px/s)",,
evt_0008,sess_20260823_073349,S01,1,10.25,10.25,123,123,motion_spurt,20.0,159.1,0.75,warning,"Abnormal rapid motion detected at S01 (Energy: 38.0%, Velocity: 0.0px/s)",,
evt_0009,sess_20260823_073349,S01,1,10.33,10.33,124,124,motion_spurt,20.0,179.0,0.75,warning,"Abnormal rapid motion detected at S01 (Energy: 36.8%, Velocity: 0.0px/s)",,
evt_0010,sess_20260823_073349,S01,1,10.42,10.42,125,125,motion_spurt,20.0,198.9,0.75,warning,"Abnormal rapid motion detected at S01 (Energy: 35.8%, Velocity: 0.0px/s)",,
evt_0011,sess_20260823_073349,S01,1,10.5,10.5,126,126,motion_spurt,20.0,218.8,0.75,warning,"Abnormal rapid motion detected at S01 (Energy: 35.2%, Velocity: 0.0px/s)",,
evt_0012,sess_20260823_073349,S01,1,10.58,10.58,127,127,motion_spurt,20.0,238.6,0.75,warning,"Abnormal rapid motion detected at S01 (Energy: 34.3%, Velocity: 0.0px/s)",,
evt_0013,sess_20260823_073349,S01,1,10.67,10.67,128,128,motion_spurt,20.0,258.5,0.75,warning,"Abnormal rapid motion detected at S01 (Energy: 33.2%, Velocity: 0.0px/s)",,
evt_0014,sess_20260823_073349,S01,1,10.75,10.75,129,129,motion_spurt,20.0,278.4,0.75,warning,"Abnormal rapid motion detected at S01 (Energy: 31.8%, Velocity: 0.0px/s)",,
evt_0015,sess_20260823_073349,S01,1,10.83,10.83,130,130,motion_spurt,20.0,298.2,0.75,warning,"Abnormal rapid motion detected at S01 (Energy: 31.1%, Velocity: 0.0px/s)",,
evt_0016,sess_20260823_073349,S01,1,10.92,10.92,131,131,motion_spurt,20.0,318.1,0.75,warning,"Abnormal rapid motion detected at S01 (Energy: 30.9%, Velocity: 0.0px/s)",,
evt_0017,sess_20260823_073349,S01,1,11.0,11.0,132,132,motion_spurt,20.0,338.0,0.75,warning,"Abnormal rapid motion detected at S01 (Energy: 30.1%, Velocity: 0.0px/s)",,
evt_0018,sess_20260823_073349,S01,1,11.08,11.08,133,133,motion_spurt,20.0,357.9,0.75,warning,"Abnormal rapid motion detected at S01 (Energy: 30.1%, Velocity: 0.0px/s)",,
evt_0019,sess_20260823_073349,S01,1,11.17,11.17,134,134,motion_spurt,20.0,377.8,0.75,warning,"Abnormal rapid motion detected at S01 (Energy: 30.3%, Velocity: 0.0px/s)",,
evt_0020,sess_20260823_073349,S01,1,11.33,11.33,136,136,motion_spurt,20.0,397.5,0.75,warning,"Abnormal rapid motion detected at S01 (Energy: 31.3%, Velocity: 0.0px/s)",,
evt_0021,sess_20260823_073349,S01,1,11.42,11.42,137,137,motion_spurt,20.0,417.4,0.75,warning,"Abnormal rapid motion detected at S01 (Energy: 32.4%, Velocity: 0.0px/s)",,
evt_0022,sess_20260823_073349,S01,1,11.5,11.5,138,138,motion_spurt,20.0,437.2,0.75,warning,"Abnormal rapid motion detected at S01 (Energy: 33.6%, Velocity: 0.0px/s)",,
evt_0023,sess_20260823_073349,S01,1,11.58,11.58,139,139,motion_spurt,20.0,457.1,0.75,warning,"Abnormal rapid motion detected at S01 (Energy: 35.1%, Velocity: 0.0px/s)",,
evt_0024,sess_20260823_073349,S01,1,11.67,11.67,140,140,motion_spurt,20.0,477.0,0.75,warning,"Abnormal rapid motion detected at S01 (Energy: 35.1%, Velocity: 0.0px/s)",,
evt_0025,sess_20260823_073349,S01,1,11.75,11.75,141,141,motion_spurt,20.0,496.9,0.75,warning,"Abnormal rapid motion detected at S01 (Energy: 37.2%, Velocity: 0.0px/s)",,
evt_0026,sess_20260823_073349,S01,1,11.83,11.83,142,142,motion_spurt,20.0,516.8,0.75,warning,"Abnormal rapid motion detected at S01 (Energy: 37.5%, Velocity: 0.0px/s)",,
evt_0027,sess_20260823_073349,S01,1,11.92,11.92,143,143,motion_spurt,20.0,536.6,0.75,warning,"Abnormal rapid motion detected at S01 (Energy: 38.7%, Velocity: 0.0px/s)",,
evt_0028,sess_20260823_073349,S01,1,12.0,12.0,144,144,motion_spurt,20.0,556.5,0.75,warning,"Abnormal rapid motion detected at S01 (Energy: 39.8%, Velocity: 0.0px/s)",,
evt_0029,sess_20260823_073349,S01,1,12.08,12.08,145,145,motion_spurt,20.0,576.4,0.75,warning,"Abnormal rapid motion detected at S01 (Energy: 40.2%, Velocity: 0.0px/s)",,
evt_0030,sess_20260823_073349,S01,1,12.17,12.17,146,146,motion_spurt,20.0,596.2,0.75,warning,"Abnormal rapid motion detected at S01 (Energy: 40.4%, Velocity: 0.0px/s)",,
evt_0031,sess_20260823_073349,S01,1,11.25,12.25,122,147,head_turn,10.0,606.1,0.63,critical,"Head turned left, 2.5 deviations from own baseline, held 1.0s",/api/clips/evt_0031,/api/thumbs/evt_0031
evt_0032,sess_20260823_073349,S01,1,12.25,12.25,147,147,motion_spurt,20.0,626.1,0.75,warning,"Abnormal rapid motion detected at S01 (Energy: 40.5%, Velocity: 0.0px/s)",,
evt_0033,sess_20260823_073349,S01,1,12.33,12.33,148,148,motion_spurt,20.0,646.0,0.75,warning,"Abnormal rapid motion detected at S01 (Energy: 41.7%, Velocity: 0.0px/s)",,
evt_0034,sess_20260823_073349,S01,1,12.42,12.42,149,149,motion_spurt,20.0,665.9,0.75,warning,"Abnormal rapid motion detected at S01 (Energy: 41.5%, Velocity: 0.0px/s)",,
evt_0035,sess_20260823_073349,S01,1,12.5,12.5,150,150,motion_spurt,20.0,685.8,0.75,warning,"Abnormal rapid motion detected at S01 (Energy: 41.5%, Velocity: 0.0px/s)",,
evt_0036,sess_20260823_073349,S01,1,12.58,12.58,151,151,motion_spurt,20.0,705.6,0.75,warning,"Abnormal rapid motion detected at S01 (Energy: 41.4%, Velocity: 0.0px/s)",,
evt_0037,sess_20260823_073349,S01,1,12.67,12.67,152,152,motion_spurt,20.0,725.5,0.75,warning,"Abnormal rapid motion detected at S01 (Energy: 41.0%, Velocity: 0.0px/s)",,
evt_0038,sess_20260823_073349,S01,1,12.75,12.75,153,153,motion_spurt,20.0,745.4,0.75,warning,"Abnormal rapid motion detected at S01 (Energy: 40.4%, Velocity: 0.0px/s)",,
evt_0039,sess_20260823_073349,S01,1,12.83,12.83,154,154,motion_spurt,20.0,765.2,0.75,warning,"Abnormal rapid motion detected at S01 (Energy: 39.6%, Velocity: 0.0px/s)",,
evt_0040,sess_20260823_073349,S01,1,12.92,12.92,155,155,motion_spurt,20.0,785.1,0.75,warning,"Abnormal rapid motion detected at S01 (Energy: 39.3%, Velocity: 0.0px/s)",,
evt_0041,sess_20260823_073349,S01,1,13.0,13.0,156,156,motion_spurt,20.0,805.0,0.75,warning,"Abnormal rapid motion detected at S01 (Energy: 38.7%, Velocity: 0.0px/s)",,
evt_0042,sess_20260823_073349,S01,1,13.08,13.08,157,157,motion_spurt,20.0,824.9,0.75,warning,"Abnormal rapid motion detected at S01 (Energy: 37.4%, Velocity: 0.0px/s)",,
evt_0043,sess_20260823_073349,S01,1,13.17,13.17,158,158,motion_spurt,20.0,844.8,0.75,warning,"Abnormal rapid motion detected at S01 (Energy: 36.5%, Velocity: 0.0px/s)",,
evt_0044,sess_20260823_073349,S01,1,13.25,13.25,159,159,motion_spurt,20.0,864.6,0.75,warning,"Abnormal rapid motion detected at S01 (Energy: 35.1%, Velocity: 0.0px/s)",,
evt_0045,sess_20260823_073349,S01,1,13.33,13.33,160,160,motion_spurt,20.0,884.5,0.75,warning,"Abnormal rapid motion detected at S01 (Energy: 33.4%, Velocity: 0.0px/s)",,
evt_0046,sess_20260823_073349,S01,1,13.42,13.42,161,161,motion_spurt,20.0,904.4,0.75,warning,"Abnormal rapid motion detected at S01 (Energy: 32.6%, Velocity: 0.0px/s)",,
evt_0047,sess_20260823_073349,S01,1,13.5,13.5,162,162,motion_spurt,20.0,924.2,0.75,warning,"Abnormal rapid motion detected at S01 (Energy: 31.4%, Velocity: 0.0px/s)",,
evt_0048,sess_20260823_073349,S01,1,13.58,13.58,163,163,motion_spurt,20.0,944.1,0.75,warning,"Abnormal rapid motion detected at S01 (Energy: 30.7%, Velocity: 0.0px/s)",,
evt_0049,sess_20260823_073349,S01,1,28.17,28.17,338,338,object_unregistered,40.0,962.2,0.59,critical,"Unregistered object (bottle) appeared at S01 at 00:28, not present during calibration",/api/clips/evt_0049,/api/thumbs/evt_0049
evt_0050,sess_20260823_073349,S01,1,28.33,28.33,340,340,object_unregistered,40.0,1002.0,0.59,warning,"Unregistered object (bottle) appeared at S01 at 00:28, not present during calibration",,
evt_0051,sess_20260823_073349,S01,1,28.33,28.33,340,340,object_unregistered,40.0,1042.0,0.31,warning,"Unregistered object (mouse) appeared at S01 at 00:28, not present during calibration",,
evt_0052,sess_20260823_073349,S01,1,28.5,28.5,342,342,object_unregistered,40.0,1081.8,0.59,warning,"Unregistered object (bottle) appeared at S01 at 00:28, not present during calibration",,
evt_0053,sess_20260823_073349,S01,1,28.67,28.67,344,344,object_unregistered,40.0,1121.5,0.59,warning,"Unregistered object (bottle) appeared at S01 at 00:28, not present during calibration",,
evt_0054,sess_20260823_073349,S01,1,28.83,28.83,346,346,object_unregistered,40.0,1161.2,0.57,warning,"Unregistered object (bottle) appeared at S01 at 00:28, not present during calibration",,
evt_0055,sess_20260823_073349,S01,1,29.0,29.0,348,348,object_unregistered,40.0,1201.0,0.57,warning,"Unregistered object (bottle) appeared at S01 at 00:29, not present during calibration",,
evt_0056,sess_20260823_073349,S01,1,29.17,29.17,350,350,object_unregistered,40.0,1240.8,0.57,warning,"Unregistered object (bottle) appeared at S01 at 00:29, not present during calibration",,
evt_0057,sess_20260823_073349,S01,1,29.17,29.17,350,350,object_unregistered,40.0,1280.8,0.41,warning,"Unregistered object (mouse) appeared at S01 at 00:29, not present during calibration",,
evt_0058,sess_20260823_073349,S01,1,29.33,29.33,352,352,object_unregistered,40.0,1320.5,0.57,warning,"Unregistered object (bottle) appeared at S01 at 00:29, not present during calibration",,
evt_0059,sess_20260823_073349,S01,1,29.33,29.33,352,352,object_unregistered,40.0,1360.5,0.41,warning,"Unregistered object (mouse) appeared at S01 at 00:29, not present during calibration",,
evt_0060,sess_20260823_073349,S01,1,29.5,29.5,354,354,object_unregistered,40.0,1400.2,0.57,warning,"Unregistered object (bottle) appeared at S01 at 00:29, not present during calibration",,
evt_0061,sess_20260823_073349,S01,1,29.5,29.5,354,354,object_unregistered,40.0,1440.2,0.42,warning,"Unregistered object (mouse) appeared at S01 at 00:29, not present during calibration",,
evt_0062,sess_20260823_073349,S01,1,29.67,29.67,356,356,object_unregistered,40.0,1480.0,0.56,warning,"Unregistered object (bottle) appeared at S01 at 00:29, not present during calibration",,
evt_0063,sess_20260823_073349,S01,1,29.83,29.83,358,358,object_unregistered,40.0,1519.8,0.56,warning,"Unregistered object (bottle) appeared at S01 at 00:29, not present during calibration",,
evt_0064,sess_20260823_073349,S01,1,30.0,30.0,360,360,object_unregistered,40.0,1559.5,0.57,warning,"Unregistered object (bottle) appeared at S01 at 00:30, not present during calibration",,
evt_0065,sess_20260823_073349,S01,1,30.17,30.17,362,362,object_unregistered,40.0,1599.2,0.57,warning,"Unregistered object (bottle) appeared at S01 at 00:30, not present during calibration",,
evt_0066,sess_20260823_073349,S01,1,30.33,30.33,364,364,object_unregistered,40.0,1639.0,0.58,warning,"Unregistered object (bottle) appeared at S01 at 00:30, not present during calibration",,
evt_0067,sess_20260823_073349,S01,1,30.5,30.5,366,366,object_unregistered,40.0,1678.8,0.59,warning,"Unregistered object (bottle) appeared at S01 at 00:30, not present during calibration",,
evt_0068,sess_20260823_073349,S01,1,30.67,30.67,368,368,object_unregistered,40.0,1718.5,0.59,warning,"Unregistered object (bottle) appeared at S01 at 00:30, not present during calibration",,
evt_0069,sess_20260823_073349,S01,1,30.83,30.83,370,370,object_unregistered,40.0,1758.2,0.59,warning,"Unregistered object (bottle) appeared at S01 at 00:30, not present during calibration",,
evt_0070,sess_20260823_073349,S01,1,31.0,31.0,372,372,object_unregistered,40.0,1798.0,0.58,warning,"Unregistered object (bottle) appeared at S01 at 00:31, not present during calibration",,
evt_0071,sess_20260823_073349,S01,1,30.08,31.08,348,373,head_turn,10.0,1807.9,0.95,critical,"Head turned left, 4.0 deviations from own baseline, held 1.0s",,
evt_0072,sess_20260823_073349,S01,1,31.17,31.17,374,374,object_unregistered,40.0,1847.8,0.59,warning,"Unregistered object (bottle) appeared at S01 at 00:31, not present during calibration",,
evt_0073,sess_20260823_073349,S01,1,31.33,31.33,376,376,object_unregistered,40.0,1887.5,0.59,warning,"Unregistered object (bottle) appeared at S01 at 00:31, not present during calibration",,
evt_0074,sess_20260823_073349,S01,1,31.33,31.33,376,376,object_unregistered,40.0,1927.5,0.35,warning,"Unregistered object (mouse) appeared at S01 at 00:31, not present during calibration",,
evt_0075,sess_20260823_073349,S01,1,31.5,31.5,378,378,object_unregistered,40.0,1967.2,0.59,warning,"Unregistered object (bottle) appeared at S01 at 00:31, not present during calibration",,
evt_0076,sess_20260823_073349,S01,1,31.5,31.5,378,378,object_unregistered,40.0,2007.2,0.34,warning,"Unregistered object (mouse) appeared at S01 at 00:31, not present during calibration",,
evt_0077,sess_20260823_073349,S01,1,31.67,31.67,380,380,object_unregistered,40.0,2047.0,0.6,warning,"Unregistered object (bottle) appeared at S01 at 00:31, not present during calibration",,
evt_0078,sess_20260823_073349,S01,1,31.83,31.83,382,382,object_unregistered,40.0,2086.8,0.61,warning,"Unregistered object (bottle) appeared at S01 at 00:31, not present during calibration",,
evt_0079,sess_20260823_073349,S01,1,31.83,31.83,382,382,object_unregistered,40.0,2126.8,0.34,warning,"Unregistered object (mouse) appeared at S01 at 00:31, not present during calibration",,
evt_0080,sess_20260823_073349,S01,1,32.0,32.0,384,384,object_unregistered,40.0,2166.5,0.6,warning,"Unregistered object (bottle) appeared at S01 at 00:32, not present during calibration",,
evt_0081,sess_20260823_073349,S01,1,32.0,32.0,384,384,object_unregistered,40.0,2206.5,0.34,warning,"Unregistered object (mouse) appeared at S01 at 00:32, not present during calibration",,
evt_0082,sess_20260823_073349,S01,1,32.17,32.17,386,386,object_unregistered,40.0,2246.2,0.59,warning,"Unregistered object (bottle) appeared at S01 at 00:32, not present during calibration",,
evt_0083,sess_20260823_073349,S01,1,32.17,32.17,386,386,object_unregistered,40.0,2286.2,0.31,warning,"Unregistered object (mouse) appeared at S01 at 00:32, not present during calibration",,
evt_0084,sess_20260823_073349,S01,1,32.33,32.33,388,388,object_unregistered,40.0,2326.0,0.59,warning,"Unregistered object (bottle) appeared at S01 at 00:32, not present during calibration",,
evt_0085,sess_20260823_073349,S01,1,32.33,32.33,388,388,object_unregistered,40.0,2366.0,0.3,warning,"Unregistered object (mouse) appeared at S01 at 00:32, not present during calibration",,
evt_0086,sess_20260823_073349,S01,1,32.5,32.5,390,390,object_unregistered,40.0,2405.8,0.58,warning,"Unregistered object (bottle) appeared at S01 at 00:32, not present during calibration",,
evt_0087,sess_20260823_073349,S01,1,32.5,32.5,390,390,object_unregistered,40.0,2445.8,0.32,warning,"Unregistered object (mouse) appeared at S01 at 00:32, not present during calibration",,
evt_0088,sess_20260823_073349,S01,1,32.67,32.67,392,392,object_unregistered,40.0,2485.5,0.59,warning,"Unregistered object (bottle) appeared at S01 at 00:32, not present during calibration",,
evt_0089,sess_20260823_073349,S01,1,32.67,32.67,392,392,object_unregistered,40.0,2525.5,0.31,warning,"Unregistered object (mouse) appeared at S01 at 00:32, not present during calibration",,
evt_0090,sess_20260823_073349,S01,1,32.83,32.83,394,394,object_unregistered,40.0,2565.2,0.59,warning,"Unregistered object (bottle) appeared at S01 at 00:32, not present during calibration",,
evt_0091,sess_20260823_073349,S01,1,32.83,32.83,394,394,object_unregistered,40.0,2605.2,0.32,warning,"Unregistered object (mouse) appeared at S01 at 00:32, not present during calibration",,
evt_0092,sess_20260823_073349,S01,1,33.0,33.0,396,396,object_unregistered,40.0,2645.0,0.58,warning,"Unregistered object (bottle) appeared at S01 at 00:33, not present during calibration",,
evt_0093,sess_20260823_073349,S01,1,33.0,33.0,396,396,object_unregistered,40.0,2685.0,0.32,warning,"Unregistered object (mouse) appeared at S01 at 00:33, not present during calibration",,
evt_0094,sess_20260823_073349,S01,1,33.17,33.17,398,398,object_unregistered,40.0,2724.8,0.58,warning,"Unregistered object (bottle) appeared at S01 at 00:33, not present during calibration",,
evt_0095,sess_20260823_073349,S01,1,33.17,33.17,398,398,object_unregistered,40.0,2764.8,0.3,warning,"Unregistered object (mouse) appeared at S01 at 00:33, not present during calibration",,
evt_0096,sess_20260823_073349,S01,1,33.33,33.33,400,400,object_unregistered,40.0,2804.5,0.58,warning,"Unregistered object (bottle) appeared at S01 at 00:33, not present during calibration",,
evt_0097,sess_20260823_073349,S01,1,33.5,33.5,402,402,object_unregistered,40.0,2844.2,0.58,warning,"Unregistered object (bottle) appeared at S01 at 00:33, not present during calibration",,
evt_0098,sess_20260823_073349,S01,1,33.5,33.5,402,402,object_unregistered,40.0,2884.2,0.3,warning,"Unregistered object (mouse) appeared at S01 at 00:33, not present during calibration",,
evt_0099,sess_20260823_073349,S01,1,33.67,33.67,404,404,object_unregistered,40.0,2924.0,0.58,warning,"Unregistered object (bottle) appeared at S01 at 00:33, not present during calibration",,
evt_0100,sess_20260823_073349,S01,1,33.83,33.83,406,406,object_unregistered,40.0,2963.8,0.58,warning,"Unregistered object (bottle) appeared at S01 at 00:33, not present during calibration",,
evt_0101,sess_20260823_073349,S01,1,33.83,33.83,406,406,object_unregistered,40.0,3003.8,0.3,warning,"Unregistered object (mouse) appeared at S01 at 00:33, not present during calibration",,
evt_0102,sess_20260823_073349,S01,1,34.0,34.0,408,408,object_unregistered,40.0,3043.5,0.58,warning,"Unregistered object (bottle) appeared at S01 at 00:34, not present during calibration",,
evt_0103,sess_20260823_073349,S01,1,34.0,34.0,408,408,object_unregistered,40.0,3083.5,0.33,warning,"Unregistered object (mouse) appeared at S01 at 00:34, not present during calibration",,
evt_0104,sess_20260823_073349,S01,1,34.17,34.17,410,410,object_unregistered,40.0,3123.2,0.57,warning,"Unregistered object (bottle) appeared at S01 at 00:34, not present during calibration",,
evt_0105,sess_20260823_073349,S01,1,34.17,34.17,410,410,object_unregistered,40.0,3163.2,0.31,warning,"Unregistered object (mouse) appeared at S01 at 00:34, not present during calibration",,
evt_0106,sess_20260823_073349,S01,1,34.33,34.33,412,412,object_unregistered,40.0,3203.0,0.57,warning,"Unregistered object (bottle) appeared at S01 at 00:34, not present during calibration",,
evt_0107,sess_20260823_073349,S01,1,34.33,34.33,412,412,object_unregistered,40.0,3243.0,0.32,warning,"Unregistered object (mouse) appeared at S01 at 00:34, not present during calibration",,
evt_0108,sess_20260823_073349,S01,1,34.5,34.5,414,414,object_unregistered,40.0,3282.8,0.58,warning,"Unregistered object (bottle) appeared at S01 at 00:34, not present during calibration",,
evt_0109,sess_20260823_073349,S01,1,34.67,34.67,416,416,object_unregistered,40.0,3322.5,0.58,warning,"Unregistered object (bottle) appeared at S01 at 00:34, not present during calibration",,
evt_0110,sess_20260823_073349,S01,1,34.67,34.67,416,416,object_unregistered,40.0,3362.5,0.3,warning,"Unregistered object (mouse) appeared at S01 at 00:34, not present during calibration",,
evt_0111,sess_20260823_073349,S01,1,34.83,34.83,418,418,object_unregistered,40.0,3402.2,0.58,warning,"Unregistered object (bottle) appeared at S01 at 00:34, not present during calibration",,
evt_0112,sess_20260823_073349,S01,1,35.0,35.0,420,420,object_unregistered,40.0,3442.0,0.58,warning,"Unregistered object (bottle) appeared at S01 at 00:35, not present during calibration",,
evt_0113,sess_20260823_073349,S01,1,35.17,35.17,422,422,object_unregistered,40.0,3481.8,0.58,warning,"Unregistered object (bottle) appeared at S01 at 00:35, not present during calibration",,
evt_0114,sess_20260823_073349,S01,1,35.33,35.33,424,424,object_unregistered,40.0,3521.5,0.58,warning,"Unregistered object (bottle) appeared at S01 at 00:35, not present during calibration",,
evt_0115,sess_20260823_073349,S01,1,35.5,35.5,426,426,object_unregistered,40.0,3561.2,0.6,warning,"Unregistered object (bottle) appeared at S01 at 00:35, not present during calibration",,
evt_0116,sess_20260823_073349,S01,1,35.5,35.5,426,426,object_unregistered,40.0,3601.2,0.3,warning,"Unregistered object (mouse) appeared at S01 at 00:35, not present during calibration",,
evt_0117,sess_20260823_073349,S01,1,35.67,35.67,428,428,object_unregistered,40.0,3641.0,0.6,warning,"Unregistered object (bottle) appeared at S01 at 00:35, not present during calibration",,
evt_0118,sess_20260823_073349,S01,1,35.83,35.83,430,430,object_unregistered,40.0,3680.8,0.6,warning,"Unregistered object (bottle) appeared at S01 at 00:35, not present during calibration",,
evt_0119,sess_20260823_073349,S01,1,35.83,35.83,430,430,object_unregistered,40.0,3720.8,0.31,warning,"Unregistered object (mouse) appeared at S01 at 00:35, not present during calibration",,
evt_0120,sess_20260823_073349,S01,1,36.0,36.0,432,432,object_unregistered,40.0,3760.5,0.6,warning,"Unregistered object (bottle) appeared at S01 at 00:36, not present during calibration",,
evt_0121,sess_20260823_073349,S01,1,36.17,36.17,434,434,object_unregistered,40.0,3800.2,0.6,warning,"Unregistered object (bottle) appeared at S01 at 00:36, not present during calibration",,
evt_0122,sess_20260823_073349,S01,1,36.33,36.33,436,436,object_unregistered,40.0,3840.0,0.6,warning,"Unregistered object (bottle) appeared at S01 at 00:36, not present during calibration",,
evt_0123,sess_20260823_073349,S01,1,36.5,36.5,438,438,object_unregistered,40.0,3879.8,0.6,warning,"Unregistered object (bottle) appeared at S01 at 00:36, not present during calibration",,
evt_0124,sess_20260823_073349,S01,1,36.67,36.67,440,440,object_unregistered,40.0,3919.5,0.6,warning,"Unregistered object (bottle) appeared at S01 at 00:36, not present during calibration",,
evt_0125,sess_20260823_073349,S01,1,36.83,36.83,442,442,object_unregistered,40.0,3959.2,0.6,warning,"Unregistered object (bottle) appeared at S01 at 00:36, not present during calibration",,
evt_0126,sess_20260823_073349,S01,1,37.0,37.0,444,444,object_unregistered,40.0,3999.0,0.61,warning,"Unregistered object (bottle) appeared at S01 at 00:37, not present during calibration",,
evt_0127,sess_20260823_073349,S01,1,36.08,37.08,420,445,head_turn,10.0,4008.9,0.87,warning,"Head turned left, 3.5 deviations from own baseline, held 1.0s",,
evt_0128,sess_20260823_073349,S01,1,11.25,37.08,-200,445,repeated_action,25.0,4033.9,0.9,critical,"3 separate events in 25s: head_turn, head_turn, head_turn",/api/clips/evt_0128,/api/thumbs/evt_0128
evt_0129,sess_20260823_073349,S01,1,37.17,37.17,446,446,object_unregistered,40.0,4073.8,0.6,warning,"Unregistered object (bottle) appeared at S01 at 00:37, not present during calibration",,
evt_0130,sess_20260823_073349,S01,1,37.33,37.33,448,448,object_unregistered,40.0,4113.5,0.6,warning,"Unregistered object (bottle) appeared at S01 at 00:37, not present during calibration",,
evt_0131,sess_20260823_073349,S01,1,37.5,37.5,450,450,object_unregistered,40.0,4153.2,0.6,warning,"Unregistered object (bottle) appeared at S01 at 00:37, not present during calibration",,
evt_0132,sess_20260823_073349,S01,1,37.67,37.67,452,452,object_unregistered,40.0,4193.0,0.6,warning,"Unregistered object (bottle) appeared at S01 at 00:37, not present during calibration",,
evt_0133,sess_20260823_073349,S01,1,37.83,37.83,454,454,object_unregistered,40.0,4232.8,0.6,warning,"Unregistered object (bottle) appeared at S01 at 00:37, not present during calibration",,
evt_0134,sess_20260823_073349,S01,1,38.0,38.0,456,456,object_unregistered,40.0,4272.5,0.6,warning,"Unregistered object (bottle) appeared at S01 at 00:38, not present during calibration",,
evt_0135,sess_20260823_073349,S01,1,38.17,38.17,458,458,object_unregistered,40.0,4312.2,0.6,warning,"Unregistered object (bottle) appeared at S01 at 00:38, not present during calibration",,
evt_0136,sess_20260823_073349,S01,1,38.33,38.33,460,460,object_unregistered,40.0,4352.0,0.6,warning,"Unregistered object (bottle) appeared at S01 at 00:38, not present during calibration",,
evt_0137,sess_20260823_073349,S01,1,38.5,38.5,462,462,object_unregistered,40.0,4391.8,0.6,warning,"Unregistered object (bottle) appeared at S01 at 00:38, not present during calibration",,
evt_0138,sess_20260823_073349,S01,1,38.67,38.67,464,464,object_unregistered,40.0,4431.5,0.6,warning,"Unregistered object (bottle) appeared at S01 at 00:38, not present during calibration",,
evt_0139,sess_20260823_073349,S01,1,38.83,38.83,466,466,object_unregistered,40.0,4471.2,0.6,warning,"Unregistered object (bottle) appeared at S01 at 00:38, not present during calibration",,
evt_0140,sess_20260823_073349,S01,1,39.0,39.0,468,468,object_unregistered,40.0,4511.0,0.6,warning,"Unregistered object (bottle) appeared at S01 at 00:39, not present during calibration",,
evt_0141,sess_20260823_073349,S01,1,39.17,39.17,470,470,object_unregistered,40.0,4550.8,0.6,warning,"Unregistered object (bottle) appeared at S01 at 00:39, not present during calibration",,
evt_0142,sess_20260823_073349,S01,1,39.33,39.33,472,472,object_unregistered,40.0,4590.5,0.6,warning,"Unregistered object (bottle) appeared at S01 at 00:39, not present during calibration",,
evt_0143,sess_20260823_073349,S01,1,39.5,39.5,474,474,object_unregistered,40.0,4630.2,0.6,warning,"Unregistered object (bottle) appeared at S01 at 00:39, not present during calibration",,
evt_0144,sess_20260823_073349,S01,1,39.67,39.67,476,476,object_unregistered,40.0,4670.0,0.6,warning,"Unregistered object (bottle) appeared at S01 at 00:39, not present during calibration",,
evt_0145,sess_20260823_073349,S01,1,39.83,39.83,478,478,object_unregistered,40.0,4709.8,0.6,warning,"Unregistered object (bottle) appeared at S01 at 00:39, not present during calibration",,
evt_0146,sess_20260823_073349,S01,1,40.0,40.0,480,480,object_unregistered,40.0,4749.5,0.6,warning,"Unregistered object (bottle) appeared at S01 at 00:40, not present during calibration",,
evt_0147,sess_20260823_073349,S01,1,40.17,40.17,482,482,object_unregistered,40.0,4789.2,0.6,warning,"Unregistered object (bottle) appeared at S01 at 00:40, not present during calibration",,
evt_0148,sess_20260823_073349,S01,1,40.33,40.33,484,484,object_unregistered,40.0,4829.0,0.6,warning,"Unregistered object (bottle) appeared at S01 at 00:40, not present during calibration",,
evt_0149,sess_20260823_073349,S01,1,40.5,40.5,486,486,object_unregistered,40.0,4868.8,0.6,warning,"Unregistered object (bottle) appeared at S01 at 00:40, not present during calibration",,
evt_0150,sess_20260823_073349,S01,1,40.67,40.67,488,488,object_unregistered,40.0,4908.5,0.6,warning,"Unregistered object (bottle) appeared at S01 at 00:40, not present during calibration",,
evt_0151,sess_20260823_073349,S01,1,40.83,40.83,490,490,object_unregistered,40.0,4948.2,0.6,warning,"Unregistered object (bottle) appeared at S01 at 00:40, not present during calibration",,
evt_0152,sess_20260823_073349,S01,1,41.0,41.0,492,492,object_unregistered,40.0,4988.0,0.59,warning,"Unregistered object (bottle) appeared at S01 at 00:41, not present during calibration",,
evt_0153,sess_20260823_073349,S01,1,41.17,41.17,494,494,object_unregistered,40.0,5027.8,0.59,warning,"Unregistered object (bottle) appeared at S01 at 00:41, not present during calibration",,
evt_0154,sess_20260823_073349,S01,1,41.33,41.33,496,496,object_unregistered,40.0,5067.5,0.59,warning,"Unregistered object (bottle) appeared at S01 at 00:41, not present during calibration",,
evt_0155,sess_20260823_073349,S01,1,41.5,41.5,498,498,object_unregistered,40.0,5107.2,0.58,warning,"Unregistered object (bottle) appeared at S01 at 00:41, not present during calibration",,
evt_0156,sess_20260823_073349,S01,1,41.67,41.67,500,500,object_unregistered,40.0,5147.0,0.61,warning,"Unregistered object (bottle) appeared at S01 at 00:41, not present during calibration",,
evt_0157,sess_20260823_073349,S01,1,41.67,41.67,500,500,object_unregistered,40.0,5187.0,0.44,warning,"Unregistered object (mouse) appeared at S01 at 00:41, not present during calibration",,
evt_0158,sess_20260823_073349,S01,1,41.83,41.83,502,502,object_unregistered,40.0,5226.8,0.61,warning,"Unregistered object (bottle) appeared at S01 at 00:41, not present during calibration",,
evt_0159,sess_20260823_073349,S01,1,42.0,42.0,504,504,object_unregistered,40.0,5266.5,0.61,warning,"Unregistered object (bottle) appeared at S01 at 00:42, not present during calibration",,
evt_0160,sess_20260823_073349,S01,1,42.17,42.17,506,506,object_unregistered,40.0,5306.2,0.58,warning,"Unregistered object (bottle) appeared at S01 at 00:42, not present during calibration",,
evt_0161,sess_20260823_073349,S01,1,42.33,42.33,508,508,object_unregistered,40.0,5346.0,0.58,warning,"Unregistered object (bottle) appeared at S01 at 00:42, not present during calibration",,
evt_0162,sess_20260823_073349,S01,1,42.33,42.33,508,508,object_unregistered,40.0,5386.0,0.34,warning,"Unregistered object (mouse) appeared at S01 at 00:42, not present during calibration",,
evt_0163,sess_20260823_073349,S01,1,42.5,42.5,510,510,object_unregistered,40.0,5425.8,0.58,warning,"Unregistered object (bottle) appeared at S01 at 00:42, not present during calibration",,
evt_0164,sess_20260823_073349,S01,1,42.5,42.5,510,510,object_unregistered,40.0,5465.8,0.41,warning,"Unregistered object (mouse) appeared at S01 at 00:42, not present during calibration",,
evt_0165,sess_20260823_073349,S01,1,42.67,42.67,512,512,object_unregistered,40.0,5505.5,0.58,warning,"Unregistered object (bottle) appeared at S01 at 00:42, not present during calibration",,
evt_0166,sess_20260823_073349,S01,1,42.67,42.67,512,512,object_unregistered,40.0,5545.5,0.39,warning,"Unregistered object (mouse) appeared at S01 at 00:42, not present during calibration",,
evt_0167,sess_20260823_073349,S01,1,42.83,42.83,514,514,object_unregistered,40.0,5585.2,0.58,warning,"Unregistered object (bottle) appeared at S01 at 00:42, not present during calibration",,
evt_0168,sess_20260823_073349,S01,1,42.83,42.83,514,514,object_unregistered,40.0,5625.2,0.35,warning,"Unregistered object (mouse) appeared at S01 at 00:42, not present during calibration",,
evt_0169,sess_20260823_073349,S01,1,43.0,43.0,516,516,object_unregistered,40.0,5665.0,0.58,warning,"Unregistered object (bottle) appeared at S01 at 00:43, not present during calibration",,
evt_0170,sess_20260823_073349,S01,1,43.0,43.0,516,516,object_unregistered,40.0,5705.0,0.37,warning,"Unregistered object (mouse) appeared at S01 at 00:43, not present during calibration",,
evt_0171,sess_20260823_073349,S01,1,42.08,43.08,492,517,head_turn,10.0,5714.9,0.71,warning,"Head turned left, 2.8 deviations from own baseline, held 1.0s",,
evt_0172,sess_20260823_073349,S01,1,43.17,43.17,518,518,object_unregistered,40.0,5754.8,0.58,warning,"Unregistered object (bottle) appeared at S01 at 00:43, not present during calibration",,
evt_0173,sess_20260823_073349,S01,1,43.17,43.17,518,518,object_unregistered,40.0,5794.8,0.44,warning,"Unregistered object (mouse) appeared at S01 at 00:43, not present during calibration",,
evt_0174,sess_20260823_073349,S01,1,43.17,43.17,518,518,object_unregistered,40.0,5834.8,0.41,warning,"Unregistered object (mouse) appeared at S01 at 00:43, not present during calibration",,
evt_0175,sess_20260823_073349,S01,1,43.33,43.33,520,520,object_unregistered,40.0,5874.5,0.58,critical,"Unregistered object (bottle) appeared at S01 at 00:43, not present during calibration",,
evt_0176,sess_20260823_073349,S01,1,43.33,43.33,520,520,object_unregistered,40.0,5914.5,0.47,warning,"Unregistered object (mouse) appeared at S01 at 00:43, not present during calibration",,
evt_0177,sess_20260823_073349,S01,1,43.33,43.33,520,520,object_unregistered,40.0,5954.5,0.42,warning,"Unregistered object (mouse) appeared at S01 at 00:43, not present during calibration",,
evt_0178,sess_20260823_073349,S01,1,43.5,43.5,522,522,object_unregistered,40.0,5994.2,0.58,warning,"Unregistered object (bottle) appeared at S01 at 00:43, not present during calibration",,
evt_0179,sess_20260823_073349,S01,1,43.5,43.5,522,522,object_unregistered,40.0,6034.2,0.47,warning,"Unregistered object (mouse) appeared at S01 at 00:43, not present during calibration",,
evt_0180,sess_20260823_073349,S01,1,43.5,43.5,522,522,object_unregistered,40.0,6074.2,0.42,warning,"Unregistered object (mouse) appeared at S01 at 00:43, not present during calibration",,
evt_0181,sess_20260823_073349,S01,1,43.67,43.67,524,524,object_unregistered,40.0,6114.0,0.58,warning,"Unregistered object (bottle) appeared at S01 at 00:43, not present during calibration",,
evt_0182,sess_20260823_073349,S01,1,43.67,43.67,524,524,object_unregistered,40.0,6154.0,0.46,warning,"Unregistered object (mouse) appeared at S01 at 00:43, not present during calibration",,
evt_0183,sess_20260823_073349,S01,1,43.67,43.67,524,524,object_unregistered,40.0,6194.0,0.39,warning,"Unregistered object (mouse) appeared at S01 at 00:43, not present during calibration",,
evt_0184,sess_20260823_073349,S01,1,43.83,43.83,526,526,object_unregistered,40.0,6233.8,0.58,warning,"Unregistered object (bottle) appeared at S01 at 00:43, not present during calibration",,
evt_0185,sess_20260823_073349,S01,1,43.83,43.83,526,526,object_unregistered,40.0,6273.8,0.47,warning,"Unregistered object (mouse) appeared at S01 at 00:43, not present during calibration",,
evt_0186,sess_20260823_073349,S01,1,43.83,43.83,526,526,object_unregistered,40.0,6313.8,0.35,warning,"Unregistered object (mouse) appeared at S01 at 00:43, not present during calibration",,
evt_0187,sess_20260823_073349,S01,1,44.0,44.0,528,528,object_unregistered,40.0,6353.5,0.58,warning,"Unregistered object (bottle) appeared at S01 at 00:44, not present during calibration",,
evt_0188,sess_20260823_073349,S01,1,44.0,44.0,528,528,object_unregistered,40.0,6393.5,0.46,warning,"Unregistered object (mouse) appeared at S01 at 00:44, not present during calibration",,
evt_0189,sess_20260823_073349,S01,1,44.0,44.0,528,528,object_unregistered,40.0,6433.5,0.34,warning,"Unregistered object (mouse) appeared at S01 at 00:44, not present during calibration",,
evt_0190,sess_20260823_073349,S01,1,44.17,44.17,530,530,object_unregistered,40.0,6473.2,0.58,warning,"Unregistered object (bottle) appeared at S01 at 00:44, not present during calibration",,
evt_0191,sess_20260823_073349,S01,1,44.17,44.17,530,530,object_unregistered,40.0,6513.2,0.46,warning,"Unregistered object (mouse) appeared at S01 at 00:44, not present during calibration",,
evt_0192,sess_20260823_073349,S01,1,44.17,44.17,530,530,object_unregistered,40.0,6553.2,0.35,warning,"Unregistered object (mouse) appeared at S01 at 00:44, not present during calibration",,
evt_0193,sess_20260823_073349,S01,1,44.33,44.33,532,532,object_unregistered,40.0,6593.0,0.58,warning,"Unregistered object (bottle) appeared at S01 at 00:44, not present during calibration",,
evt_0194,sess_20260823_073349,S01,1,44.33,44.33,532,532,object_unregistered,40.0,6633.0,0.46,warning,"Unregistered object (mouse) appeared at S01 at 00:44, not present during calibration",,
evt_0195,sess_20260823_073349,S01,1,44.5,44.5,534,534,object_unregistered,40.0,6672.8,0.58,warning,"Unregistered object (bottle) appeared at S01 at 00:44, not present during calibration",,
evt_0196,sess_20260823_073349,S01,1,44.5,44.5,534,534,object_unregistered,40.0,6712.8,0.46,warning,"Unregistered object (mouse) appeared at S01 at 00:44, not present during calibration",,
evt_0197,sess_20260823_073349,S01,1,44.67,44.67,536,536,object_unregistered,40.0,6752.5,0.58,warning,"Unregistered object (bottle) appeared at S01 at 00:44, not present during calibration",,
evt_0198,sess_20260823_073349,S01,1,44.67,44.67,536,536,object_unregistered,40.0,6792.5,0.47,warning,"Unregistered object (mouse) appeared at S01 at 00:44, not present during calibration",,
evt_0199,sess_20260823_073349,S01,1,44.83,44.83,538,538,object_unregistered,40.0,6832.2,0.58,warning,"Unregistered object (bottle) appeared at S01 at 00:44, not present during calibration",,
evt_0200,sess_20260823_073349,S01,1,44.83,44.83,538,538,object_unregistered,40.0,6872.2,0.46,warning,"Unregistered object (mouse) appeared at S01 at 00:44, not present during calibration",,
evt_0201,sess_20260823_073349,S01,1,45.0,45.0,540,540,object_unregistered,40.0,6912.0,0.57,warning,"Unregistered object (bottle) appeared at S01 at 00:45, not present during calibration",,
evt_0202,sess_20260823_073349,S01,1,45.0,45.0,540,540,object_unregistered,40.0,6952.0,0.46,warning,"Unregistered object (mouse) appeared at S01 at 00:45, not present during calibration",,
evt_0203,sess_20260823_073349,S01,1,45.17,45.17,542,542,object_unregistered,40.0,6991.8,0.57,warning,"Unregistered object (bottle) appeared at S01 at 00:45, not present during calibration",,
evt_0204,sess_20260823_073349,S01,1,45.17,45.17,542,542,object_unregistered,40.0,7031.8,0.46,warning,"Unregistered object (mouse) appeared at S01 at 00:45, not present during calibration",,
evt_0205,sess_20260823_073349,S01,1,45.33,45.33,544,544,object_unregistered,40.0,7071.5,0.57,warning,"Unregistered object (bottle) appeared at S01 at 00:45, not present during calibration",,
evt_0206,sess_20260823_073349,S01,1,45.33,45.33,544,544,object_unregistered,40.0,7111.5,0.46,warning,"Unregistered object (mouse) appeared at S01 at 00:45, not present during calibration",,
evt_0207,sess_20260823_073349,S01,1,45.5,45.5,546,546,object_unregistered,40.0,7151.2,0.57,warning,"Unregistered object (bottle) appeared at S01 at 00:45, not present during calibration",,
evt_0208,sess_20260823_073349,S01,1,45.5,45.5,546,546,object_unregistered,40.0,7191.2,0.45,warning,"Unregistered object (mouse) appeared at S01 at 00:45, not present during calibration",,
evt_0209,sess_20260823_073349,S01,1,45.5,45.5,546,546,object_unregistered,40.0,7231.2,0.31,warning,"Unregistered object (mouse) appeared at S01 at 00:45, not present during calibration",,
evt_0210,sess_20260823_073349,S01,1,45.67,45.67,548,548,object_unregistered,40.0,7271.0,0.56,warning,"Unregistered object (bottle) appeared at S01 at 00:45, not present during calibration",,
evt_0211,sess_20260823_073349,S01,1,45.67,45.67,548,548,object_unregistered,40.0,7311.0,0.44,warning,"Unregistered object (mouse) appeared at S01 at 00:45, not present during calibration",,
evt_0212,sess_20260823_073349,S01,1,45.67,45.67,548,548,object_unregistered,40.0,7351.0,0.3,warning,"Unregistered object (mouse) appeared at S01 at 00:45, not present during calibration",,
evt_0213,sess_20260823_073349,S01,1,45.83,45.83,550,550,object_unregistered,40.0,7390.8,0.57,warning,"Unregistered object (bottle) appeared at S01 at 00:45, not present during calibration",,
evt_0214,sess_20260823_073349,S01,1,45.83,45.83,550,550,object_unregistered,40.0,7430.8,0.45,warning,"Unregistered object (mouse) appeared at S01 at 00:45, not present during calibration",,
evt_0215,sess_20260823_073349,S01,1,45.83,45.83,550,550,object_unregistered,40.0,7470.8,0.34,warning,"Unregistered object (mouse) appeared at S01 at 00:45, not present during calibration",,
evt_0216,sess_20260823_073349,S01,1,46.0,46.0,552,552,object_unregistered,40.0,7510.5,0.56,warning,"Unregistered object (bottle) appeared at S01 at 00:46, not present during calibration",,
evt_0217,sess_20260823_073349,S01,1,46.0,46.0,552,552,object_unregistered,40.0,7550.5,0.46,warning,"Unregistered object (mouse) appeared at S01 at 00:46, not present during calibration",,
evt_0218,sess_20260823_073349,S01,1,46.0,46.0,552,552,object_unregistered,40.0,7590.5,0.34,warning,"Unregistered object (mouse) appeared at S01 at 00:46, not present during calibration",,
evt_0219,sess_20260823_073349,S01,1,46.17,46.17,554,554,object_unregistered,40.0,7630.2,0.58,warning,"Unregistered object (bottle) appeared at S01 at 00:46, not present during calibration",,
evt_0220,sess_20260823_073349,S01,1,46.17,46.17,554,554,object_unregistered,40.0,7670.2,0.46,warning,"Unregistered object (mouse) appeared at S01 at 00:46, not present during calibration",,
evt_0221,sess_20260823_073349,S01,1,46.17,46.17,554,554,object_unregistered,40.0,7710.2,0.33,warning,"Unregistered object (mouse) appeared at S01 at 00:46, not present during calibration",,
evt_0222,sess_20260823_073349,S01,1,46.33,46.33,556,556,object_unregistered,40.0,7750.0,0.59,warning,"Unregistered object (bottle) appeared at S01 at 00:46, not present during calibration",,
evt_0223,sess_20260823_073349,S01,1,46.33,46.33,556,556,object_unregistered,40.0,7790.0,0.46,warning,"Unregistered object (mouse) appeared at S01 at 00:46, not present during calibration",,
evt_0224,sess_20260823_073349,S01,1,46.33,46.33,556,556,object_unregistered,40.0,7830.0,0.32,warning,"Unregistered object (mouse) appeared at S01 at 00:46, not present during calibration",,
evt_0225,sess_20260823_073349,S01,1,46.5,46.5,558,558,object_unregistered,40.0,7869.8,0.59,warning,"Unregistered object (bottle) appeared at S01 at 00:46, not present during calibration",,
evt_0226,sess_20260823_073349,S01,1,46.5,46.5,558,558,object_unregistered,40.0,7909.8,0.47,warning,"Unregistered object (mouse) appeared at S01 at 00:46, not present during calibration",,
evt_0227,sess_20260823_073349,S01,1,46.5,46.5,558,558,object_unregistered,40.0,7949.8,0.32,warning,"Unregistered object (mouse) appeared at S01 at 00:46, not present during calibration",,
evt_0228,sess_20260823_073349,S01,1,46.67,46.67,560,560,object_unregistered,40.0,7989.5,0.58,warning,"Unregistered object (bottle) appeared at S01 at 00:46, not present during calibration",,
evt_0229,sess_20260823_073349,S01,1,46.67,46.67,560,560,object_unregistered,40.0,8029.5,0.47,warning,"Unregistered object (mouse) appeared at S01 at 00:46, not present during calibration",,
evt_0230,sess_20260823_073349,S01,1,46.67,46.67,560,560,object_unregistered,40.0,8069.5,0.31,warning,"Unregistered object (mouse) appeared at S01 at 00:46, not present during calibration",,
evt_0231,sess_20260823_073349,S01,1,46.83,46.83,562,562,object_unregistered,40.0,8109.2,0.56,warning,"Unregistered object (bottle) appeared at S01 at 00:46, not present during calibration",,
evt_0232,sess_20260823_073349,S01,1,46.83,46.83,562,562,object_unregistered,40.0,8149.2,0.47,warning,"Unregistered object (mouse) appeared at S01 at 00:46, not present during calibration",,
evt_0233,sess_20260823_073349,S01,1,46.83,46.83,562,562,object_unregistered,40.0,8189.2,0.3,warning,"Unregistered object (mouse) appeared at S01 at 00:46, not present during calibration",,
evt_0234,sess_20260823_073349,S01,1,47.0,47.0,564,564,object_unregistered,40.0,8229.0,0.58,warning,"Unregistered object (bottle) appeared at S01 at 00:47, not present during calibration",,
evt_0235,sess_20260823_073349,S01,1,47.0,47.0,564,564,object_unregistered,40.0,8269.0,0.43,warning,"Unregistered object (mouse) appeared at S01 at 00:47, not present during calibration",,
evt_0236,sess_20260823_073349,S01,1,47.0,47.0,564,564,object_unregistered,40.0,8309.0,0.31,warning,"Unregistered object (mouse) appeared at S01 at 00:47, not present during calibration",,
evt_0237,sess_20260823_073349,S01,1,30.08,47.08,140,565,repeated_action,25.0,8333.9,0.9,warning,"3 separate events in 17s: head_turn, head_turn, head_turn",,
evt_0238,sess_20260823_073349,S01,1,47.17,47.17,566,566,object_unregistered,40.0,8373.8,0.58,warning,"Unregistered object (bottle) appeared at S01 at 00:47, not present during calibration",,
evt_0239,sess_20260823_073349,S01,1,47.17,47.17,566,566,object_unregistered,40.0,8413.8,0.42,warning,"Unregistered object (mouse) appeared at S01 at 00:47, not present during calibration",,
evt_0240,sess_20260823_073349,S01,1,47.17,47.17,566,566,object_unregistered,40.0,8453.8,0.32,warning,"Unregistered object (mouse) appeared at S01 at 00:47, not present during calibration",,
evt_0241,sess_20260823_073349,S01,1,47.33,47.33,568,568,object_unregistered,40.0,8493.5,0.59,warning,"Unregistered object (bottle) appeared at S01 at 00:47, not present during calibration",,
evt_0242,sess_20260823_073349,S01,1,47.33,47.33,568,568,object_unregistered,40.0,8533.5,0.43,warning,"Unregistered object (mouse) appeared at S01 at 00:47, not present during calibration",,
evt_0243,sess_20260823_073349,S01,1,47.33,47.33,568,568,object_unregistered,40.0,8573.5,0.31,warning,"Unregistered object (mouse) appeared at S01 at 00:47, not present during calibration",,
evt_0244,sess_20260823_073349,S01,1,47.5,47.5,570,570,object_unregistered,40.0,8613.2,0.57,warning,"Unregistered object (bottle) appeared at S01 at 00:47, not present during calibration",,
evt_0245,sess_20260823_073349,S01,1,47.5,47.5,570,570,object_unregistered,40.0,8653.2,0.42,warning,"Unregistered object (mouse) appeared at S01 at 00:47, not present during calibration",,
evt_0246,sess_20260823_073349,S01,1,47.5,47.5,570,570,object_unregistered,40.0,8693.2,0.31,warning,"Unregistered object (mouse) appeared at S01 at 00:47, not present during calibration",,
evt_0247,sess_20260823_073349,S01,1,47.67,47.67,572,572,object_unregistered,40.0,8733.0,0.58,warning,"Unregistered object (bottle) appeared at S01 at 00:47, not present during calibration",,
evt_0248,sess_20260823_073349,S01,1,47.67,47.67,572,572,object_unregistered,40.0,8773.0,0.43,warning,"Unregistered object (mouse) appeared at S01 at 00:47, not present during calibration",,
evt_0249,sess_20260823_073349,S01,1,47.67,47.67,572,572,object_unregistered,40.0,8813.0,0.33,warning,"Unregistered object (mouse) appeared at S01 at 00:47, not present during calibration",,
evt_0250,sess_20260823_073349,S01,1,47.83,47.83,574,574,object_unregistered,40.0,8852.8,0.59,warning,"Unregistered object (bottle) appeared at S01 at 00:47, not present during calibration",,
evt_0251,sess_20260823_073349,S01,1,47.83,47.83,574,574,object_unregistered,40.0,8892.8,0.44,warning,"Unregistered object (mouse) appeared at S01 at 00:47, not present during calibration",,
evt_0252,sess_20260823_073349,S01,1,47.83,47.83,574,574,object_unregistered,40.0,8932.8,0.36,warning,"Unregistered object (mouse) appeared at S01 at 00:47, not present during calibration",,
evt_0253,sess_20260823_073349,S01,1,48.0,48.0,576,576,object_unregistered,40.0,8972.5,0.59,warning,"Unregistered object (bottle) appeared at S01 at 00:48, not present during calibration",,
evt_0254,sess_20260823_073349,S01,1,48.0,48.0,576,576,object_unregistered,40.0,9012.5,0.44,warning,"Unregistered object (mouse) appeared at S01 at 00:48, not present during calibration",,
evt_0255,sess_20260823_073349,S01,1,48.0,48.0,576,576,object_unregistered,40.0,9052.5,0.39,warning,"Unregistered object (mouse) appeared at S01 at 00:48, not present during calibration",,
evt_0256,sess_20260823_073349,S01,1,48.17,48.17,578,578,object_unregistered,40.0,9092.2,0.58,warning,"Unregistered object (bottle) appeared at S01 at 00:48, not present during calibration",,
evt_0257,sess_20260823_073349,S01,1,48.17,48.17,578,578,object_unregistered,40.0,9132.2,0.44,warning,"Unregistered object (mouse) appeared at S01 at 00:48, not present during calibration",,
evt_0258,sess_20260823_073349,S01,1,48.17,48.17,578,578,object_unregistered,40.0,9172.2,0.35,warning,"Unregistered object (mouse) appeared at S01 at 00:48, not present during calibration",,
evt_0259,sess_20260823_073349,S01,1,48.33,48.33,580,580,object_unregistered,40.0,9212.0,0.59,warning,"Unregistered object (bottle) appeared at S01 at 00:48, not present during calibration",,
evt_0260,sess_20260823_073349,S01,1,48.33,48.33,580,580,object_unregistered,40.0,9252.0,0.44,warning,"Unregistered object (mouse) appeared at S01 at 00:48, not present during calibration",,
evt_0261,sess_20260823_073349,S01,1,48.33,48.33,580,580,object_unregistered,40.0,9292.0,0.35,warning,"Unregistered object (mouse) appeared at S01 at 00:48, not present during calibration",,
evt_0262,sess_20260823_073349,S01,1,48.5,48.5,582,582,object_unregistered,40.0,9331.8,0.58,warning,"Unregistered object (bottle) appeared at S01 at 00:48, not present during calibration",,
evt_0263,sess_20260823_073349,S01,1,48.5,48.5,582,582,object_unregistered,40.0,9371.8,0.43,warning,"Unregistered object (mouse) appeared at S01 at 00:48, not present during calibration",,
evt_0264,sess_20260823_073349,S01,1,48.5,48.5,582,582,object_unregistered,40.0,9411.8,0.36,warning,"Unregistered object (mouse) appeared at S01 at 00:48, not present during calibration",,
evt_0265,sess_20260823_073349,S01,1,48.67,48.67,584,584,object_unregistered,40.0,9451.5,0.57,warning,"Unregistered object (bottle) appeared at S01 at 00:48, not present during calibration",,
evt_0266,sess_20260823_073349,S01,1,48.67,48.67,584,584,object_unregistered,40.0,9491.5,0.41,warning,"Unregistered object (mouse) appeared at S01 at 00:48, not present during calibration",,
evt_0267,sess_20260823_073349,S01,1,48.67,48.67,584,584,object_unregistered,40.0,9531.5,0.34,warning,"Unregistered object (mouse) appeared at S01 at 00:48, not present during calibration",,
evt_0268,sess_20260823_073349,S01,1,48.83,48.83,586,586,object_unregistered,40.0,9571.2,0.58,warning,"Unregistered object (bottle) appeared at S01 at 00:48, not present during calibration",,
evt_0269,sess_20260823_073349,S01,1,48.83,48.83,586,586,object_unregistered,40.0,9611.2,0.36,warning,"Unregistered object (mouse) appeared at S01 at 00:48, not present during calibration",,
evt_0270,sess_20260823_073349,S01,1,49.0,49.0,588,588,object_unregistered,40.0,9651.0,0.58,warning,"Unregistered object (bottle) appeared at S01 at 00:49, not present during calibration",,
evt_0271,sess_20260823_073349,S01,1,49.0,49.0,588,588,object_unregistered,40.0,9691.0,0.35,warning,"Unregistered object (mouse) appeared at S01 at 00:49, not present during calibration",,
evt_0272,sess_20260823_073349,S01,1,49.17,49.17,590,590,object_unregistered,40.0,9730.8,0.59,warning,"Unregistered object (bottle) appeared at S01 at 00:49, not present during calibration",,
evt_0273,sess_20260823_073349,S01,1,49.17,49.17,590,590,object_unregistered,40.0,9770.8,0.36,warning,"Unregistered object (mouse) appeared at S01 at 00:49, not present during calibration",,
evt_0274,sess_20260823_073349,S01,1,49.17,49.17,590,590,object_unregistered,40.0,9810.8,0.3,warning,"Unregistered object (mouse) appeared at S01 at 00:49, not present during calibration",,
evt_0275,sess_20260823_073349,S01,1,49.33,49.33,592,592,object_unregistered,40.0,9850.5,0.59,warning,"Unregistered object (bottle) appeared at S01 at 00:49, not present during calibration",,
evt_0276,sess_20260823_073349,S01,1,49.33,49.33,592,592,object_unregistered,40.0,9890.5,0.35,warning,"Unregistered object (mouse) appeared at S01 at 00:49, not present during calibration",,
evt_0277,sess_20260823_073349,S01,1,49.5,49.5,594,594,object_unregistered,40.0,9930.2,0.59,warning,"Unregistered object (bottle) appeared at S01 at 00:49, not present during calibration",,
evt_0278,sess_20260823_073349,S01,1,49.5,49.5,594,594,object_unregistered,40.0,9970.2,0.35,warning,"Unregistered object (mouse) appeared at S01 at 00:49, not present during calibration",,
evt_0279,sess_20260823_073349,S01,1,49.67,49.67,596,596,object_unregistered,40.0,10010.0,0.59,warning,"Unregistered object (bottle) appeared at S01 at 00:49, not present during calibration",,
evt_0280,sess_20260823_073349,S01,1,49.83,49.83,598,598,object_unregistered,40.0,10049.8,0.59,warning,"Unregistered object (bottle) appeared at S01 at 00:49, not present during calibration",,
evt_0281,sess_20260823_073349,S01,1,49.83,49.83,598,598,object_unregistered,40.0,10089.8,0.35,warning,"Unregistered object (mouse) appeared at S01 at 00:49, not present during calibration",,
evt_0282,sess_20260823_073349,S01,1,50.0,50.0,600,600,object_unregistered,40.0,10129.5,0.58,warning,"Unregistered object (bottle) appeared at S01 at 00:50, not present during calibration",,
evt_0283,sess_20260823_073349,S01,1,50.0,50.0,600,600,object_unregistered,40.0,10169.5,0.36,warning,"Unregistered object (mouse) appeared at S01 at 00:50, not present during calibration",,
evt_0284,sess_20260823_073349,S01,1,50.0,50.0,600,600,object_unregistered,40.0,10209.5,0.3,warning,"Unregistered object (mouse) appeared at S01 at 00:50, not present during calibration",,
evt_0285,sess_20260823_073349,S01,1,50.17,50.17,602,602,object_unregistered,40.0,10249.2,0.58,warning,"Unregistered object (bottle) appeared at S01 at 00:50, not present during calibration",,
evt_0286,sess_20260823_073349,S01,1,50.17,50.17,602,602,object_unregistered,40.0,10289.2,0.35,warning,"Unregistered object (mouse) appeared at S01 at 00:50, not present during calibration",,
evt_0287,sess_20260823_073349,S01,1,50.33,50.33,604,604,object_unregistered,40.0,10329.0,0.58,warning,"Unregistered object (bottle) appeared at S01 at 00:50, not present during calibration",,
evt_0288,sess_20260823_073349,S01,1,50.33,50.33,604,604,object_unregistered,40.0,10369.0,0.35,warning,"Unregistered object (mouse) appeared at S01 at 00:50, not present during calibration",,
evt_0289,sess_20260823_073349,S01,1,50.5,50.5,606,606,object_unregistered,40.0,10408.8,0.59,warning,"Unregistered object (bottle) appeared at S01 at 00:50, not present during calibration",,
evt_0290,sess_20260823_073349,S01,1,50.5,50.5,606,606,object_unregistered,40.0,10448.8,0.36,warning,"Unregistered object (mouse) appeared at S01 at 00:50, not present during calibration",,
evt_0291,sess_20260823_073349,S01,1,50.5,50.5,606,606,object_unregistered,40.0,10488.8,0.31,warning,"Unregistered object (mouse) appeared at S01 at 00:50, not present during calibration",,
evt_0292,sess_20260823_073349,S01,1,50.67,50.67,608,608,object_unregistered,40.0,10528.5,0.58,warning,"Unregistered object (bottle) appeared at S01 at 00:50, not present during calibration",,
evt_0293,sess_20260823_073349,S01,1,50.67,50.67,608,608,object_unregistered,40.0,10568.5,0.36,warning,"Unregistered object (mouse) appeared at S01 at 00:50, not present during calibration",,
evt_0294,sess_20260823_073349,S01,1,50.67,50.67,608,608,object_unregistered,40.0,10608.5,0.31,warning,"Unregistered object (mouse) appeared at S01 at 00:50, not present during calibration",,
evt_0295,sess_20260823_073349,S01,1,50.83,50.83,610,610,object_unregistered,40.0,10648.2,0.58,warning,"Unregistered object (bottle) appeared at S01 at 00:50, not present during calibration",,
evt_0296,sess_20260823_073349,S01,1,50.83,50.83,610,610,object_unregistered,40.0,10688.2,0.36,warning,"Unregistered object (mouse) appeared at S01 at 00:50, not present during calibration",,
evt_0297,sess_20260823_073349,S01,1,50.83,50.83,610,610,object_unregistered,40.0,10728.2,0.33,warning,"Unregistered object (mouse) appeared at S01 at 00:50, not present during calibration",,
evt_0298,sess_20260823_073349,S01,1,51.0,51.0,612,612,object_unregistered,40.0,10768.0,0.58,warning,"Unregistered object (bottle) appeared at S01 at 00:51, not present during calibration",,
evt_0299,sess_20260823_073349,S01,1,51.0,51.0,612,612,object_unregistered,40.0,10808.0,0.36,warning,"Unregistered object (mouse) appeared at S01 at 00:51, not present during calibration",,
evt_0300,sess_20260823_073349,S01,1,51.0,51.0,612,612,object_unregistered,40.0,10848.0,0.36,warning,"Unregistered object (mouse) appeared at S01 at 00:51, not present during calibration",,
evt_0301,sess_20260823_073349,S01,1,51.17,51.17,614,614,object_unregistered,40.0,10887.8,0.37,warning,"Unregistered object (mouse) appeared at S01 at 00:51, not present during calibration",,
evt_0302,sess_20260823_073349,S01,1,51.33,51.33,616,616,object_unregistered,40.0,10927.5,0.35,warning,"Unregistered object (mouse) appeared at S01 at 00:51, not present during calibration",,
evt_0303,sess_20260823_073349,S01,1,51.5,51.5,618,618,object_unregistered,40.0,10967.2,0.33,warning,"Unregistered object (mouse) appeared at S01 at 00:51, not present during calibration",,
evt_0304,sess_20260823_073349,S01,1,51.67,51.67,620,620,object_unregistered,40.0,11007.0,0.3,warning,"Unregistered object (mouse) appeared at S01 at 00:51, not present during calibration",,
evt_0305,sess_20260823_073349,S01,1,51.83,51.83,622,622,object_unregistered,40.0,11046.8,0.58,warning,"Unregistered object (bottle) appeared at S01 at 00:51, not present during calibration",,
evt_0306,sess_20260823_073349,S01,1,51.83,51.83,622,622,object_unregistered,40.0,11086.8,0.36,warning,"Unregistered object (mouse) appeared at S01 at 00:51, not present during calibration",,
evt_0307,sess_20260823_073349,S01,1,51.83,51.83,622,622,object_unregistered,40.0,11126.8,0.3,warning,"Unregistered object (mouse) appeared at S01 at 00:51, not present during calibration",,
evt_0308,sess_20260823_073349,S01,1,52.0,52.0,624,624,object_unregistered,40.0,11166.5,0.58,warning,"Unregistered object (bottle) appeared at S01 at 00:52, not present during calibration",,
evt_0309,sess_20260823_073349,S01,1,52.0,52.0,624,624,object_unregistered,40.0,11206.5,0.37,warning,"Unregistered object (mouse) appeared at S01 at 00:52, not present during calibration",,
evt_0310,sess_20260823_073349,S01,1,52.0,52.0,624,624,object_unregistered,40.0,11246.5,0.33,warning,"Unregistered object (mouse) appeared at S01 at 00:52, not present during calibration",,
evt_0311,sess_20260823_073349,S01,1,52.5,52.5,630,630,object_unregistered,40.0,11285.8,0.58,warning,"Unregistered object (bottle) appeared at S01 at 00:52, not present during calibration",,
evt_0312,sess_20260823_073349,S01,1,52.67,52.67,632,632,object_unregistered,40.0,11325.5,0.57,warning,"Unregistered object (bottle) appeared at S01 at 00:52, not present during calibration",,
evt_0313,sess_20260823_073349,S01,1,52.83,52.83,634,634,object_unregistered,40.0,11365.2,0.57,warning,"Unregistered object (bottle) appeared at S01 at 00:52, not present during calibration",,
evt_0314,sess_20260823_073349,S01,1,52.83,52.83,634,634,object_unregistered,40.0,11405.2,0.38,warning,"Unregistered object (mouse) appeared at S01 at 00:52, not present during calibration",,
evt_0315,sess_20260823_073349,S01,1,53.0,53.0,636,636,object_unregistered,40.0,11445.0,0.58,warning,"Unregistered object (bottle) appeared at S01 at 00:53, not present during calibration",,
evt_0316,sess_20260823_073349,S01,1,53.0,53.0,636,636,object_unregistered,40.0,11485.0,0.39,warning,"Unregistered object (mouse) appeared at S01 at 00:53, not present during calibration",,
evt_0317,sess_20260823_073349,S01,1,53.17,53.17,638,638,object_unregistered,40.0,11524.8,0.59,warning,"Unregistered object (bottle) appeared at S01 at 00:53, not present during calibration",,
evt_0318,sess_20260823_073349,S01,1,53.17,53.17,638,638,object_unregistered,40.0,11564.8,0.4,warning,"Unregistered object (mouse) appeared at S01 at 00:53, not present during calibration",,
evt_0319,sess_20260823_073349,S01,1,53.33,53.33,640,640,object_unregistered,40.0,11604.5,0.59,warning,"Unregistered object (bottle) appeared at S01 at 00:53, not present during calibration",,
evt_0320,sess_20260823_073349,S01,1,53.33,53.33,640,640,object_unregistered,40.0,11644.5,0.4,warning,"Unregistered object (mouse) appeared at S01 at 00:53, not present during calibration",,
evt_0321,sess_20260823_073349,S01,1,53.5,53.5,642,642,object_unregistered,40.0,11684.2,0.59,warning,"Unregistered object (bottle) appeared at S01 at 00:53, not present during calibration",,
evt_0322,sess_20260823_073349,S01,1,53.5,53.5,642,642,object_unregistered,40.0,11724.2,0.44,warning,"Unregistered object (mouse) appeared at S01 at 00:53, not present during calibration",,
evt_0323,sess_20260823_073349,S01,1,53.67,53.67,644,644,object_unregistered,40.0,11764.0,0.59,warning,"Unregistered object (bottle) appeared at S01 at 00:53, not present during calibration",,
evt_0324,sess_20260823_073349,S01,1,53.67,53.67,644,644,object_unregistered,40.0,11804.0,0.44,warning,"Unregistered object (mouse) appeared at S01 at 00:53, not present during calibration",,
evt_0325,sess_20260823_073349,S01,1,53.83,53.83,646,646,object_unregistered,40.0,11843.8,0.59,warning,"Unregistered object (bottle) appeared at S01 at 00:53, not present during calibration",,
evt_0326,sess_20260823_073349,S01,1,53.83,53.83,646,646,object_unregistered,40.0,11883.8,0.43,warning,"Unregistered object (mouse) appeared at S01 at 00:53, not present during calibration",,
evt_0327,sess_20260823_073349,S01,1,54.0,54.0,648,648,object_unregistered,40.0,11923.5,0.59,warning,"Unregistered object (bottle) appeared at S01 at 00:54, not present during calibration",,
evt_0328,sess_20260823_073349,S01,1,54.0,54.0,648,648,object_unregistered,40.0,11963.5,0.45,warning,"Unregistered object (mouse) appeared at S01 at 00:54, not present during calibration",,
evt_0329,sess_20260823_073349,S01,1,54.17,54.17,650,650,object_unregistered,40.0,12003.2,0.59,warning,"Unregistered object (bottle) appeared at S01 at 00:54, not present during calibration",,
evt_0330,sess_20260823_073349,S01,1,54.17,54.17,650,650,object_unregistered,40.0,12043.2,0.44,warning,"Unregistered object (mouse) appeared at S01 at 00:54, not present during calibration",,
evt_0331,sess_20260823_073349,S01,1,54.33,54.33,652,652,object_unregistered,40.0,12083.0,0.59,warning,"Unregistered object (bottle) appeared at S01 at 00:54, not present during calibration",,
evt_0332,sess_20260823_073349,S01,1,54.33,54.33,652,652,object_unregistered,40.0,12123.0,0.45,warning,"Unregistered object (mouse) appeared at S01 at 00:54, not present during calibration",,
evt_0333,sess_20260823_073349,S01,1,54.5,54.5,654,654,object_unregistered,40.0,12162.8,0.59,warning,"Unregistered object (bottle) appeared at S01 at 00:54, not present during calibration",,
evt_0334,sess_20260823_073349,S01,1,54.5,54.5,654,654,object_unregistered,40.0,12202.8,0.45,warning,"Unregistered object (mouse) appeared at S01 at 00:54, not present during calibration",,
evt_0335,sess_20260823_073349,S01,1,54.67,54.67,656,656,object_unregistered,40.0,12242.5,0.58,warning,"Unregistered object (bottle) appeared at S01 at 00:54, not present during calibration",,
evt_0336,sess_20260823_073349,S01,1,54.67,54.67,656,656,object_unregistered,40.0,12282.5,0.44,warning,"Unregistered object (mouse) appeared at S01 at 00:54, not present during calibration",,
evt_0337,sess_20260823_073349,S01,1,54.83,54.83,658,658,object_unregistered,40.0,12322.2,0.59,warning,"Unregistered object (bottle) appeared at S01 at 00:54, not present during calibration",,
evt_0338,sess_20260823_073349,S01,1,54.83,54.83,658,658,object_unregistered,40.0,12362.2,0.45,warning,"Unregistered object (mouse) appeared at S01 at 00:54, not present during calibration",,
evt_0339,sess_20260823_073349,S01,1,55.0,55.0,660,660,object_unregistered,40.0,12402.0,0.59,warning,"Unregistered object (bottle) appeared at S01 at 00:55, not present during calibration",,
evt_0340,sess_20260823_073349,S01,1,55.0,55.0,660,660,object_unregistered,40.0,12442.0,0.45,warning,"Unregistered object (mouse) appeared at S01 at 00:55, not present during calibration",,
evt_0341,sess_20260823_073349,S01,1,55.17,55.17,662,662,object_unregistered,40.0,12481.8,0.58,warning,"Unregistered object (bottle) appeared at S01 at 00:55, not present during calibration",,
evt_0342,sess_20260823_073349,S01,1,55.17,55.17,662,662,object_unregistered,40.0,12521.8,0.45,warning,"Unregistered object (mouse) appeared at S01 at 00:55, not present during calibration",,
evt_0343,sess_20260823_073349,S01,1,55.33,55.33,664,664,object_unregistered,40.0,12561.5,0.58,warning,"Unregistered object (bottle) appeared at S01 at 00:55, not present during calibration",,
evt_0344,sess_20260823_073349,S01,1,55.33,55.33,664,664,object_unregistered,40.0,12601.5,0.45,warning,"Unregistered object (mouse) appeared at S01 at 00:55, not present during calibration",,
evt_0345,sess_20260823_073349,S01,1,55.5,55.5,666,666,object_unregistered,40.0,12641.2,0.59,warning,"Unregistered object (bottle) appeared at S01 at 00:55, not present during calibration",,
evt_0346,sess_20260823_073349,S01,1,55.67,55.67,668,668,object_unregistered,40.0,12681.0,0.59,warning,"Unregistered object (bottle) appeared at S01 at 00:55, not present during calibration",,
evt_0347,sess_20260823_073349,S01,1,55.83,55.83,670,670,object_unregistered,40.0,12720.8,0.59,warning,"Unregistered object (bottle) appeared at S01 at 00:55, not present during calibration",,
evt_0348,sess_20260823_073349,S01,1,55.83,55.83,670,670,object_unregistered,40.0,12760.8,0.32,warning,"Unregistered object (mouse) appeared at S01 at 00:55, not present during calibration",,
evt_0349,sess_20260823_073349,S01,1,56.0,56.0,672,672,object_unregistered,40.0,12800.5,0.59,warning,"Unregistered object (bottle) appeared at S01 at 00:56, not present during calibration",,
evt_0350,sess_20260823_073349,S01,1,56.0,56.0,672,672,object_unregistered,40.0,12840.5,0.34,warning,"Unregistered object (mouse) appeared at S01 at 00:56, not present during calibration",,
evt_0351,sess_20260823_073349,S01,1,56.17,56.17,674,674,object_unregistered,40.0,12880.2,0.59,warning,"Unregistered object (bottle) appeared at S01 at 00:56, not present during calibration",,
evt_0352,sess_20260823_073349,S01,1,56.17,56.17,674,674,object_unregistered,40.0,12920.2,0.43,warning,"Unregistered object (mouse) appeared at S01 at 00:56, not present during calibration",,
evt_0353,sess_20260823_073349,S01,1,56.17,56.17,674,674,object_unregistered,40.0,12960.2,0.3,warning,"Unregistered object (mouse) appeared at S01 at 00:56, not present during calibration",,
evt_0354,sess_20260823_073349,S01,1,55.25,56.25,650,675,head_turn,10.0,12970.1,0.83,critical,"Head turned left, 3.3 deviations from own baseline, held 1.0s",,
evt_0355,sess_20260823_073349,S01,1,56.33,56.33,676,676,object_unregistered,40.0,13010.0,0.59,warning,"Unregistered object (bottle) appeared at S01 at 00:56, not present during calibration",,
evt_0356,sess_20260823_073349,S01,1,56.33,56.33,676,676,object_unregistered,40.0,13050.0,0.42,warning,"Unregistered object (mouse) appeared at S01 at 00:56, not present during calibration",,
evt_0357,sess_20260823_073349,S01,1,56.5,56.5,678,678,object_unregistered,40.0,13089.8,0.59,warning,"Unregistered object (bottle) appeared at S01 at 00:56, not present during calibration",,
evt_0358,sess_20260823_073349,S01,1,56.67,56.67,680,680,object_unregistered,40.0,13129.5,0.59,warning,"Unregistered object (bottle) appeared at S01 at 00:56, not present during calibration",,
evt_0359,sess_20260823_073349,S01,1,56.83,56.83,682,682,object_unregistered,40.0,13169.2,0.59,warning,"Unregistered object (bottle) appeared at S01 at 00:56, not present during calibration",,
evt_0360,sess_20260823_073349,S01,1,56.83,56.83,682,682,object_unregistered,40.0,13209.2,0.42,warning,"Unregistered object (mouse) appeared at S01 at 00:56, not present during calibration",,
evt_0361,sess_20260823_073349,S01,1,57.0,57.0,684,684,object_unregistered,40.0,13249.0,0.59,warning,"Unregistered object (bottle) appeared at S01 at 00:57, not present during calibration",,
evt_0362,sess_20260823_073349,S01,1,57.0,57.0,684,684,object_unregistered,40.0,13289.0,0.42,warning,"Unregistered object (mouse) appeared at S01 at 00:57, not present during calibration",,
evt_0363,sess_20260823_073349,S01,1,36.08,57.08,160,685,repeated_action,25.0,13313.9,0.9,critical,"4 separate events in 21s: head_turn, head_turn, head_turn",,
evt_0364,sess_20260823_073349,S01,1,57.17,57.17,686,686,object_unregistered,40.0,13353.8,0.59,warning,"Unregistered object (bottle) appeared at S01 at 00:57, not present during calibration",,
evt_0365,sess_20260823_073349,S01,1,57.17,57.17,686,686,object_unregistered,40.0,13393.8,0.42,warning,"Unregistered object (mouse) appeared at S01 at 00:57, not present during calibration",,
evt_0366,sess_20260823_073349,S01,1,57.33,57.33,688,688,object_unregistered,40.0,13433.5,0.6,warning,"Unregistered object (bottle) appeared at S01 at 00:57, not present during calibration",,
evt_0367,sess_20260823_073349,S01,1,57.33,57.33,688,688,object_unregistered,40.0,13473.5,0.43,warning,"Unregistered object (mouse) appeared at S01 at 00:57, not present during calibration",,
evt_0368,sess_20260823_073349,S01,1,57.5,57.5,690,690,object_unregistered,40.0,13513.2,0.59,warning,"Unregistered object (bottle) appeared at S01 at 00:57, not present during calibration",,
evt_0369,sess_20260823_073349,S01,1,57.5,57.5,690,690,object_unregistered,40.0,13553.2,0.44,warning,"Unregistered object (mouse) appeared at S01 at 00:57, not present during calibration",,
evt_0370,sess_20260823_073349,S01,1,57.67,57.67,692,692,object_unregistered,40.0,13593.0,0.6,warning,"Unregistered object (bottle) appeared at S01 at 00:57, not present during calibration",,
evt_0371,sess_20260823_073349,S01,1,57.67,57.67,692,692,object_unregistered,40.0,13633.0,0.45,warning,"Unregistered object (mouse) appeared at S01 at 00:57, not present during calibration",,
evt_0372,sess_20260823_073349,S01,1,57.83,57.83,694,694,object_unregistered,40.0,13672.8,0.6,warning,"Unregistered object (bottle) appeared at S01 at 00:57, not present during calibration",,
evt_0373,sess_20260823_073349,S01,1,57.83,57.83,694,694,object_unregistered,40.0,13712.8,0.45,warning,"Unregistered object (mouse) appeared at S01 at 00:57, not present during calibration",,
evt_0374,sess_20260823_073349,S01,1,58.0,58.0,696,696,object_unregistered,40.0,13752.5,0.6,warning,"Unregistered object (bottle) appeared at S01 at 00:58, not present during calibration",,
evt_0375,sess_20260823_073349,S01,1,58.0,58.0,696,696,object_unregistered,40.0,13792.5,0.45,warning,"Unregistered object (mouse) appeared at S01 at 00:58, not present during calibration",,
evt_0376,sess_20260823_073349,S01,1,58.17,58.17,698,698,object_unregistered,40.0,13832.2,0.6,warning,"Unregistered object (bottle) appeared at S01 at 00:58, not present during calibration",,
evt_0377,sess_20260823_073349,S01,1,58.17,58.17,698,698,object_unregistered,40.0,13872.2,0.44,warning,"Unregistered object (mouse) appeared at S01 at 00:58, not present during calibration",,
evt_0378,sess_20260823_073349,S01,1,58.33,58.33,700,700,object_unregistered,40.0,13912.0,0.6,critical,"Unregistered object (bottle) appeared at S01 at 00:58, not present during calibration",,
evt_0379,sess_20260823_073349,S01,1,58.33,58.33,700,700,object_unregistered,40.0,13952.0,0.45,warning,"Unregistered object (mouse) appeared at S01 at 00:58, not present during calibration",,
evt_0380,sess_20260823_073349,S01,1,58.5,58.5,702,702,object_unregistered,40.0,13991.8,0.6,warning,"Unregistered object (bottle) appeared at S01 at 00:58, not present during calibration",,
evt_0381,sess_20260823_073349,S01,1,58.5,58.5,702,702,object_unregistered,40.0,14031.8,0.44,warning,"Unregistered object (mouse) appeared at S01 at 00:58, not present during calibration",,
evt_0382,sess_20260823_073349,S01,1,58.67,58.67,704,704,object_unregistered,40.0,14071.5,0.6,warning,"Unregistered object (bottle) appeared at S01 at 00:58, not present during calibration",,
evt_0383,sess_20260823_073349,S01,1,58.67,58.67,704,704,object_unregistered,40.0,14111.5,0.44,warning,"Unregistered object (mouse) appeared at S01 at 00:58, not present during calibration",,
evt_0384,sess_20260823_073349,S01,1,58.83,58.83,706,706,object_unregistered,40.0,14151.2,0.59,warning,"Unregistered object (bottle) appeared at S01 at 00:58, not present during calibration",,
evt_0385,sess_20260823_073349,S01,1,58.83,58.83,706,706,object_unregistered,40.0,14191.2,0.41,warning,"Unregistered object (mouse) appeared at S01 at 00:58, not present during calibration",,
evt_0386,sess_20260823_073349,S01,1,59.0,59.0,708,708,object_unregistered,40.0,14231.0,0.58,warning,"Unregistered object (bottle) appeared at S01 at 00:59, not present during calibration",,
evt_0387,sess_20260823_073349,S01,1,59.0,59.0,708,708,object_unregistered,40.0,14271.0,0.4,warning,"Unregistered object (mouse) appeared at S01 at 00:59, not present during calibration",,
evt_0388,sess_20260823_073349,S01,1,59.17,59.17,710,710,object_unregistered,40.0,14310.8,0.58,warning,"Unregistered object (bottle) appeared at S01 at 00:59, not present during calibration",,
evt_0389,sess_20260823_073349,S01,1,59.17,59.17,710,710,object_unregistered,40.0,14350.8,0.41,warning,"Unregistered object (mouse) appeared at S01 at 00:59, not present during calibration",,
evt_0390,sess_20260823_073349,S01,1,59.33,59.33,712,712,object_unregistered,40.0,14390.5,0.58,warning,"Unregistered object (bottle) appeared at S01 at 00:59, not present during calibration",,
evt_0391,sess_20260823_073349,S01,1,59.33,59.33,712,712,object_unregistered,40.0,14430.5,0.41,warning,"Unregistered object (mouse) appeared at S01 at 00:59, not present during calibration",,
evt_0392,sess_20260823_073349,S01,1,59.5,59.5,714,714,object_unregistered,40.0,14470.2,0.59,warning,"Unregistered object (bottle) appeared at S01 at 00:59, not present during calibration",,
evt_0393,sess_20260823_073349,S01,1,59.5,59.5,714,714,object_unregistered,40.0,14510.2,0.42,warning,"Unregistered object (mouse) appeared at S01 at 00:59, not present during calibration",,
evt_0394,sess_20260823_073349,S01,1,59.67,59.67,716,716,object_unregistered,40.0,14550.0,0.59,warning,"Unregistered object (bottle) appeared at S01 at 00:59, not present during calibration",,
evt_0395,sess_20260823_073349,S01,1,59.83,59.83,718,718,object_unregistered,40.0,14589.8,0.59,warning,"Unregistered object (bottle) appeared at S01 at 00:59, not present during calibration",,
evt_0396,sess_20260823_073349,S01,1,62.67,62.67,752,752,object_unregistered,40.0,14625.5,0.57,warning,"Unregistered object (bottle) appeared at S01 at 01:02, not present during calibration",,
evt_0397,sess_20260823_073349,S01,1,62.83,62.83,754,754,object_unregistered,40.0,14665.2,0.57,warning,"Unregistered object (bottle) appeared at S01 at 01:02, not present during calibration",,
evt_0398,sess_20260823_073349,S01,1,63.0,63.0,756,756,object_unregistered,40.0,14705.0,0.57,warning,"Unregistered object (bottle) appeared at S01 at 01:03, not present during calibration",,
evt_0399,sess_20260823_073349,S01,1,63.17,63.17,758,758,object_unregistered,40.0,14744.8,0.57,warning,"Unregistered object (bottle) appeared at S01 at 01:03, not present during calibration",,
evt_0400,sess_20260823_073349,S01,1,63.5,63.5,762,762,object_unregistered,40.0,14784.2,0.57,warning,"Unregistered object (bottle) appeared at S01 at 01:03, not present during calibration",,
evt_0401,sess_20260823_073349,S01,1,63.67,63.67,764,764,object_unregistered,40.0,14824.0,0.57,warning,"Unregistered object (bottle) appeared at S01 at 01:03, not present during calibration",,
evt_0402,sess_20260823_073349,S01,1,64.17,64.17,770,770,object_unregistered,40.0,14863.2,0.56,warning,"Unregistered object (bottle) appeared at S01 at 01:04, not present during calibration",,
evt_0403,sess_20260823_073349,S01,1,64.33,64.33,772,772,object_unregistered,40.0,14903.0,0.56,warning,"Unregistered object (bottle) appeared at S01 at 01:04, not present during calibration",,
evt_0404,sess_20260823_073349,S01,1,64.5,64.5,774,774,object_unregistered,40.0,14942.8,0.57,warning,"Unregistered object (bottle) appeared at S01 at 01:04, not present during calibration",,
evt_0405,sess_20260823_073349,S01,1,64.67,64.67,776,776,object_unregistered,40.0,14982.5,0.57,warning,"Unregistered object (bottle) appeared at S01 at 01:04, not present during calibration",,
evt_0406,sess_20260823_073349,S01,1,64.83,64.83,778,778,object_unregistered,40.0,15022.2,0.57,warning,"Unregistered object (bottle) appeared at S01 at 01:04, not present during calibration",,
evt_0407,sess_20260823_073349,S01,1,65.0,65.0,780,780,object_unregistered,40.0,15062.0,0.57,warning,"Unregistered object (bottle) appeared at S01 at 01:05, not present during calibration",,
evt_0408,sess_20260823_073349,S01,1,65.17,65.17,782,782,object_unregistered,40.0,15101.8,0.57,warning,"Unregistered object (bottle) appeared at S01 at 01:05, not present during calibration",,
evt_0409,sess_20260823_073349,S01,1,65.33,65.33,784,784,object_unregistered,40.0,15141.5,0.57,warning,"Unregistered object (bottle) appeared at S01 at 01:05, not present during calibration",,
evt_0410,sess_20260823_073349,S01,1,65.5,65.5,786,786,object_unregistered,40.0,15181.2,0.57,warning,"Unregistered object (bottle) appeared at S01 at 01:05, not present during calibration",,
evt_0411,sess_20260823_073349,S01,1,65.67,65.67,788,788,object_unregistered,40.0,15221.0,0.58,warning,"Unregistered object (bottle) appeared at S01 at 01:05, not present during calibration",,
evt_0412,sess_20260823_073349,S01,1,65.83,65.83,790,790,object_unregistered,40.0,15260.8,0.57,warning,"Unregistered object (bottle) appeared at S01 at 01:05, not present during calibration",,
evt_0413,sess_20260823_073349,S01,1,66.0,66.0,792,792,object_unregistered,40.0,15300.5,0.57,warning,"Unregistered object (bottle) appeared at S01 at 01:06, not present during calibration",,
evt_0414,sess_20260823_073349,S01,1,65.08,66.08,768,793,head_turn,10.0,15310.4,0.77,warning,"Head turned left, 3.1 deviations from own baseline, held 1.0s",,
evt_0415,sess_20260823_073349,S01,1,66.17,66.17,794,794,object_unregistered,40.0,15350.2,0.58,warning,"Unregistered object (bottle) appeared at S01 at 01:06, not present during calibration",,
evt_0416,sess_20260823_073349,S01,1,66.33,66.33,796,796,object_unregistered,40.0,15390.0,0.57,warning,"Unregistered object (bottle) appeared at S01 at 01:06, not present during calibration",,
evt_0417,sess_20260823_073349,S01,1,66.5,66.5,798,798,object_unregistered,40.0,15429.8,0.57,warning,"Unregistered object (bottle) appeared at S01 at 01:06, not present during calibration",,
evt_0418,sess_20260823_073349,S01,1,66.67,66.67,800,800,object_unregistered,40.0,15469.5,0.57,warning,"Unregistered object (bottle) appeared at S01 at 01:06, not present during calibration",,
evt_0419,sess_20260823_073349,S01,1,42.08,67.17,179,806,repeated_action,25.0,15493.8,0.9,warning,"3 separate events in 25s: head_turn, head_turn, head_turn",,
evt_0420,sess_20260823_073349,S01,1,68.0,68.0,816,816,object_unregistered,40.0,15532.5,0.57,warning,"Unregistered object (bottle) appeared at S01 at 01:08, not present during calibration",,
evt_0421,sess_20260823_073349,S01,1,68.17,68.17,818,818,object_unregistered,40.0,15572.2,0.57,warning,"Unregistered object (bottle) appeared at S01 at 01:08, not present during calibration",,
evt_0422,sess_20260823_073349,S01,1,68.33,68.33,820,820,object_unregistered,40.0,15612.0,0.57,warning,"Unregistered object (bottle) appeared at S01 at 01:08, not present during calibration",,
evt_0423,sess_20260823_073349,S01,1,68.5,68.5,822,822,object_unregistered,40.0,15651.8,0.57,warning,"Unregistered object (bottle) appeared at S01 at 01:08, not present during calibration",,
evt_0424,sess_20260823_073349,S01,1,68.5,68.5,822,822,object_unregistered,40.0,15691.8,0.41,warning,"Unregistered object (mouse) appeared at S01 at 01:08, not present during calibration",,
evt_0425,sess_20260823_073349,S01,1,68.67,68.67,824,824,object_unregistered,40.0,15731.5,0.57,warning,"Unregistered object (bottle) appeared at S01 at 01:08, not present during calibration",,
evt_0426,sess_20260823_073349,S01,1,68.67,68.67,824,824,object_unregistered,40.0,15771.5,0.42,warning,"Unregistered object (mouse) appeared at S01 at 01:08, not present during calibration",,
evt_0427,sess_20260823_073349,S01,1,68.67,68.67,824,824,object_unregistered,40.0,15811.5,0.39,warning,"Unregistered object (mouse) appeared at S01 at 01:08, not present during calibration",,
evt_0428,sess_20260823_073349,S01,1,68.83,68.83,826,826,object_unregistered,40.0,15851.2,0.57,warning,"Unregistered object (bottle) appeared at S01 at 01:08, not present during calibration",,
evt_0429,sess_20260823_073349,S01,1,68.83,68.83,826,826,object_unregistered,40.0,15891.2,0.4,warning,"Unregistered object (mouse) appeared at S01 at 01:08, not present during calibration",,
evt_0430,sess_20260823_073349,S01,1,69.0,69.0,828,828,object_unregistered,40.0,15931.0,0.57,warning,"Unregistered object (bottle) appeared at S01 at 01:09, not present during calibration",,
evt_0431,sess_20260823_073349,S01,1,69.0,69.0,828,828,object_unregistered,40.0,15971.0,0.41,warning,"Unregistered object (mouse) appeared at S01 at 01:09, not present during calibration",,
evt_0432,sess_20260823_073349,S01,1,69.17,69.17,830,830,object_unregistered,40.0,16010.8,0.57,warning,"Unregistered object (bottle) appeared at S01 at 01:09, not present during calibration",,
evt_0433,sess_20260823_073349,S01,1,69.17,69.17,830,830,object_unregistered,40.0,16050.8,0.39,warning,"Unregistered object (mouse) appeared at S01 at 01:09, not present during calibration",,
evt_0434,sess_20260823_073349,S01,1,69.33,69.33,832,832,object_unregistered,40.0,16090.5,0.57,warning,"Unregistered object (bottle) appeared at S01 at 01:09, not present during calibration",,
evt_0435,sess_20260823_073349,S01,1,69.33,69.33,832,832,object_unregistered,40.0,16130.5,0.38,warning,"Unregistered object (mouse) appeared at S01 at 01:09, not present during calibration",,
evt_0436,sess_20260823_073349,S01,1,69.5,69.5,834,834,object_unregistered,40.0,16170.2,0.57,warning,"Unregistered object (bottle) appeared at S01 at 01:09, not present during calibration",,
evt_0437,sess_20260823_073349,S01,1,69.5,69.5,834,834,object_unregistered,40.0,16210.2,0.37,warning,"Unregistered object (mouse) appeared at S01 at 01:09, not present during calibration",,
evt_0438,sess_20260823_073349,S01,1,69.67,69.67,836,836,object_unregistered,40.0,16250.0,0.57,warning,"Unregistered object (bottle) appeared at S01 at 01:09, not present during calibration",,
evt_0439,sess_20260823_073349,S01,1,69.67,69.67,836,836,object_unregistered,40.0,16290.0,0.37,warning,"Unregistered object (mouse) appeared at S01 at 01:09, not present during calibration",,
evt_0440,sess_20260823_073349,S01,1,69.83,69.83,838,838,object_unregistered,40.0,16329.8,0.57,warning,"Unregistered object (bottle) appeared at S01 at 01:09, not present during calibration",,
evt_0441,sess_20260823_073349,S01,1,69.83,69.83,838,838,object_unregistered,40.0,16369.8,0.37,warning,"Unregistered object (mouse) appeared at S01 at 01:09, not present during calibration",,
evt_0442,sess_20260823_073349,S01,1,69.83,69.83,838,838,object_unregistered,40.0,16409.8,0.32,warning,"Unregistered object (mouse) appeared at S01 at 01:09, not present during calibration",,
evt_0443,sess_20260823_073349,S01,1,70.0,70.0,840,840,object_unregistered,40.0,16449.5,0.57,warning,"Unregistered object (bottle) appeared at S01 at 01:10, not present during calibration",,
evt_0444,sess_20260823_073349,S01,1,70.0,70.0,840,840,object_unregistered,40.0,16489.5,0.37,warning,"Unregistered object (mouse) appeared at S01 at 01:10, not present during calibration",,
evt_0445,sess_20260823_073349,S01,1,70.0,70.0,840,840,object_unregistered,40.0,16529.5,0.3,warning,"Unregistered object (mouse) appeared at S01 at 01:10, not present during calibration",,
evt_0446,sess_20260823_073349,S01,1,70.17,70.17,842,842,object_unregistered,40.0,16569.2,0.57,warning,"Unregistered object (bottle) appeared at S01 at 01:10, not present during calibration",,
evt_0447,sess_20260823_073349,S01,1,70.17,70.17,842,842,object_unregistered,40.0,16609.2,0.39,warning,"Unregistered object (mouse) appeared at S01 at 01:10, not present during calibration",,
evt_0448,sess_20260823_073349,S01,1,70.33,70.33,844,844,object_unregistered,40.0,16649.0,0.57,warning,"Unregistered object (bottle) appeared at S01 at 01:10, not present during calibration",,
evt_0449,sess_20260823_073349,S01,1,70.33,70.33,844,844,object_unregistered,40.0,16689.0,0.39,warning,"Unregistered object (mouse) appeared at S01 at 01:10, not present during calibration",,
evt_0450,sess_20260823_073349,S01,1,70.5,70.5,846,846,object_unregistered,40.0,16728.8,0.57,warning,"Unregistered object (bottle) appeared at S01 at 01:10, not present during calibration",,
evt_0451,sess_20260823_073349,S01,1,70.5,70.5,846,846,object_unregistered,40.0,16768.8,0.4,warning,"Unregistered object (mouse) appeared at S01 at 01:10, not present during calibration",,
evt_0452,sess_20260823_073349,S01,1,70.67,70.67,848,848,object_unregistered,40.0,16808.5,0.57,warning,"Unregistered object (bottle) appeared at S01 at 01:10, not present during calibration",,
evt_0453,sess_20260823_073349,S01,1,70.67,70.67,848,848,object_unregistered,40.0,16848.5,0.4,warning,"Unregistered object (mouse) appeared at S01 at 01:10, not present during calibration",,
evt_0454,sess_20260823_073349,S01,1,70.83,70.83,850,850,object_unregistered,40.0,16888.2,0.58,warning,"Unregistered object (bottle) appeared at S01 at 01:10, not present during calibration",,
evt_0455,sess_20260823_073349,S01,1,70.83,70.83,850,850,object_unregistered,40.0,16928.2,0.4,warning,"Unregistered object (mouse) appeared at S01 at 01:10, not present during calibration",,
evt_0456,sess_20260823_073349,S01,1,71.0,71.0,852,852,object_unregistered,40.0,16968.0,0.58,warning,"Unregistered object (bottle) appeared at S01 at 01:11, not present during calibration",,
evt_0457,sess_20260823_073349,S01,1,71.0,71.0,852,852,object_unregistered,40.0,17008.0,0.39,warning,"Unregistered object (mouse) appeared at S01 at 01:11, not present during calibration",,
evt_0458,sess_20260823_073349,S01,1,71.17,71.17,854,854,object_unregistered,40.0,17047.8,0.57,warning,"Unregistered object (bottle) appeared at S01 at 01:11, not present during calibration",,
evt_0459,sess_20260823_073349,S01,1,71.17,71.17,854,854,object_unregistered,40.0,17087.8,0.39,warning,"Unregistered object (mouse) appeared at S01 at 01:11, not present during calibration",,
evt_0460,sess_20260823_073349,S01,1,71.33,71.33,856,856,object_unregistered,40.0,17127.5,0.58,warning,"Unregistered object (bottle) appeared at S01 at 01:11, not present during calibration",,
evt_0461,sess_20260823_073349,S01,1,71.33,71.33,856,856,object_unregistered,40.0,17167.5,0.39,warning,"Unregistered object (mouse) appeared at S01 at 01:11, not present during calibration",,
evt_0462,sess_20260823_073349,S01,1,71.5,71.5,858,858,object_unregistered,40.0,17207.2,0.58,warning,"Unregistered object (bottle) appeared at S01 at 01:11, not present during calibration",,
evt_0463,sess_20260823_073349,S01,1,71.5,71.5,858,858,object_unregistered,40.0,17247.2,0.4,warning,"Unregistered object (mouse) appeared at S01 at 01:11, not present during calibration",,
evt_0464,sess_20260823_073349,S01,1,71.67,71.67,860,860,object_unregistered,40.0,17287.0,0.58,warning,"Unregistered object (bottle) appeared at S01 at 01:11, not present during calibration",,
evt_0465,sess_20260823_073349,S01,1,71.67,71.67,860,860,object_unregistered,40.0,17327.0,0.39,warning,"Unregistered object (mouse) appeared at S01 at 01:11, not present during calibration",,
evt_0466,sess_20260823_073349,S01,1,71.83,71.83,862,862,object_unregistered,40.0,17366.8,0.58,warning,"Unregistered object (bottle) appeared at S01 at 01:11, not present during calibration",,
evt_0467,sess_20260823_073349,S01,1,71.83,71.83,862,862,object_unregistered,40.0,17406.8,0.37,warning,"Unregistered object (mouse) appeared at S01 at 01:11, not present during calibration",,
evt_0468,sess_20260823_073349,S01,1,72.0,72.0,864,864,object_unregistered,40.0,17446.5,0.58,warning,"Unregistered object (bottle) appeared at S01 at 01:12, not present during calibration",,
evt_0469,sess_20260823_073349,S01,1,72.0,72.0,864,864,object_unregistered,40.0,17486.5,0.38,warning,"Unregistered object (mouse) appeared at S01 at 01:12, not present during calibration",,
evt_0470,sess_20260823_073349,S01,1,72.17,72.17,866,866,object_unregistered,40.0,17526.2,0.59,warning,"Unregistered object (bottle) appeared at S01 at 01:12, not present during calibration",,
evt_0471,sess_20260823_073349,S01,1,72.17,72.17,866,866,object_unregistered,40.0,17566.2,0.39,warning,"Unregistered object (mouse) appeared at S01 at 01:12, not present during calibration",,
evt_0472,sess_20260823_073349,S01,1,72.33,72.33,868,868,object_unregistered,40.0,17606.0,0.59,warning,"Unregistered object (bottle) appeared at S01 at 01:12, not present during calibration",,
evt_0473,sess_20260823_073349,S01,1,72.33,72.33,868,868,object_unregistered,40.0,17646.0,0.4,warning,"Unregistered object (mouse) appeared at S01 at 01:12, not present during calibration",,
evt_0474,sess_20260823_073349,S01,1,72.5,72.5,870,870,object_unregistered,40.0,17685.8,0.59,warning,"Unregistered object (bottle) appeared at S01 at 01:12, not present during calibration",,
evt_0475,sess_20260823_073349,S01,1,72.5,72.5,870,870,object_unregistered,40.0,17725.8,0.39,warning,"Unregistered object (mouse) appeared at S01 at 01:12, not present during calibration",,
evt_0476,sess_20260823_073349,S01,1,72.67,72.67,872,872,object_unregistered,40.0,17765.5,0.59,warning,"Unregistered object (bottle) appeared at S01 at 01:12, not present during calibration",,
evt_0477,sess_20260823_073349,S01,1,72.67,72.67,872,872,object_unregistered,40.0,17805.5,0.37,warning,"Unregistered object (mouse) appeared at S01 at 01:12, not present during calibration",,
evt_0478,sess_20260823_073349,S01,1,72.83,72.83,874,874,object_unregistered,40.0,17845.2,0.6,warning,"Unregistered object (bottle) appeared at S01 at 01:12, not present during calibration",,
evt_0479,sess_20260823_073349,S01,1,72.83,72.83,874,874,object_unregistered,40.0,17885.2,0.39,warning,"Unregistered object (mouse) appeared at S01 at 01:12, not present during calibration",,
evt_0480,sess_20260823_073349,S01,1,73.0,73.0,876,876,object_unregistered,40.0,17925.0,0.6,warning,"Unregistered object (bottle) appeared at S01 at 01:13, not present during calibration",,
evt_0481,sess_20260823_073349,S01,1,73.0,73.0,876,876,object_unregistered,40.0,17965.0,0.4,warning,"Unregistered object (mouse) appeared at S01 at 01:13, not present during calibration",,
evt_0482,sess_20260823_073349,S01,1,73.17,73.17,878,878,object_unregistered,40.0,18004.8,0.6,warning,"Unregistered object (bottle) appeared at S01 at 01:13, not present during calibration",,
evt_0483,sess_20260823_073349,S01,1,73.17,73.17,878,878,object_unregistered,40.0,18044.8,0.4,warning,"Unregistered object (mouse) appeared at S01 at 01:13, not present during calibration",,
evt_0484,sess_20260823_073349,S01,1,73.33,73.33,880,880,object_unregistered,40.0,18084.5,0.6,warning,"Unregistered object (bottle) appeared at S01 at 01:13, not present during calibration",,
evt_0485,sess_20260823_073349,S01,1,73.33,73.33,880,880,object_unregistered,40.0,18124.5,0.39,warning,"Unregistered object (mouse) appeared at S01 at 01:13, not present during calibration",,
evt_0486,sess_20260823_073349,S01,1,73.5,73.5,882,882,object_unregistered,40.0,18164.2,0.59,critical,"Unregistered object (bottle) appeared at S01 at 01:13, not present during calibration",,
evt_0487,sess_20260823_073349,S01,1,73.5,73.5,882,882,object_unregistered,40.0,18204.2,0.39,warning,"Unregistered object (mouse) appeared at S01 at 01:13, not present during calibration",,
evt_0488,sess_20260823_073349,S01,1,73.67,73.67,884,884,object_unregistered,40.0,18244.0,0.59,warning,"Unregistered object (bottle) appeared at S01 at 01:13, not present during calibration",,
evt_0489,sess_20260823_073349,S01,1,73.67,73.67,884,884,object_unregistered,40.0,18284.0,0.39,warning,"Unregistered object (mouse) appeared at S01 at 01:13, not present during calibration",,
evt_0490,sess_20260823_073349,S01,1,73.83,73.83,886,886,object_unregistered,40.0,18323.8,0.59,warning,"Unregistered object (bottle) appeared at S01 at 01:13, not present during calibration",,
evt_0491,sess_20260823_073349,S01,1,73.83,73.83,886,886,object_unregistered,40.0,18363.8,0.41,warning,"Unregistered object (mouse) appeared at S01 at 01:13, not present during calibration",,
evt_0492,sess_20260823_073349,S01,1,74.0,74.0,888,888,object_unregistered,40.0,18403.5,0.59,warning,"Unregistered object (bottle) appeared at S01 at 01:14, not present during calibration",,
evt_0493,sess_20260823_073349,S01,1,74.0,74.0,888,888,object_unregistered,40.0,18443.5,0.4,warning,"Unregistered object (mouse) appeared at S01 at 01:14, not present during calibration",,
evt_0494,sess_20260823_073349,S01,1,74.17,74.17,890,890,object_unregistered,40.0,18483.2,0.59,warning,"Unregistered object (bottle) appeared at S01 at 01:14, not present during calibration",,
evt_0495,sess_20260823_073349,S01,1,74.17,74.17,890,890,object_unregistered,40.0,18523.2,0.4,warning,"Unregistered object (mouse) appeared at S01 at 01:14, not present during calibration",,
evt_0496,sess_20260823_073349,S01,1,74.33,74.33,892,892,object_unregistered,40.0,18563.0,0.59,warning,"Unregistered object (bottle) appeared at S01 at 01:14, not present during calibration",,
evt_0497,sess_20260823_073349,S01,1,74.33,74.33,892,892,object_unregistered,40.0,18603.0,0.39,warning,"Unregistered object (mouse) appeared at S01 at 01:14, not present during calibration",,
evt_0498,sess_20260823_073349,S01,1,74.5,74.5,894,894,object_unregistered,40.0,18642.8,0.59,warning,"Unregistered object (bottle) appeared at S01 at 01:14, not present during calibration",,
evt_0499,sess_20260823_073349,S01,1,74.5,74.5,894,894,object_unregistered,40.0,18682.8,0.39,warning,"Unregistered object (mouse) appeared at S01 at 01:14, not present during calibration",,
evt_0500,sess_20260823_073349,S01,1,74.67,74.67,896,896,object_unregistered,40.0,18722.5,0.59,warning,"Unregistered object (bottle) appeared at S01 at 01:14, not present during calibration",,
evt_0501,sess_20260823_073349,S01,1,74.67,74.67,896,896,object_unregistered,40.0,18762.5,0.38,warning,"Unregistered object (mouse) appeared at S01 at 01:14, not present during calibration",,
evt_0502,sess_20260823_073349,S01,1,74.83,74.83,898,898,object_unregistered,40.0,18802.2,0.59,warning,"Unregistered object (bottle) appeared at S01 at 01:14, not present during calibration",,
evt_0503,sess_20260823_073349,S01,1,74.83,74.83,898,898,object_unregistered,40.0,18842.2,0.39,warning,"Unregistered object (mouse) appeared at S01 at 01:14, not present during calibration",,
evt_0504,sess_20260823_073349,S01,1,75.0,75.0,900,900,object_unregistered,40.0,18882.0,0.59,warning,"Unregistered object (bottle) appeared at S01 at 01:15, not present during calibration",,
evt_0505,sess_20260823_073349,S01,1,75.0,75.0,900,900,object_unregistered,40.0,18922.0,0.4,warning,"Unregistered object (mouse) appeared at S01 at 01:15, not present during calibration",,
evt_0506,sess_20260823_073349,S01,1,75.17,75.17,902,902,object_unregistered,40.0,18961.8,0.59,warning,"Unregistered object (bottle) appeared at S01 at 01:15, not present during calibration",,
evt_0507,sess_20260823_073349,S01,1,75.17,75.17,902,902,object_unregistered,40.0,19001.8,0.4,warning,"Unregistered object (mouse) appeared at S01 at 01:15, not present during calibration",,
evt_0508,sess_20260823_073349,S01,1,75.33,75.33,904,904,object_unregistered,40.0,19041.5,0.59,warning,"Unregistered object (bottle) appeared at S01 at 01:15, not present during calibration",,
evt_0509,sess_20260823_073349,S01,1,75.33,75.33,904,904,object_unregistered,40.0,19081.5,0.4,warning,"Unregistered object (mouse) appeared at S01 at 01:15, not present during calibration",,
evt_0510,sess_20260823_073349,S01,1,75.5,75.5,906,906,object_unregistered,40.0,19121.2,0.59,warning,"Unregistered object (bottle) appeared at S01 at 01:15, not present during calibration",,
evt_0511,sess_20260823_073349,S01,1,75.5,75.5,906,906,object_unregistered,40.0,19161.2,0.36,warning,"Unregistered object (mouse) appeared at S01 at 01:15, not present during calibration",,
evt_0512,sess_20260823_073349,S01,1,75.67,75.67,908,908,object_unregistered,40.0,19201.0,0.59,warning,"Unregistered object (bottle) appeared at S01 at 01:15, not present during calibration",,
evt_0513,sess_20260823_073349,S01,1,75.67,75.67,908,908,object_unregistered,40.0,19241.0,0.35,warning,"Unregistered object (mouse) appeared at S01 at 01:15, not present during calibration",,
evt_0514,sess_20260823_073349,S01,1,75.83,75.83,910,910,object_unregistered,40.0,19280.8,0.58,warning,"Unregistered object (bottle) appeared at S01 at 01:15, not present during calibration",,
evt_0515,sess_20260823_073349,S01,1,75.83,75.83,910,910,object_unregistered,40.0,19320.8,0.33,warning,"Unregistered object (mouse) appeared at S01 at 01:15, not present during calibration",,
evt_0516,sess_20260823_073349,S01,1,74.92,75.92,886,911,head_turn,10.0,19330.6,0.74,critical,"Head turned left, 3.0 deviations from own baseline, held 1.0s",,
evt_0517,sess_20260823_073349,S01,1,76.0,76.0,912,912,object_unregistered,40.0,19370.5,0.58,warning,"Unregistered object (bottle) appeared at S01 at 01:16, not present during calibration",,
evt_0518,sess_20260823_073349,S01,1,76.0,76.0,912,912,object_unregistered,40.0,19410.5,0.33,warning,"Unregistered object (mouse) appeared at S01 at 01:16, not present during calibration",,
evt_0519,sess_20260823_073349,S01,1,76.17,76.17,914,914,object_unregistered,40.0,19450.2,0.58,warning,"Unregistered object (bottle) appeared at S01 at 01:16, not present during calibration",,
evt_0520,sess_20260823_073349,S01,1,76.17,76.17,914,914,object_unregistered,40.0,19490.2,0.34,warning,"Unregistered object (mouse) appeared at S01 at 01:16, not present during calibration",,
evt_0521,sess_20260823_073349,S01,1,76.33,76.33,916,916,object_unregistered,40.0,19530.0,0.58,warning,"Unregistered object (bottle) appeared at S01 at 01:16, not present during calibration",,
evt_0522,sess_20260823_073349,S01,1,76.33,76.33,916,916,object_unregistered,40.0,19570.0,0.34,warning,"Unregistered object (mouse) appeared at S01 at 01:16, not present during calibration",,
evt_0523,sess_20260823_073349,S01,1,76.5,76.5,918,918,object_unregistered,40.0,19609.8,0.58,warning,"Unregistered object (bottle) appeared at S01 at 01:16, not present during calibration",,
evt_0524,sess_20260823_073349,S01,1,76.5,76.5,918,918,object_unregistered,40.0,19649.8,0.34,warning,"Unregistered object (mouse) appeared at S01 at 01:16, not present during calibration",,
evt_0525,sess_20260823_073349,S01,1,76.67,76.67,920,920,object_unregistered,40.0,19689.5,0.58,warning,"Unregistered object (bottle) appeared at S01 at 01:16, not present during calibration",,
evt_0526,sess_20260823_073349,S01,1,76.67,76.67,920,920,object_unregistered,40.0,19729.5,0.35,warning,"Unregistered object (mouse) appeared at S01 at 01:16, not present during calibration",,
evt_0527,sess_20260823_073349,S01,1,76.83,76.83,922,922,object_unregistered,40.0,19769.2,0.59,warning,"Unregistered object (bottle) appeared at S01 at 01:16, not present during calibration",,
evt_0528,sess_20260823_073349,S01,1,76.83,76.83,922,922,object_unregistered,40.0,19809.2,0.35,warning,"Unregistered object (mouse) appeared at S01 at 01:16, not present during calibration",,
evt_0529,sess_20260823_073349,S01,1,77.0,77.0,924,924,object_unregistered,40.0,19849.0,0.59,warning,"Unregistered object (bottle) appeared at S01 at 01:17, not present during calibration",,
evt_0530,sess_20260823_073349,S01,1,77.0,77.0,924,924,object_unregistered,40.0,19889.0,0.35,warning,"Unregistered object (mouse) appeared at S01 at 01:17, not present during calibration",,
evt_0531,sess_20260823_073349,S01,1,55.25,77.17,379,926,repeated_action,25.0,19913.8,0.9,critical,"3 separate events in 21s: head_turn, head_turn, head_turn",,
evt_0532,sess_20260823_073349,S01,1,77.17,77.17,926,926,object_unregistered,40.0,19953.8,0.59,warning,"Unregistered object (bottle) appeared at S01 at 01:17, not present during calibration",,
evt_0533,sess_20260823_073349,S01,1,77.17,77.17,926,926,object_unregistered,40.0,19993.8,0.36,warning,"Unregistered object (mouse) appeared at S01 at 01:17, not present during calibration",,
evt_0534,sess_20260823_073349,S01,1,77.33,77.33,928,928,object_unregistered,40.0,20033.5,0.59,warning,"Unregistered object (bottle) appeared at S01 at 01:17, not present during calibration",,
evt_0535,sess_20260823_073349,S01,1,77.33,77.33,928,928,object_unregistered,40.0,20073.5,0.36,warning,"Unregistered object (mouse) appeared at S01 at 01:17, not present during calibration",,
evt_0536,sess_20260823_073349,S01,1,77.5,77.5,930,930,object_unregistered,40.0,20113.2,0.59,warning,"Unregistered object (bottle) appeared at S01 at 01:17, not present during calibration",,
evt_0537,sess_20260823_073349,S01,1,77.5,77.5,930,930,object_unregistered,40.0,20153.2,0.36,warning,"Unregistered object (mouse) appeared at S01 at 01:17, not present during calibration",,
evt_0538,sess_20260823_073349,S01,1,77.67,77.67,932,932,object_unregistered,40.0,20193.0,0.59,warning,"Unregistered object (bottle) appeared at S01 at 01:17, not present during calibration",,
evt_0539,sess_20260823_073349,S01,1,77.67,77.67,932,932,object_unregistered,40.0,20233.0,0.36,warning,"Unregistered object (mouse) appeared at S01 at 01:17, not present during calibration",,
evt_0540,sess_20260823_073349,S01,1,77.83,77.83,934,934,object_unregistered,40.0,20272.8,0.59,warning,"Unregistered object (bottle) appeared at S01 at 01:17, not present during calibration",,
evt_0541,sess_20260823_073349,S01,1,77.83,77.83,934,934,object_unregistered,40.0,20312.8,0.37,warning,"Unregistered object (mouse) appeared at S01 at 01:17, not present during calibration",,
evt_0542,sess_20260823_073349,S01,1,78.0,78.0,936,936,object_unregistered,40.0,20352.5,0.59,warning,"Unregistered object (bottle) appeared at S01 at 01:18, not present during calibration",,
evt_0543,sess_20260823_073349,S01,1,78.0,78.0,936,936,object_unregistered,40.0,20392.5,0.37,warning,"Unregistered object (mouse) appeared at S01 at 01:18, not present during calibration",,
evt_0544,sess_20260823_073349,S01,1,78.17,78.17,938,938,object_unregistered,40.0,20432.2,0.59,warning,"Unregistered object (bottle) appeared at S01 at 01:18, not present during calibration",,
evt_0545,sess_20260823_073349,S01,1,78.17,78.17,938,938,object_unregistered,40.0,20472.2,0.37,warning,"Unregistered object (mouse) appeared at S01 at 01:18, not present during calibration",,
evt_0546,sess_20260823_073349,S01,1,78.33,78.33,940,940,object_unregistered,40.0,20512.0,0.59,warning,"Unregistered object (bottle) appeared at S01 at 01:18, not present during calibration",,
evt_0547,sess_20260823_073349,S01,1,78.33,78.33,940,940,object_unregistered,40.0,20552.0,0.36,warning,"Unregistered object (mouse) appeared at S01 at 01:18, not present during calibration",,
evt_0548,sess_20260823_073349,S01,1,78.5,78.5,942,942,object_unregistered,40.0,20591.8,0.59,warning,"Unregistered object (bottle) appeared at S01 at 01:18, not present during calibration",,
evt_0549,sess_20260823_073349,S01,1,78.5,78.5,942,942,object_unregistered,40.0,20631.8,0.36,warning,"Unregistered object (mouse) appeared at S01 at 01:18, not present during calibration",,
evt_0550,sess_20260823_073349,S01,1,78.67,78.67,944,944,object_unregistered,40.0,20671.5,0.59,warning,"Unregistered object (bottle) appeared at S01 at 01:18, not present during calibration",,
evt_0551,sess_20260823_073349,S01,1,78.67,78.67,944,944,object_unregistered,40.0,20711.5,0.36,warning,"Unregistered object (mouse) appeared at S01 at 01:18, not present during calibration",,
evt_0552,sess_20260823_073349,S01,1,78.83,78.83,946,946,object_unregistered,40.0,20751.2,0.58,warning,"Unregistered object (bottle) appeared at S01 at 01:18, not present during calibration",,
evt_0553,sess_20260823_073349,S01,1,78.83,78.83,946,946,object_unregistered,40.0,20791.2,0.38,warning,"Unregistered object (mouse) appeared at S01 at 01:18, not present during calibration",,
evt_0554,sess_20260823_073349,S01,1,79.0,79.0,948,948,object_unregistered,40.0,20831.0,0.58,warning,"Unregistered object (bottle) appeared at S01 at 01:19, not present during calibration",,
evt_0555,sess_20260823_073349,S01,1,79.0,79.0,948,948,object_unregistered,40.0,20871.0,0.37,warning,"Unregistered object (mouse) appeared at S01 at 01:19, not present during calibration",,
evt_0556,sess_20260823_073349,S01,1,79.17,79.17,950,950,object_unregistered,40.0,20910.8,0.57,warning,"Unregistered object (bottle) appeared at S01 at 01:19, not present during calibration",,
evt_0557,sess_20260823_073349,S01,1,79.17,79.17,950,950,object_unregistered,40.0,20950.8,0.38,warning,"Unregistered object (mouse) appeared at S01 at 01:19, not present during calibration",,
evt_0558,sess_20260823_073349,S01,1,79.33,79.33,952,952,object_unregistered,40.0,20990.5,0.57,warning,"Unregistered object (bottle) appeared at S01 at 01:19, not present during calibration",,
evt_0559,sess_20260823_073349,S01,1,79.33,79.33,952,952,object_unregistered,40.0,21030.5,0.4,warning,"Unregistered object (mouse) appeared at S01 at 01:19, not present during calibration",,
evt_0560,sess_20260823_073349,S01,1,79.5,79.5,954,954,object_unregistered,40.0,21070.2,0.57,warning,"Unregistered object (bottle) appeared at S01 at 01:19, not present during calibration",,
evt_0561,sess_20260823_073349,S01,1,79.5,79.5,954,954,object_unregistered,40.0,21110.2,0.41,warning,"Unregistered object (mouse) appeared at S01 at 01:19, not present during calibration",,
evt_0562,sess_20260823_073349,S01,1,79.67,79.67,956,956,object_unregistered,40.0,21150.0,0.57,warning,"Unregistered object (bottle) appeared at S01 at 01:19, not present during calibration",,
evt_0563,sess_20260823_073349,S01,1,79.67,79.67,956,956,object_unregistered,40.0,21190.0,0.4,warning,"Unregistered object (mouse) appeared at S01 at 01:19, not present during calibration",,
evt_0564,sess_20260823_073349,S01,1,79.83,79.83,958,958,object_unregistered,40.0,21229.8,0.57,warning,"Unregistered object (bottle) appeared at S01 at 01:19, not present during calibration",,
evt_0565,sess_20260823_073349,S01,1,79.83,79.83,958,958,object_unregistered,40.0,21269.8,0.4,warning,"Unregistered object (mouse) appeared at S01 at 01:19, not present during calibration",,
evt_0566,sess_20260823_073349,S01,1,80.0,80.0,960,960,object_unregistered,40.0,21309.5,0.57,warning,"Unregistered object (bottle) appeared at S01 at 01:20, not present during calibration",,
evt_0567,sess_20260823_073349,S01,1,80.0,80.0,960,960,object_unregistered,40.0,21349.5,0.4,warning,"Unregistered object (mouse) appeared at S01 at 01:20, not present during calibration",,
evt_0568,sess_20260823_073349,S01,1,80.17,80.17,962,962,object_unregistered,40.0,21389.2,0.58,warning,"Unregistered object (bottle) appeared at S01 at 01:20, not present during calibration",,
evt_0569,sess_20260823_073349,S01,1,80.17,80.17,962,962,object_unregistered,40.0,21429.2,0.4,warning,"Unregistered object (mouse) appeared at S01 at 01:20, not present during calibration",,
evt_0570,sess_20260823_073349,S01,1,80.33,80.33,964,964,object_unregistered,40.0,21469.0,0.57,warning,"Unregistered object (bottle) appeared at S01 at 01:20, not present during calibration",,
evt_0571,sess_20260823_073349,S01,1,80.33,80.33,964,964,object_unregistered,40.0,21509.0,0.4,warning,"Unregistered object (mouse) appeared at S01 at 01:20, not present during calibration",,
evt_0572,sess_20260823_073349,S01,1,80.5,80.5,966,966,object_unregistered,40.0,21548.8,0.58,warning,"Unregistered object (bottle) appeared at S01 at 01:20, not present during calibration",,
evt_0573,sess_20260823_073349,S01,1,80.5,80.5,966,966,object_unregistered,40.0,21588.8,0.39,warning,"Unregistered object (mouse) appeared at S01 at 01:20, not present during calibration",,
evt_0574,sess_20260823_073349,S01,1,80.67,80.67,968,968,object_unregistered,40.0,21628.5,0.58,warning,"Unregistered object (bottle) appeared at S01 at 01:20, not present during calibration",,
evt_0575,sess_20260823_073349,S01,1,80.67,80.67,968,968,object_unregistered,40.0,21668.5,0.39,warning,"Unregistered object (mouse) appeared at S01 at 01:20, not present during calibration",,
evt_0576,sess_20260823_073349,S01,1,80.83,80.83,970,970,object_unregistered,40.0,21708.2,0.58,warning,"Unregistered object (bottle) appeared at S01 at 01:20, not present during calibration",,
evt_0577,sess_20260823_073349,S01,1,80.83,80.83,970,970,object_unregistered,40.0,21748.2,0.4,warning,"Unregistered object (mouse) appeared at S01 at 01:20, not present during calibration",,
evt_0578,sess_20260823_073349,S01,1,81.0,81.0,972,972,object_unregistered,40.0,21788.0,0.58,warning,"Unregistered object (bottle) appeared at S01 at 01:21, not present during calibration",,
evt_0579,sess_20260823_073349,S01,1,81.0,81.0,972,972,object_unregistered,40.0,21828.0,0.43,warning,"Unregistered object (mouse) appeared at S01 at 01:21, not present during calibration",,
evt_0580,sess_20260823_073349,S01,1,81.08,81.08,973,973,motion_spurt,20.0,21847.9,0.75,critical,"Abnormal rapid motion detected at S01 (Energy: 31.3%, Velocity: 0.0px/s)",,
evt_0581,sess_20260823_073349,S01,1,81.17,81.17,974,974,object_unregistered,40.0,21887.8,0.58,warning,"Unregistered object (bottle) appeared at S01 at 01:21, not present during calibration",,
evt_0582,sess_20260823_073349,S01,1,81.17,81.17,974,974,object_unregistered,40.0,21927.8,0.44,warning,"Unregistered object (mouse) appeared at S01 at 01:21, not present during calibration",,
evt_0583,sess_20260823_073349,S01,1,81.17,81.17,974,974,motion_spurt,20.0,21947.8,0.75,warning,"Abnormal rapid motion detected at S01 (Energy: 32.5%, Velocity: 0.0px/s)",,
evt_0584,sess_20260823_073349,S01,1,81.25,81.25,975,975,motion_spurt,20.0,21967.6,0.75,warning,"Abnormal rapid motion detected at S01 (Energy: 33.2%, Velocity: 0.0px/s)",,
evt_0585,sess_20260823_073349,S01,1,81.33,81.33,976,976,object_unregistered,40.0,22007.5,0.58,warning,"Unregistered object (bottle) appeared at S01 at 01:21, not present during calibration",,
evt_0586,sess_20260823_073349,S01,1,81.33,81.33,976,976,object_unregistered,40.0,22047.5,0.44,warning,"Unregistered object (mouse) appeared at S01 at 01:21, not present during calibration",,
evt_0587,sess_20260823_073349,S01,1,81.33,81.33,976,976,motion_spurt,20.0,22067.5,0.75,warning,"Abnormal rapid motion detected at S01 (Energy: 33.2%, Velocity: 0.0px/s)",,
evt_0588,sess_20260823_073349,S01,1,81.42,81.42,977,977,motion_spurt,20.0,22087.4,0.75,warning,"Abnormal rapid motion detected at S01 (Energy: 33.6%, Velocity: 0.0px/s)",,
evt_0589,sess_20260823_073349,S01,1,81.5,81.5,978,978,object_unregistered,40.0,22127.2,0.58,warning,"Unregistered object (bottle) appeared at S01 at 01:21, not present during calibration",,
evt_0590,sess_20260823_073349,S01,1,81.5,81.5,978,978,object_unregistered,40.0,22167.2,0.44,warning,"Unregistered object (mouse) appeared at S01 at 01:21, not present during calibration",,
evt_0591,sess_20260823_073349,S01,1,81.5,81.5,978,978,motion_spurt,20.0,22187.2,0.75,warning,"Abnormal rapid motion detected at S01 (Energy: 33.6%, Velocity: 0.0px/s)",,
evt_0592,sess_20260823_073349,S01,1,81.58,81.58,979,979,motion_spurt,20.0,22207.1,0.75,warning,"Abnormal rapid motion detected at S01 (Energy: 33.8%, Velocity: 0.0px/s)",,
evt_0593,sess_20260823_073349,S01,1,81.67,81.67,980,980,object_unregistered,40.0,22247.0,0.58,warning,"Unregistered object (bottle) appeared at S01 at 01:21, not present during calibration",,
evt_0594,sess_20260823_073349,S01,1,81.67,81.67,980,980,object_unregistered,40.0,22287.0,0.44,warning,"Unregistered object (mouse) appeared at S01 at 01:21, not present during calibration",,
evt_0595,sess_20260823_073349,S01,1,81.67,81.67,980,980,motion_spurt,20.0,22307.0,0.75,warning,"Abnormal rapid motion detected at S01 (Energy: 32.7%, Velocity: 0.0px/s)",,
evt_0596,sess_20260823_073349,S01,1,81.83,81.83,982,982,object_unregistered,40.0,22346.8,0.58,warning,"Unregistered object (bottle) appeared at S01 at 01:21, not present during calibration",,
evt_0597,sess_20260823_073349,S01,1,81.83,81.83,982,982,object_unregistered,40.0,22386.8,0.43,warning,"Unregistered object (mouse) appeared at S01 at 01:21, not present during calibration",,
evt_0598,sess_20260823_073349,S01,1,82.0,82.0,984,984,object_unregistered,40.0,22426.5,0.58,warning,"Unregistered object (bottle) appeared at S01 at 01:22, not present during calibration",,
evt_0599,sess_20260823_073349,S01,1,82.0,82.0,984,984,object_unregistered,40.0,22466.5,0.44,warning,"Unregistered object (mouse) appeared at S01 at 01:22, not present during calibration",,
evt_0600,sess_20260823_073349,S01,1,82.17,82.17,986,986,object_unregistered,40.0,22506.2,0.55,warning,"Unregistered object (bottle) appeared at S01 at 01:22, not present during calibration",,
evt_0601,sess_20260823_073349,S01,1,82.17,82.17,986,986,object_unregistered,40.0,22546.2,0.42,warning,"Unregistered object (mouse) appeared at S01 at 01:22, not present during calibration",,
evt_0602,sess_20260823_073349,S01,1,82.33,82.33,988,988,object_unregistered,40.0,22586.0,0.54,warning,"Unregistered object (bottle) appeared at S01 at 01:22, not present during calibration",,
evt_0603,sess_20260823_073349,S01,1,82.33,82.33,988,988,object_unregistered,40.0,22626.0,0.43,warning,"Unregistered object (mouse) appeared at S01 at 01:22, not present during calibration",,
evt_0604,sess_20260823_073349,S01,1,82.5,82.5,990,990,object_unregistered,40.0,22665.8,0.54,warning,"Unregistered object (bottle) appeared at S01 at 01:22, not present during calibration",,
evt_0605,sess_20260823_073349,S01,1,82.5,82.5,990,990,object_unregistered,40.0,22705.8,0.43,warning,"Unregistered object (mouse) appeared at S01 at 01:22, not present during calibration",,
evt_0606,sess_20260823_073349,S01,1,82.67,82.67,992,992,object_unregistered,40.0,22745.5,0.54,warning,"Unregistered object (bottle) appeared at S01 at 01:22, not present during calibration",,
evt_0607,sess_20260823_073349,S01,1,82.67,82.67,992,992,object_unregistered,40.0,22785.5,0.43,warning,"Unregistered object (mouse) appeared at S01 at 01:22, not present during calibration",,
evt_0608,sess_20260823_073349,S01,1,82.83,82.83,994,994,object_unregistered,40.0,22825.2,0.54,warning,"Unregistered object (bottle) appeared at S01 at 01:22, not present during calibration",,
evt_0609,sess_20260823_073349,S01,1,82.83,82.83,994,994,object_unregistered,40.0,22865.2,0.43,warning,"Unregistered object (mouse) appeared at S01 at 01:22, not present during calibration",,
evt_0610,sess_20260823_073349,S01,1,83.0,83.0,996,996,object_unregistered,40.0,22905.0,0.57,warning,"Unregistered object (bottle) appeared at S01 at 01:23, not present during calibration",,
evt_0611,sess_20260823_073349,S01,1,83.0,83.0,996,996,object_unregistered,40.0,22945.0,0.44,warning,"Unregistered object (mouse) appeared at S01 at 01:23, not present during calibration",,
evt_0612,sess_20260823_073349,S01,1,83.17,83.17,998,998,object_unregistered,40.0,22984.8,0.57,warning,"Unregistered object (bottle) appeared at S01 at 01:23, not present during calibration",,
evt_0613,sess_20260823_073349,S01,1,83.17,83.17,998,998,object_unregistered,40.0,23024.8,0.43,warning,"Unregistered object (mouse) appeared at S01 at 01:23, not present during calibration",,
evt_0614,sess_20260823_073349,S01,1,83.33,83.33,1000,1000,object_unregistered,40.0,23064.5,0.56,warning,"Unregistered object (bottle) appeared at S01 at 01:23, not present during calibration",,
evt_0615,sess_20260823_073349,S01,1,83.33,83.33,1000,1000,object_unregistered,40.0,23104.5,0.44,warning,"Unregistered object (mouse) appeared at S01 at 01:23, not present during calibration",,
evt_0616,sess_20260823_073349,S01,1,83.5,83.5,1002,1002,object_unregistered,40.0,23144.2,0.55,warning,"Unregistered object (bottle) appeared at S01 at 01:23, not present during calibration",,
evt_0617,sess_20260823_073349,S01,1,83.5,83.5,1002,1002,object_unregistered,40.0,23184.2,0.44,warning,"Unregistered object (mouse) appeared at S01 at 01:23, not present during calibration",,
evt_0618,sess_20260823_073349,S01,1,83.67,83.67,1004,1004,object_unregistered,40.0,23224.0,0.55,warning,"Unregistered object (bottle) appeared at S01 at 01:23, not present during calibration",,
evt_0619,sess_20260823_073349,S01,1,83.67,83.67,1004,1004,object_unregistered,40.0,23264.0,0.44,warning,"Unregistered object (mouse) appeared at S01 at 01:23, not present during calibration",,
evt_0620,sess_20260823_073349,S01,1,83.83,83.83,1006,1006,object_unregistered,40.0,23303.8,0.55,warning,"Unregistered object (bottle) appeared at S01 at 01:23, not present during calibration",,
evt_0621,sess_20260823_073349,S01,1,83.83,83.83,1006,1006,object_unregistered,40.0,23343.8,0.44,warning,"Unregistered object (mouse) appeared at S01 at 01:23, not present during calibration",,
evt_0622,sess_20260823_073349,S01,1,84.0,84.0,1008,1008,object_unregistered,40.0,23383.5,0.55,warning,"Unregistered object (bottle) appeared at S01 at 01:24, not present during calibration",,
evt_0623,sess_20260823_073349,S01,1,84.0,84.0,1008,1008,object_unregistered,40.0,23423.5,0.45,warning,"Unregistered object (mouse) appeared at S01 at 01:24, not present during calibration",,
evt_0624,sess_20260823_073349,S01,1,84.17,84.17,1010,1010,object_unregistered,40.0,23463.2,0.55,warning,"Unregistered object (bottle) appeared at S01 at 01:24, not present during calibration",,
evt_0625,sess_20260823_073349,S01,1,84.17,84.17,1010,1010,object_unregistered,40.0,23503.2,0.45,warning,"Unregistered object (mouse) appeared at S01 at 01:24, not present during calibration",,
evt_0626,sess_20260823_073349,S01,1,84.33,84.33,1012,1012,object_unregistered,40.0,23543.0,0.55,warning,"Unregistered object (bottle) appeared at S01 at 01:24, not present during calibration",,
evt_0627,sess_20260823_073349,S01,1,84.33,84.33,1012,1012,object_unregistered,40.0,23583.0,0.44,warning,"Unregistered object (mouse) appeared at S01 at 01:24, not present during calibration",,
evt_0628,sess_20260823_073349,S01,1,84.5,84.5,1014,1014,object_unregistered,40.0,23622.8,0.56,warning,"Unregistered object (bottle) appeared at S01 at 01:24, not present during calibration",,
evt_0629,sess_20260823_073349,S01,1,84.5,84.5,1014,1014,object_unregistered,40.0,23662.8,0.45,warning,"Unregistered object (mouse) appeared at S01 at 01:24, not present during calibration",,
evt_0630,sess_20260823_073349,S01,1,84.67,84.67,1016,1016,object_unregistered,40.0,23702.5,0.55,warning,"Unregistered object (bottle) appeared at S01 at 01:24, not present during calibration",,
evt_0631,sess_20260823_073349,S01,1,84.67,84.67,1016,1016,object_unregistered,40.0,23742.5,0.45,warning,"Unregistered object (mouse) appeared at S01 at 01:24, not present during calibration",,
evt_0632,sess_20260823_073349,S01,1,84.83,84.83,1018,1018,object_unregistered,40.0,23782.2,0.56,warning,"Unregistered object (bottle) appeared at S01 at 01:24, not present during calibration",,
evt_0633,sess_20260823_073349,S01,1,84.83,84.83,1018,1018,object_unregistered,40.0,23822.2,0.45,warning,"Unregistered object (mouse) appeared at S01 at 01:24, not present during calibration",,
evt_0634,sess_20260823_073349,S01,1,85.0,85.0,1020,1020,object_unregistered,40.0,23862.0,0.56,warning,"Unregistered object (bottle) appeared at S01 at 01:25, not present during calibration",,
evt_0635,sess_20260823_073349,S01,1,85.0,85.0,1020,1020,object_unregistered,40.0,23902.0,0.45,warning,"Unregistered object (mouse) appeared at S01 at 01:25, not present during calibration",,
evt_0636,sess_20260823_073349,S01,1,85.17,85.17,1022,1022,object_unregistered,40.0,23941.8,0.56,warning,"Unregistered object (bottle) appeared at S01 at 01:25, not present during calibration",,
evt_0637,sess_20260823_073349,S01,1,85.17,85.17,1022,1022,object_unregistered,40.0,23981.8,0.44,warning,"Unregistered object (mouse) appeared at S01 at 01:25, not present during calibration",,
evt_0638,sess_20260823_073349,S01,1,85.33,85.33,1024,1024,object_unregistered,40.0,24021.5,0.56,warning,"Unregistered object (bottle) appeared at S01 at 01:25, not present during calibration",,
evt_0639,sess_20260823_073349,S01,1,85.33,85.33,1024,1024,object_unregistered,40.0,24061.5,0.44,warning,"Unregistered object (mouse) appeared at S01 at 01:25, not present during calibration",,
evt_0640,sess_20260823_073349,S01,1,85.5,85.5,1026,1026,object_unregistered,40.0,24101.2,0.59,warning,"Unregistered object (bottle) appeared at S01 at 01:25, not present during calibration",,
evt_0641,sess_20260823_073349,S01,1,85.5,85.5,1026,1026,object_unregistered,40.0,24141.2,0.43,warning,"Unregistered object (mouse) appeared at S01 at 01:25, not present during calibration",,
evt_0642,sess_20260823_073349,S01,1,85.67,85.67,1028,1028,object_unregistered,40.0,24181.0,0.59,warning,"Unregistered object (bottle) appeared at S01 at 01:25, not present during calibration",,
evt_0643,sess_20260823_073349,S01,1,85.67,85.67,1028,1028,object_unregistered,40.0,24221.0,0.41,warning,"Unregistered object (mouse) appeared at S01 at 01:25, not present during calibration",,
evt_0644,sess_20260823_073349,S01,1,85.83,85.83,1030,1030,object_unregistered,40.0,24260.8,0.58,warning,"Unregistered object (bottle) appeared at S01 at 01:25, not present during calibration",,
evt_0645,sess_20260823_073349,S01,1,85.83,85.83,1030,1030,object_unregistered,40.0,24300.8,0.4,warning,"Unregistered object (mouse) appeared at S01 at 01:25, not present during calibration",,
evt_0646,sess_20260823_073349,S01,1,86.0,86.0,1032,1032,object_unregistered,40.0,24340.5,0.58,warning,"Unregistered object (bottle) appeared at S01 at 01:26, not present during calibration",,
evt_0647,sess_20260823_073349,S01,1,86.0,86.0,1032,1032,object_unregistered,40.0,24380.5,0.4,warning,"Unregistered object (mouse) appeared at S01 at 01:26, not present during calibration",,
evt_0648,sess_20260823_073349,S01,1,86.17,86.17,1034,1034,object_unregistered,40.0,24420.2,0.59,warning,"Unregistered object (bottle) appeared at S01 at 01:26, not present during calibration",,
evt_0649,sess_20260823_073349,S01,1,86.17,86.17,1034,1034,object_unregistered,40.0,24460.2,0.4,warning,"Unregistered object (mouse) appeared at S01 at 01:26, not present during calibration",,
evt_0650,sess_20260823_073349,S01,1,86.33,86.33,1036,1036,object_unregistered,40.0,24500.0,0.59,warning,"Unregistered object (bottle) appeared at S01 at 01:26, not present during calibration",,
evt_0651,sess_20260823_073349,S01,1,86.33,86.33,1036,1036,object_unregistered,40.0,24540.0,0.42,warning,"Unregistered object (mouse) appeared at S01 at 01:26, not present during calibration",,
evt_0652,sess_20260823_073349,S01,1,86.5,86.5,1038,1038,object_unregistered,40.0,24579.8,0.59,warning,"Unregistered object (bottle) appeared at S01 at 01:26, not present during calibration",,
evt_0653,sess_20260823_073349,S01,1,86.5,86.5,1038,1038,object_unregistered,40.0,24619.8,0.43,warning,"Unregistered object (mouse) appeared at S01 at 01:26, not present during calibration",,
evt_0654,sess_20260823_073349,S01,1,86.67,86.67,1040,1040,object_unregistered,40.0,24659.5,0.59,warning,"Unregistered object (bottle) appeared at S01 at 01:26, not present during calibration",,
evt_0655,sess_20260823_073349,S01,1,86.67,86.67,1040,1040,object_unregistered,40.0,24699.5,0.44,warning,"Unregistered object (mouse) appeared at S01 at 01:26, not present during calibration",,
evt_0656,sess_20260823_073349,S01,1,86.83,86.83,1042,1042,object_unregistered,40.0,24739.2,0.59,warning,"Unregistered object (bottle) appeared at S01 at 01:26, not present during calibration",,
evt_0657,sess_20260823_073349,S01,1,86.83,86.83,1042,1042,object_unregistered,40.0,24779.2,0.44,warning,"Unregistered object (mouse) appeared at S01 at 01:26, not present during calibration",,
evt_0658,sess_20260823_073349,S01,1,87.0,87.0,1044,1044,object_unregistered,40.0,24819.0,0.58,warning,"Unregistered object (bottle) appeared at S01 at 01:27, not present during calibration",,
evt_0659,sess_20260823_073349,S01,1,87.0,87.0,1044,1044,object_unregistered,40.0,24859.0,0.44,warning,"Unregistered object (mouse) appeared at S01 at 01:27, not present during calibration",,
evt_0660,sess_20260823_073349,S01,1,87.17,87.17,1046,1046,object_unregistered,40.0,24898.8,0.59,warning,"Unregistered object (bottle) appeared at S01 at 01:27, not present during calibration",,
evt_0661,sess_20260823_073349,S01,1,87.17,87.17,1046,1046,object_unregistered,40.0,24938.8,0.44,warning,"Unregistered object (mouse) appeared at S01 at 01:27, not present during calibration",,
evt_0662,sess_20260823_073349,S01,1,87.33,87.33,1048,1048,object_unregistered,40.0,24978.5,0.58,warning,"Unregistered object (bottle) appeared at S01 at 01:27, not present during calibration",,
evt_0663,sess_20260823_073349,S01,1,87.33,87.33,1048,1048,object_unregistered,40.0,25018.5,0.44,warning,"Unregistered object (mouse) appeared at S01 at 01:27, not present during calibration",,
evt_0664,sess_20260823_073349,S01,1,87.5,87.5,1050,1050,object_unregistered,40.0,25058.2,0.58,warning,"Unregistered object (bottle) appeared at S01 at 01:27, not present during calibration",,
evt_0665,sess_20260823_073349,S01,1,87.5,87.5,1050,1050,object_unregistered,40.0,25098.2,0.45,warning,"Unregistered object (mouse) appeared at S01 at 01:27, not present during calibration",,
evt_0666,sess_20260823_073349,S01,1,87.67,87.67,1052,1052,object_unregistered,40.0,25138.0,0.58,warning,"Unregistered object (bottle) appeared at S01 at 01:27, not present during calibration",,
evt_0667,sess_20260823_073349,S01,1,87.67,87.67,1052,1052,object_unregistered,40.0,25178.0,0.45,warning,"Unregistered object (mouse) appeared at S01 at 01:27, not present during calibration",,
evt_0668,sess_20260823_073349,S01,1,87.83,87.83,1054,1054,object_unregistered,40.0,25217.8,0.58,warning,"Unregistered object (bottle) appeared at S01 at 01:27, not present during calibration",,
evt_0669,sess_20260823_073349,S01,1,87.83,87.83,1054,1054,object_unregistered,40.0,25257.8,0.46,warning,"Unregistered object (mouse) appeared at S01 at 01:27, not present during calibration",,
evt_0670,sess_20260823_073349,S01,1,88.0,88.0,1056,1056,object_unregistered,40.0,25297.5,0.58,warning,"Unregistered object (bottle) appeared at S01 at 01:28, not present during calibration",,
evt_0671,sess_20260823_073349,S01,1,88.0,88.0,1056,1056,object_unregistered,40.0,25337.5,0.46,warning,"Unregistered object (mouse) appeared at S01 at 01:28, not present during calibration",,
evt_0672,sess_20260823_073349,S01,1,88.17,88.17,1058,1058,object_unregistered,40.0,25377.2,0.58,warning,"Unregistered object (bottle) appeared at S01 at 01:28, not present during calibration",,
evt_0673,sess_20260823_073349,S01,1,88.17,88.17,1058,1058,object_unregistered,40.0,25417.2,0.46,warning,"Unregistered object (mouse) appeared at S01 at 01:28, not present during calibration",,
evt_0674,sess_20260823_073349,S01,1,88.33,88.33,1060,1060,object_unregistered,40.0,25457.0,0.59,warning,"Unregistered object (bottle) appeared at S01 at 01:28, not present during calibration",,
evt_0675,sess_20260823_073349,S01,1,88.33,88.33,1060,1060,object_unregistered,40.0,25497.0,0.45,warning,"Unregistered object (mouse) appeared at S01 at 01:28, not present during calibration",,
evt_0676,sess_20260823_073349,S01,1,88.5,88.5,1062,1062,object_unregistered,40.0,25536.8,0.59,critical,"Unregistered object (bottle) appeared at S01 at 01:28, not present during calibration",,
evt_0677,sess_20260823_073349,S01,1,88.5,88.5,1062,1062,object_unregistered,40.0,25576.8,0.45,warning,"Unregistered object (mouse) appeared at S01 at 01:28, not present during calibration",,
evt_0678,sess_20260823_073349,S01,1,88.67,88.67,1064,1064,object_unregistered,40.0,25616.5,0.59,warning,"Unregistered object (bottle) appeared at S01 at 01:28, not present during calibration",,
evt_0679,sess_20260823_073349,S01,1,88.67,88.67,1064,1064,object_unregistered,40.0,25656.5,0.44,warning,"Unregistered object (mouse) appeared at S01 at 01:28, not present during calibration",,
evt_0680,sess_20260823_073349,S01,1,88.83,88.83,1066,1066,object_unregistered,40.0,25696.2,0.6,warning,"Unregistered object (bottle) appeared at S01 at 01:28, not present during calibration",,
evt_0681,sess_20260823_073349,S01,1,88.83,88.83,1066,1066,object_unregistered,40.0,25736.2,0.45,warning,"Unregistered object (mouse) appeared at S01 at 01:28, not present during calibration",,
evt_0682,sess_20260823_073349,S01,1,89.0,89.0,1068,1068,object_unregistered,40.0,25776.0,0.6,warning,"Unregistered object (bottle) appeared at S01 at 01:29, not present during calibration",,
evt_0683,sess_20260823_073349,S01,1,89.0,89.0,1068,1068,object_unregistered,40.0,25816.0,0.45,warning,"Unregistered object (mouse) appeared at S01 at 01:29, not present during calibration",,
evt_0684,sess_20260823_073349,S01,1,89.17,89.17,1070,1070,object_unregistered,40.0,25855.8,0.6,warning,"Unregistered object (bottle) appeared at S01 at 01:29, not present during calibration",,
evt_0685,sess_20260823_073349,S01,1,89.17,89.17,1070,1070,object_unregistered,40.0,25895.8,0.45,warning,"Unregistered object (mouse) appeared at S01 at 01:29, not present during calibration",,
evt_0686,sess_20260823_073349,S01,1,89.33,89.33,1072,1072,object_unregistered,40.0,25935.5,0.59,warning,"Unregistered object (bottle) appeared at S01 at 01:29, not present during calibration",,
evt_0687,sess_20260823_073349,S01,1,89.33,89.33,1072,1072,object_unregistered,40.0,25975.5,0.45,warning,"Unregistered object (mouse) appeared at S01 at 01:29, not present during calibration",,
evt_0688,sess_20260823_073349,S01,1,89.5,89.5,1074,1074,object_unregistered,40.0,26015.2,0.59,warning,"Unregistered object (bottle) appeared at S01 at 01:29, not present during calibration",,
evt_0689,sess_20260823_073349,S01,1,89.5,89.5,1074,1074,object_unregistered,40.0,26055.2,0.46,warning,"Unregistered object (mouse) appeared at S01 at 01:29, not present during calibration",,
evt_0690,sess_20260823_073349,S01,1,89.67,89.67,1076,1076,object_unregistered,40.0,26095.0,0.59,warning,"Unregistered object (bottle) appeared at S01 at 01:29, not present during calibration",,
evt_0691,sess_20260823_073349,S01,1,89.67,89.67,1076,1076,object_unregistered,40.0,26135.0,0.46,warning,"Unregistered object (mouse) appeared at S01 at 01:29, not present during calibration",,
evt_0692,sess_20260823_073349,S01,1,89.83,89.83,1078,1078,object_unregistered,40.0,26174.8,0.59,warning,"Unregistered object (bottle) appeared at S01 at 01:29, not present during calibration",,
evt_0693,sess_20260823_073349,S01,1,89.83,89.83,1078,1078,object_unregistered,40.0,26214.8,0.47,warning,"Unregistered object (mouse) appeared at S01 at 01:29, not present during calibration",,
evt_0694,sess_20260823_073349,S01,1,90.0,90.0,1080,1080,object_unregistered,40.0,26254.5,0.59,warning,"Unregistered object (bottle) appeared at S01 at 01:30, not present during calibration",,
evt_0695,sess_20260823_073349,S01,1,90.0,90.0,1080,1080,object_unregistered,40.0,26294.5,0.48,warning,"Unregistered object (mouse) appeared at S01 at 01:30, not present during calibration",,
evt_0696,sess_20260823_073349,S01,1,90.17,90.17,1082,1082,object_unregistered,40.0,26334.2,0.59,warning,"Unregistered object (bottle) appeared at S01 at 01:30, not present during calibration",,
evt_0697,sess_20260823_073349,S01,1,90.17,90.17,1082,1082,object_unregistered,40.0,26374.2,0.48,warning,"Unregistered object (mouse) appeared at S01 at 01:30, not present during calibration",,
evt_0698,sess_20260823_073349,S01,1,90.33,90.33,1084,1084,object_unregistered,40.0,26414.0,0.59,warning,"Unregistered object (bottle) appeared at S01 at 01:30, not present during calibration",,
evt_0699,sess_20260823_073349,S01,1,90.33,90.33,1084,1084,object_unregistered,40.0,26454.0,0.48,warning,"Unregistered object (mouse) appeared at S01 at 01:30, not present during calibration",,
evt_0700,sess_20260823_073349,S01,1,90.5,90.5,1086,1086,object_unregistered,40.0,26493.8,0.59,warning,"Unregistered object (bottle) appeared at S01 at 01:30, not present during calibration",,
evt_0701,sess_20260823_073349,S01,1,90.5,90.5,1086,1086,object_unregistered,40.0,26533.8,0.48,warning,"Unregistered object (mouse) appeared at S01 at 01:30, not present during calibration",,
evt_0702,sess_20260823_073349,S01,1,90.67,90.67,1088,1088,object_unregistered,40.0,26573.5,0.59,warning,"Unregistered object (bottle) appeared at S01 at 01:30, not present during calibration",,
evt_0703,sess_20260823_073349,S01,1,90.67,90.67,1088,1088,object_unregistered,40.0,26613.5,0.48,warning,"Unregistered object (mouse) appeared at S01 at 01:30, not present during calibration",,
evt_0704,sess_20260823_073349,S01,1,90.83,90.83,1090,1090,object_unregistered,40.0,26653.2,0.59,warning,"Unregistered object (bottle) appeared at S01 at 01:30, not present during calibration",,
evt_0705,sess_20260823_073349,S01,1,90.83,90.83,1090,1090,object_unregistered,40.0,26693.2,0.47,warning,"Unregistered object (mouse) appeared at S01 at 01:30, not present during calibration",,
evt_0706,sess_20260823_073349,S01,1,91.0,91.0,1092,1092,object_unregistered,40.0,26733.0,0.58,warning,"Unregistered object (bottle) appeared at S01 at 01:31, not present during calibration",,
evt_0707,sess_20260823_073349,S01,1,91.0,91.0,1092,1092,object_unregistered,40.0,26773.0,0.47,warning,"Unregistered object (mouse) appeared at S01 at 01:31, not present during calibration",,
evt_0708,sess_20260823_073349,S01,1,91.17,91.17,1094,1094,object_unregistered,40.0,26812.8,0.58,warning,"Unregistered object (bottle) appeared at S01 at 01:31, not present during calibration",,
evt_0709,sess_20260823_073349,S01,1,91.17,91.17,1094,1094,object_unregistered,40.0,26852.8,0.47,warning,"Unregistered object (mouse) appeared at S01 at 01:31, not present during calibration",,
evt_0710,sess_20260823_073349,S01,1,91.33,91.33,1096,1096,object_unregistered,40.0,26892.5,0.59,warning,"Unregistered object (bottle) appeared at S01 at 01:31, not present during calibration",,
evt_0711,sess_20260823_073349,S01,1,91.33,91.33,1096,1096,object_unregistered,40.0,26932.5,0.47,warning,"Unregistered object (mouse) appeared at S01 at 01:31, not present during calibration",,
evt_0712,sess_20260823_073349,S01,1,91.5,91.5,1098,1098,object_unregistered,40.0,26972.2,0.59,warning,"Unregistered object (bottle) appeared at S01 at 01:31, not present during calibration",,
evt_0713,sess_20260823_073349,S01,1,91.5,91.5,1098,1098,object_unregistered,40.0,27012.2,0.47,warning,"Unregistered object (mouse) appeared at S01 at 01:31, not present during calibration",,
evt_0714,sess_20260823_073349,S01,1,91.67,91.67,1100,1100,object_unregistered,40.0,27052.0,0.59,warning,"Unregistered object (bottle) appeared at S01 at 01:31, not present during calibration",,
evt_0715,sess_20260823_073349,S01,1,91.67,91.67,1100,1100,object_unregistered,40.0,27092.0,0.47,warning,"Unregistered object (mouse) appeared at S01 at 01:31, not present during calibration",,
evt_0716,sess_20260823_073349,S01,1,91.83,91.83,1102,1102,object_unregistered,40.0,27131.8,0.59,warning,"Unregistered object (bottle) appeared at S01 at 01:31, not present during calibration",,
evt_0717,sess_20260823_073349,S01,1,91.83,91.83,1102,1102,object_unregistered,40.0,27171.8,0.47,warning,"Unregistered object (mouse) appeared at S01 at 01:31, not present during calibration",,
evt_0718,sess_20260823_073349,S01,1,92.0,92.0,1104,1104,object_unregistered,40.0,27211.5,0.59,warning,"Unregistered object (bottle) appeared at S01 at 01:32, not present during calibration",,
evt_0719,sess_20260823_073349,S01,1,92.0,92.0,1104,1104,object_unregistered,40.0,27251.5,0.47,warning,"Unregistered object (mouse) appeared at S01 at 01:32, not present during calibration",,
evt_0720,sess_20260823_073349,S01,1,92.17,92.17,1106,1106,object_unregistered,40.0,27291.2,0.6,warning,"Unregistered object (bottle) appeared at S01 at 01:32, not present during calibration",,
evt_0721,sess_20260823_073349,S01,1,92.17,92.17,1106,1106,object_unregistered,40.0,27331.2,0.46,warning,"Unregistered object (mouse) appeared at S01 at 01:32, not present during calibration",,
evt_0722,sess_20260823_073349,S01,1,92.33,92.33,1108,1108,object_unregistered,40.0,27371.0,0.6,warning,"Unregistered object (bottle) appeared at S01 at 01:32, not present during calibration",,
evt_0723,sess_20260823_073349,S01,1,92.33,92.33,1108,1108,object_unregistered,40.0,27411.0,0.46,warning,"Unregistered object (mouse) appeared at S01 at 01:32, not present during calibration",,
evt_0724,sess_20260823_073349,S01,1,92.5,92.5,1110,1110,object_unregistered,40.0,27450.8,0.6,warning,"Unregistered object (bottle) appeared at S01 at 01:32, not present during calibration",,
evt_0725,sess_20260823_073349,S01,1,92.5,92.5,1110,1110,object_unregistered,40.0,27490.8,0.47,warning,"Unregistered object (mouse) appeared at S01 at 01:32, not present during calibration",,
evt_0726,sess_20260823_073349,S01,1,92.67,92.67,1112,1112,object_unregistered,40.0,27530.5,0.59,warning,"Unregistered object (bottle) appeared at S01 at 01:32, not present during calibration",,
evt_0727,sess_20260823_073349,S01,1,92.67,92.67,1112,1112,object_unregistered,40.0,27570.5,0.46,warning,"Unregistered object (mouse) appeared at S01 at 01:32, not present during calibration",,
evt_0728,sess_20260823_073349,S01,1,92.83,92.83,1114,1114,object_unregistered,40.0,27610.2,0.6,warning,"Unregistered object (bottle) appeared at S01 at 01:32, not present during calibration",,
evt_0729,sess_20260823_073349,S01,1,92.83,92.83,1114,1114,object_unregistered,40.0,27650.2,0.46,warning,"Unregistered object (mouse) appeared at S01 at 01:32, not present during calibration",,
evt_0730,sess_20260823_073349,S01,1,93.0,93.0,1116,1116,object_unregistered,40.0,27690.0,0.6,warning,"Unregistered object (bottle) appeared at S01 at 01:33, not present during calibration",,
evt_0731,sess_20260823_073349,S01,1,93.0,93.0,1116,1116,object_unregistered,40.0,27730.0,0.46,warning,"Unregistered object (mouse) appeared at S01 at 01:33, not present during calibration",,
evt_0732,sess_20260823_073349,S01,1,93.17,93.17,1118,1118,object_unregistered,40.0,27769.8,0.6,warning,"Unregistered object (bottle) appeared at S01 at 01:33, not present during calibration",,
evt_0733,sess_20260823_073349,S01,1,93.17,93.17,1118,1118,object_unregistered,40.0,27809.8,0.45,warning,"Unregistered object (mouse) appeared at S01 at 01:33, not present during calibration",,
evt_0734,sess_20260823_073349,S01,1,93.33,93.33,1120,1120,object_unregistered,40.0,27849.5,0.6,warning,"Unregistered object (bottle) appeared at S01 at 01:33, not present during calibration",,
evt_0735,sess_20260823_073349,S01,1,93.33,93.33,1120,1120,object_unregistered,40.0,27889.5,0.45,warning,"Unregistered object (mouse) appeared at S01 at 01:33, not present during calibration",,
evt_0736,sess_20260823_073349,S01,1,93.5,93.5,1122,1122,object_unregistered,40.0,27929.2,0.6,warning,"Unregistered object (bottle) appeared at S01 at 01:33, not present during calibration",,
evt_0737,sess_20260823_073349,S01,1,93.5,93.5,1122,1122,object_unregistered,40.0,27969.2,0.45,warning,"Unregistered object (mouse) appeared at S01 at 01:33, not present during calibration",,
evt_0738,sess_20260823_073349,S01,1,93.67,93.67,1124,1124,object_unregistered,40.0,28009.0,0.59,warning,"Unregistered object (bottle) appeared at S01 at 01:33, not present during calibration",,
evt_0739,sess_20260823_073349,S01,1,93.67,93.67,1124,1124,object_unregistered,40.0,28049.0,0.46,warning,"Unregistered object (mouse) appeared at S01 at 01:33, not present during calibration",,
evt_0740,sess_20260823_073349,S01,1,93.83,93.83,1126,1126,object_unregistered,40.0,28088.8,0.59,warning,"Unregistered object (bottle) appeared at S01 at 01:33, not present during calibration",,
evt_0741,sess_20260823_073349,S01,1,93.83,93.83,1126,1126,object_unregistered,40.0,28128.8,0.46,warning,"Unregistered object (mouse) appeared at S01 at 01:33, not present during calibration",,
evt_0742,sess_20260823_073349,S01,1,94.0,94.0,1128,1128,object_unregistered,40.0,28168.5,0.59,warning,"Unregistered object (bottle) appeared at S01 at 01:34, not present during calibration",,
evt_0743,sess_20260823_073349,S01,1,94.0,94.0,1128,1128,object_unregistered,40.0,28208.5,0.46,warning,"Unregistered object (mouse) appeared at S01 at 01:34, not present during calibration",,
evt_0744,sess_20260823_073349,S01,1,94.17,94.17,1130,1130,object_unregistered,40.0,28248.2,0.6,warning,"Unregistered object (bottle) appeared at S01 at 01:34, not present during calibration",,
evt_0745,sess_20260823_073349,S01,1,94.17,94.17,1130,1130,object_unregistered,40.0,28288.2,0.46,warning,"Unregistered object (mouse) appeared at S01 at 01:34, not present during calibration",,
evt_0746,sess_20260823_073349,S01,1,94.33,94.33,1132,1132,object_unregistered,40.0,28328.0,0.6,warning,"Unregistered object (bottle) appeared at S01 at 01:34, not present during calibration",,
evt_0747,sess_20260823_073349,S01,1,94.33,94.33,1132,1132,object_unregistered,40.0,28368.0,0.45,warning,"Unregistered object (mouse) appeared at S01 at 01:34, not present during calibration",,
evt_0748,sess_20260823_073349,S01,1,94.5,94.5,1134,1134,object_unregistered,40.0,28407.8,0.59,warning,"Unregistered object (bottle) appeared at S01 at 01:34, not present during calibration",,
evt_0749,sess_20260823_073349,S01,1,94.5,94.5,1134,1134,object_unregistered,40.0,28447.8,0.45,warning,"Unregistered object (mouse) appeared at S01 at 01:34, not present during calibration",,
evt_0750,sess_20260823_073349,S01,1,94.67,94.67,1136,1136,object_unregistered,40.0,28487.5,0.59,warning,"Unregistered object (bottle) appeared at S01 at 01:34, not present during calibration",,
evt_0751,sess_20260823_073349,S01,1,94.67,94.67,1136,1136,object_unregistered,40.0,28527.5,0.44,warning,"Unregistered object (mouse) appeared at S01 at 01:34, not present during calibration",,
evt_0752,sess_20260823_073349,S01,1,94.83,94.83,1138,1138,object_unregistered,40.0,28567.2,0.59,warning,"Unregistered object (bottle) appeared at S01 at 01:34, not present during calibration",,
evt_0753,sess_20260823_073349,S01,1,94.83,94.83,1138,1138,object_unregistered,40.0,28607.2,0.44,warning,"Unregistered object (mouse) appeared at S01 at 01:34, not present during calibration",,
evt_0754,sess_20260823_073349,S01,1,95.0,95.0,1140,1140,object_unregistered,40.0,28647.0,0.59,warning,"Unregistered object (bottle) appeared at S01 at 01:35, not present during calibration",,
evt_0755,sess_20260823_073349,S01,1,95.0,95.0,1140,1140,object_unregistered,40.0,28687.0,0.44,warning,"Unregistered object (mouse) appeared at S01 at 01:35, not present during calibration",,
evt_0756,sess_20260823_073349,S01,1,95.17,95.17,1142,1142,object_unregistered,40.0,28726.8,0.59,warning,"Unregistered object (bottle) appeared at S01 at 01:35, not present during calibration",,
evt_0757,sess_20260823_073349,S01,1,95.17,95.17,1142,1142,object_unregistered,40.0,28766.8,0.44,warning,"Unregistered object (mouse) appeared at S01 at 01:35, not present during calibration",,
evt_0758,sess_20260823_073349,S01,1,95.33,95.33,1144,1144,object_unregistered,40.0,28806.5,0.59,warning,"Unregistered object (bottle) appeared at S01 at 01:35, not present during calibration",,
evt_0759,sess_20260823_073349,S01,1,95.33,95.33,1144,1144,object_unregistered,40.0,28846.5,0.44,warning,"Unregistered object (mouse) appeared at S01 at 01:35, not present during calibration",,
evt_0760,sess_20260823_073349,S01,1,95.5,95.5,1146,1146,object_unregistered,40.0,28886.2,0.6,warning,"Unregistered object (bottle) appeared at S01 at 01:35, not present during calibration",,
evt_0761,sess_20260823_073349,S01,1,95.5,95.5,1146,1146,object_unregistered,40.0,28926.2,0.4,warning,"Unregistered object (mouse) appeared at S01 at 01:35, not present during calibration",,
evt_0762,sess_20260823_073349,S01,1,95.67,95.67,1148,1148,object_unregistered,40.0,28966.0,0.59,warning,"Unregistered object (bottle) appeared at S01 at 01:35, not present during calibration",,
evt_0763,sess_20260823_073349,S01,1,95.67,95.67,1148,1148,object_unregistered,40.0,29006.0,0.41,warning,"Unregistered object (mouse) appeared at S01 at 01:35, not present during calibration",,
evt_0764,sess_20260823_073349,S01,1,95.83,95.83,1150,1150,object_unregistered,40.0,29045.8,0.6,warning,"Unregistered object (bottle) appeared at S01 at 01:35, not present during calibration",,
evt_0765,sess_20260823_073349,S01,1,95.83,95.83,1150,1150,object_unregistered,40.0,29085.8,0.39,warning,"Unregistered object (mouse) appeared at S01 at 01:35, not present during calibration",,
evt_0766,sess_20260823_073349,S01,1,96.0,96.0,1152,1152,object_unregistered,40.0,29125.5,0.6,warning,"Unregistered object (bottle) appeared at S01 at 01:36, not present during calibration",,
evt_0767,sess_20260823_073349,S01,1,96.0,96.0,1152,1152,object_unregistered,40.0,29165.5,0.41,warning,"Unregistered object (mouse) appeared at S01 at 01:36, not present during calibration",,
evt_0768,sess_20260823_073349,S01,1,96.17,96.17,1154,1154,object_unregistered,40.0,29205.2,0.6,warning,"Unregistered object (bottle) appeared at S01 at 01:36, not present during calibration",,
evt_0769,sess_20260823_073349,S01,1,96.17,96.17,1154,1154,object_unregistered,40.0,29245.2,0.41,warning,"Unregistered object (mouse) appeared at S01 at 01:36, not present during calibration",,
evt_0770,sess_20260823_073349,S01,1,96.33,96.33,1156,1156,object_unregistered,40.0,29285.0,0.6,warning,"Unregistered object (bottle) appeared at S01 at 01:36, not present during calibration",,
evt_0771,sess_20260823_073349,S01,1,96.33,96.33,1156,1156,object_unregistered,40.0,29325.0,0.41,warning,"Unregistered object (mouse) appeared at S01 at 01:36, not present during calibration",,
evt_0772,sess_20260823_073349,S01,1,96.5,96.5,1158,1158,object_unregistered,40.0,29364.8,0.6,warning,"Unregistered object (bottle) appeared at S01 at 01:36, not present during calibration",,
evt_0773,sess_20260823_073349,S01,1,96.5,96.5,1158,1158,object_unregistered,40.0,29404.8,0.4,warning,"Unregistered object (mouse) appeared at S01 at 01:36, not present during calibration",,
evt_0774,sess_20260823_073349,S01,1,96.67,96.67,1160,1160,object_unregistered,40.0,29444.5,0.6,warning,"Unregistered object (bottle) appeared at S01 at 01:36, not present during calibration",,
evt_0775,sess_20260823_073349,S01,1,96.67,96.67,1160,1160,object_unregistered,40.0,29484.5,0.41,warning,"Unregistered object (mouse) appeared at S01 at 01:36, not present during calibration",,
evt_0776,sess_20260823_073349,S01,1,96.83,96.83,1162,1162,object_unregistered,40.0,29524.2,0.6,warning,"Unregistered object (bottle) appeared at S01 at 01:36, not present during calibration",,
evt_0777,sess_20260823_073349,S01,1,96.83,96.83,1162,1162,object_unregistered,40.0,29564.2,0.41,warning,"Unregistered object (mouse) appeared at S01 at 01:36, not present during calibration",,
evt_0778,sess_20260823_073349,S01,1,97.0,97.0,1164,1164,object_unregistered,40.0,29604.0,0.6,warning,"Unregistered object (bottle) appeared at S01 at 01:37, not present during calibration",,
evt_0779,sess_20260823_073349,S01,1,97.0,97.0,1164,1164,object_unregistered,40.0,29644.0,0.4,warning,"Unregistered object (mouse) appeared at S01 at 01:37, not present during calibration",,
evt_0780,sess_20260823_073349,S01,1,97.17,97.17,1166,1166,object_unregistered,40.0,29683.8,0.6,warning,"Unregistered object (bottle) appeared at S01 at 01:37, not present during calibration",,
evt_0781,sess_20260823_073349,S01,1,97.17,97.17,1166,1166,object_unregistered,40.0,29723.8,0.4,warning,"Unregistered object (mouse) appeared at S01 at 01:37, not present during calibration",,
evt_0782,sess_20260823_073349,S01,1,97.33,97.33,1168,1168,object_unregistered,40.0,29763.5,0.6,warning,"Unregistered object (bottle) appeared at S01 at 01:37, not present during calibration",,
evt_0783,sess_20260823_073349,S01,1,97.33,97.33,1168,1168,object_unregistered,40.0,29803.5,0.41,warning,"Unregistered object (mouse) appeared at S01 at 01:37, not present during calibration",,
evt_0784,sess_20260823_073349,S01,1,97.5,97.5,1170,1170,object_unregistered,40.0,29843.2,0.6,warning,"Unregistered object (bottle) appeared at S01 at 01:37, not present during calibration",,
evt_0785,sess_20260823_073349,S01,1,97.5,97.5,1170,1170,object_unregistered,40.0,29883.2,0.41,warning,"Unregistered object (mouse) appeared at S01 at 01:37, not present during calibration",,
evt_0786,sess_20260823_073349,S01,1,97.67,97.67,1172,1172,object_unregistered,40.0,29923.0,0.6,warning,"Unregistered object (bottle) appeared at S01 at 01:37, not present during calibration",,
evt_0787,sess_20260823_073349,S01,1,97.67,97.67,1172,1172,object_unregistered,40.0,29963.0,0.39,warning,"Unregistered object (mouse) appeared at S01 at 01:37, not present during calibration",,
evt_0788,sess_20260823_073349,S01,1,97.83,97.83,1174,1174,object_unregistered,40.0,30002.8,0.6,warning,"Unregistered object (bottle) appeared at S01 at 01:37, not present during calibration",,
evt_0789,sess_20260823_073349,S01,1,97.83,97.83,1174,1174,object_unregistered,40.0,30042.8,0.39,warning,"Unregistered object (mouse) appeared at S01 at 01:37, not present during calibration",,
evt_0790,sess_20260823_073349,S01,1,98.0,98.0,1176,1176,object_unregistered,40.0,30082.5,0.6,warning,"Unregistered object (bottle) appeared at S01 at 01:38, not present during calibration",,
evt_0791,sess_20260823_073349,S01,1,98.0,98.0,1176,1176,object_unregistered,40.0,30122.5,0.39,warning,"Unregistered object (mouse) appeared at S01 at 01:38, not present during calibration",,
evt_0792,sess_20260823_073349,S01,1,98.17,98.17,1178,1178,object_unregistered,40.0,30162.2,0.6,warning,"Unregistered object (bottle) appeared at S01 at 01:38, not present during calibration",,
evt_0793,sess_20260823_073349,S01,1,98.17,98.17,1178,1178,object_unregistered,40.0,30202.2,0.39,warning,"Unregistered object (mouse) appeared at S01 at 01:38, not present during calibration",,
evt_0794,sess_20260823_073349,S01,1,98.33,98.33,1180,1180,object_unregistered,40.0,30242.0,0.6,warning,"Unregistered object (bottle) appeared at S01 at 01:38, not present during calibration",,
evt_0795,sess_20260823_073349,S01,1,98.33,98.33,1180,1180,object_unregistered,40.0,30282.0,0.39,warning,"Unregistered object (mouse) appeared at S01 at 01:38, not present during calibration",,
evt_0796,sess_20260823_073349,S01,1,98.5,98.5,1182,1182,object_unregistered,40.0,30321.8,0.6,warning,"Unregistered object (bottle) appeared at S01 at 01:38, not present during calibration",,
evt_0797,sess_20260823_073349,S01,1,98.5,98.5,1182,1182,object_unregistered,40.0,30361.8,0.4,warning,"Unregistered object (mouse) appeared at S01 at 01:38, not present during calibration",,
evt_0798,sess_20260823_073349,S01,1,98.67,98.67,1184,1184,object_unregistered,40.0,30401.5,0.6,warning,"Unregistered object (bottle) appeared at S01 at 01:38, not present during calibration",,
evt_0799,sess_20260823_073349,S01,1,98.67,98.67,1184,1184,object_unregistered,40.0,30441.5,0.4,warning,"Unregistered object (mouse) appeared at S01 at 01:38, not present during calibration",,
evt_0800,sess_20260823_073349,S01,1,98.83,98.83,1186,1186,object_unregistered,40.0,30481.2,0.6,warning,"Unregistered object (bottle) appeared at S01 at 01:38, not present during calibration",,
evt_0801,sess_20260823_073349,S01,1,98.83,98.83,1186,1186,object_unregistered,40.0,30521.2,0.39,warning,"Unregistered object (mouse) appeared at S01 at 01:38, not present during calibration",,
evt_0802,sess_20260823_073349,S01,1,99.0,99.0,1188,1188,object_unregistered,40.0,30561.0,0.6,warning,"Unregistered object (bottle) appeared at S01 at 01:39, not present during calibration",,
evt_0803,sess_20260823_073349,S01,1,99.0,99.0,1188,1188,object_unregistered,40.0,30601.0,0.39,warning,"Unregistered object (mouse) appeared at S01 at 01:39, not present during calibration",,
evt_0804,sess_20260823_073349,S01,1,99.17,99.17,1190,1190,object_unregistered,40.0,30640.8,0.6,warning,"Unregistered object (bottle) appeared at S01 at 01:39, not present during calibration",,
evt_0805,sess_20260823_073349,S01,1,99.17,99.17,1190,1190,object_unregistered,40.0,30680.8,0.39,warning,"Unregistered object (mouse) appeared at S01 at 01:39, not present during calibration",,
evt_0806,sess_20260823_073349,S01,1,99.33,99.33,1192,1192,object_unregistered,40.0,30720.5,0.6,warning,"Unregistered object (bottle) appeared at S01 at 01:39, not present during calibration",,
evt_0807,sess_20260823_073349,S01,1,99.33,99.33,1192,1192,object_unregistered,40.0,30760.5,0.39,warning,"Unregistered object (mouse) appeared at S01 at 01:39, not present during calibration",,
evt_0808,sess_20260823_073349,S01,1,99.5,99.5,1194,1194,object_unregistered,40.0,30800.2,0.6,warning,"Unregistered object (bottle) appeared at S01 at 01:39, not present during calibration",,
evt_0809,sess_20260823_073349,S01,1,99.5,99.5,1194,1194,object_unregistered,40.0,30840.2,0.39,warning,"Unregistered object (mouse) appeared at S01 at 01:39, not present during calibration",,
evt_0810,sess_20260823_073349,S01,1,99.67,99.67,1196,1196,object_unregistered,40.0,30880.0,0.6,warning,"Unregistered object (bottle) appeared at S01 at 01:39, not present during calibration",,
evt_0811,sess_20260823_073349,S01,1,99.67,99.67,1196,1196,object_unregistered,40.0,30920.0,0.4,warning,"Unregistered object (mouse) appeared at S01 at 01:39, not present during calibration",,
evt_0812,sess_20260823_073349,S01,1,99.83,99.83,1198,1198,object_unregistered,40.0,30959.8,0.6,warning,"Unregistered object (bottle) appeared at S01 at 01:39, not present during calibration",,
evt_0813,sess_20260823_073349,S01,1,99.83,99.83,1198,1198,object_unregistered,40.0,30999.8,0.4,warning,"Unregistered object (mouse) appeared at S01 at 01:39, not present during calibration",,
evt_0814,sess_20260823_073349,S01,1,100.0,100.0,1200,1200,object_unregistered,40.0,31039.5,0.6,warning,"Unregistered object (bottle) appeared at S01 at 01:40, not present during calibration",,
evt_0815,sess_20260823_073349,S01,1,100.0,100.0,1200,1200,object_unregistered,40.0,31079.5,0.38,warning,"Unregistered object (mouse) appeared at S01 at 01:40, not present during calibration",,
evt_0816,sess_20260823_073349,S01,1,100.17,100.17,1202,1202,object_unregistered,40.0,31119.2,0.6,warning,"Unregistered object (bottle) appeared at S01 at 01:40, not present during calibration",,
evt_0817,sess_20260823_073349,S01,1,100.17,100.17,1202,1202,object_unregistered,40.0,31159.2,0.38,warning,"Unregistered object (mouse) appeared at S01 at 01:40, not present during calibration",,
evt_0818,sess_20260823_073349,S01,1,100.33,100.33,1204,1204,object_unregistered,40.0,31199.0,0.6,warning,"Unregistered object (bottle) appeared at S01 at 01:40, not present during calibration",,
evt_0819,sess_20260823_073349,S01,1,100.33,100.33,1204,1204,object_unregistered,40.0,31239.0,0.38,warning,"Unregistered object (mouse) appeared at S01 at 01:40, not present during calibration",,
evt_0820,sess_20260823_073349,S01,1,100.5,100.5,1206,1206,object_unregistered,40.0,31278.8,0.6,warning,"Unregistered object (bottle) appeared at S01 at 01:40, not present during calibration",,
evt_0821,sess_20260823_073349,S01,1,100.5,100.5,1206,1206,object_unregistered,40.0,31318.8,0.39,warning,"Unregistered object (mouse) appeared at S01 at 01:40, not present during calibration",,
evt_0822,sess_20260823_073349,S01,1,100.67,100.67,1208,1208,object_unregistered,40.0,31358.5,0.6,warning,"Unregistered object (bottle) appeared at S01 at 01:40, not present during calibration",,
evt_0823,sess_20260823_073349,S01,1,100.67,100.67,1208,1208,object_unregistered,40.0,31398.5,0.39,warning,"Unregistered object (mouse) appeared at S01 at 01:40, not present during calibration",,
evt_0824,sess_20260823_073349,S01,1,100.83,100.83,1210,1210,object_unregistered,40.0,31438.2,0.61,warning,"Unregistered object (bottle) appeared at S01 at 01:40, not present during calibration",,
evt_0825,sess_20260823_073349,S01,1,100.83,100.83,1210,1210,object_unregistered,40.0,31478.2,0.39,warning,"Unregistered object (mouse) appeared at S01 at 01:40, not present during calibration",,
evt_0826,sess_20260823_073349,S01,1,101.0,101.0,1212,1212,object_unregistered,40.0,31518.0,0.61,warning,"Unregistered object (bottle) appeared at S01 at 01:41, not present during calibration",,
evt_0827,sess_20260823_073349,S01,1,101.0,101.0,1212,1212,object_unregistered,40.0,31558.0,0.4,warning,"Unregistered object (mouse) appeared at S01 at 01:41, not present during calibration",,
evt_0828,sess_20260823_073349,S01,1,101.17,101.17,1214,1214,object_unregistered,40.0,31597.8,0.61,warning,"Unregistered object (bottle) appeared at S01 at 01:41, not present during calibration",,
evt_0829,sess_20260823_073349,S01,1,101.17,101.17,1214,1214,object_unregistered,40.0,31637.8,0.39,warning,"Unregistered object (mouse) appeared at S01 at 01:41, not present during calibration",,
evt_0830,sess_20260823_073349,S01,1,101.33,101.33,1216,1216,object_unregistered,40.0,31677.5,0.61,warning,"Unregistered object (bottle) appeared at S01 at 01:41, not present during calibration",,
evt_0831,sess_20260823_073349,S01,1,101.33,101.33,1216,1216,object_unregistered,40.0,31717.5,0.39,warning,"Unregistered object (mouse) appeared at S01 at 01:41, not present during calibration",,
evt_0832,sess_20260823_073349,S01,1,101.5,101.5,1218,1218,object_unregistered,40.0,31757.2,0.61,warning,"Unregistered object (bottle) appeared at S01 at 01:41, not present during calibration",,
evt_0833,sess_20260823_073349,S01,1,101.5,101.5,1218,1218,object_unregistered,40.0,31797.2,0.4,warning,"Unregistered object (mouse) appeared at S01 at 01:41, not present during calibration",,
evt_0834,sess_20260823_073349,S01,1,101.67,101.67,1220,1220,object_unregistered,40.0,31837.0,0.61,warning,"Unregistered object (bottle) appeared at S01 at 01:41, not present during calibration",,
evt_0835,sess_20260823_073349,S01,1,101.67,101.67,1220,1220,object_unregistered,40.0,31877.0,0.39,warning,"Unregistered object (mouse) appeared at S01 at 01:41, not present during calibration",,
evt_0836,sess_20260823_073349,S01,1,101.83,101.83,1222,1222,object_unregistered,40.0,31916.8,0.61,warning,"Unregistered object (bottle) appeared at S01 at 01:41, not present during calibration",,
evt_0837,sess_20260823_073349,S01,1,101.83,101.83,1222,1222,object_unregistered,40.0,31956.8,0.4,warning,"Unregistered object (mouse) appeared at S01 at 01:41, not present during calibration",,
evt_0838,sess_20260823_073349,S01,1,102.0,102.0,1224,1224,object_unregistered,40.0,31996.5,0.61,warning,"Unregistered object (bottle) appeared at S01 at 01:42, not present during calibration",,
evt_0839,sess_20260823_073349,S01,1,102.0,102.0,1224,1224,object_unregistered,40.0,32036.5,0.4,warning,"Unregistered object (mouse) appeared at S01 at 01:42, not present during calibration",,
evt_0840,sess_20260823_073349,S01,1,102.17,102.17,1226,1226,object_unregistered,40.0,32076.2,0.6,warning,"Unregistered object (bottle) appeared at S01 at 01:42, not present during calibration",,
evt_0841,sess_20260823_073349,S01,1,102.17,102.17,1226,1226,object_unregistered,40.0,32116.2,0.39,warning,"Unregistered object (mouse) appeared at S01 at 01:42, not present during calibration",,
evt_0842,sess_20260823_073349,S01,1,102.33,102.33,1228,1228,object_unregistered,40.0,32156.0,0.6,warning,"Unregistered object (bottle) appeared at S01 at 01:42, not present during calibration",,
evt_0843,sess_20260823_073349,S01,1,102.33,102.33,1228,1228,object_unregistered,40.0,32196.0,0.41,warning,"Unregistered object (mouse) appeared at S01 at 01:42, not present during calibration",,
evt_0844,sess_20260823_073349,S01,1,102.5,102.5,1230,1230,object_unregistered,40.0,32235.8,0.6,warning,"Unregistered object (bottle) appeared at S01 at 01:42, not present during calibration",,
evt_0845,sess_20260823_073349,S01,1,102.5,102.5,1230,1230,object_unregistered,40.0,32275.8,0.41,warning,"Unregistered object (mouse) appeared at S01 at 01:42, not present during calibration",,
evt_0846,sess_20260823_073349,S01,1,102.67,102.67,1232,1232,object_unregistered,40.0,32315.5,0.6,warning,"Unregistered object (bottle) appeared at S01 at 01:42, not present during calibration",,
evt_0847,sess_20260823_073349,S01,1,102.67,102.67,1232,1232,object_unregistered,40.0,32355.5,0.41,warning,"Unregistered object (mouse) appeared at S01 at 01:42, not present during calibration",,
evt_0848,sess_20260823_073349,S01,1,102.83,102.83,1234,1234,object_unregistered,40.0,32395.2,0.6,warning,"Unregistered object (bottle) appeared at S01 at 01:42, not present during calibration",,
evt_0849,sess_20260823_073349,S01,1,102.83,102.83,1234,1234,object_unregistered,40.0,32435.2,0.41,warning,"Unregistered object (mouse) appeared at S01 at 01:42, not present during calibration",,
evt_0850,sess_20260823_073349,S01,1,103.0,103.0,1236,1236,object_unregistered,40.0,32475.0,0.6,warning,"Unregistered object (bottle) appeared at S01 at 01:43, not present during calibration",,
evt_0851,sess_20260823_073349,S01,1,103.0,103.0,1236,1236,object_unregistered,40.0,32515.0,0.42,warning,"Unregistered object (mouse) appeared at S01 at 01:43, not present during calibration",,
evt_0852,sess_20260823_073349,S01,1,103.17,103.17,1238,1238,object_unregistered,40.0,32554.8,0.6,warning,"Unregistered object (bottle) appeared at S01 at 01:43, not present during calibration",,
evt_0853,sess_20260823_073349,S01,1,103.17,103.17,1238,1238,object_unregistered,40.0,32594.8,0.41,warning,"Unregistered object (mouse) appeared at S01 at 01:43, not present during calibration",,
evt_0854,sess_20260823_073349,S01,1,103.33,103.33,1240,1240,object_unregistered,40.0,32634.5,0.6,warning,"Unregistered object (bottle) appeared at S01 at 01:43, not present during calibration",,
evt_0855,sess_20260823_073349,S01,1,103.33,103.33,1240,1240,object_unregistered,40.0,32674.5,0.42,warning,"Unregistered object (mouse) appeared at S01 at 01:43, not present during calibration",,
evt_0856,sess_20260823_073349,S01,1,103.5,103.5,1242,1242,object_unregistered,40.0,32714.2,0.6,critical,"Unregistered object (bottle) appeared at S01 at 01:43, not present during calibration",,
evt_0857,sess_20260823_073349,S01,1,103.5,103.5,1242,1242,object_unregistered,40.0,32754.2,0.41,warning,"Unregistered object (mouse) appeared at S01 at 01:43, not present during calibration",,
evt_0858,sess_20260823_073349,S01,1,103.67,103.67,1244,1244,object_unregistered,40.0,32794.0,0.6,warning,"Unregistered object (bottle) appeared at S01 at 01:43, not present during calibration",,
evt_0859,sess_20260823_073349,S01,1,103.67,103.67,1244,1244,object_unregistered,40.0,32834.0,0.41,warning,"Unregistered object (mouse) appeared at S01 at 01:43, not present during calibration",,
evt_0860,sess_20260823_073349,S01,1,103.83,103.83,1246,1246,object_unregistered,40.0,32873.8,0.6,warning,"Unregistered object (bottle) appeared at S01 at 01:43, not present during calibration",,
evt_0861,sess_20260823_073349,S01,1,103.83,103.83,1246,1246,object_unregistered,40.0,32913.8,0.42,warning,"Unregistered object (mouse) appeared at S01 at 01:43, not present during calibration",,
evt_0862,sess_20260823_073349,S01,1,104.0,104.0,1248,1248,object_unregistered,40.0,32953.5,0.6,warning,"Unregistered object (bottle) appeared at S01 at 01:44, not present during calibration",,
evt_0863,sess_20260823_073349,S01,1,104.0,104.0,1248,1248,object_unregistered,40.0,32993.5,0.42,warning,"Unregistered object (mouse) appeared at S01 at 01:44, not present during calibration",,
evt_0864,sess_20260823_073349,S01,1,104.17,104.17,1250,1250,object_unregistered,40.0,33033.2,0.57,warning,"Unregistered object (bottle) appeared at S01 at 01:44, not present during calibration",,
evt_0865,sess_20260823_073349,S01,1,104.17,104.17,1250,1250,object_unregistered,40.0,33073.2,0.4,warning,"Unregistered object (mouse) appeared at S01 at 01:44, not present during calibration",,
evt_0866,sess_20260823_073349,S01,1,104.33,104.33,1252,1252,object_unregistered,40.0,33113.0,0.58,warning,"Unregistered object (bottle) appeared at S01 at 01:44, not present during calibration",,
evt_0867,sess_20260823_073349,S01,1,104.33,104.33,1252,1252,object_unregistered,40.0,33153.0,0.42,warning,"Unregistered object (mouse) appeared at S01 at 01:44, not present during calibration",,
evt_0868,sess_20260823_073349,S01,1,104.5,104.5,1254,1254,object_unregistered,40.0,33192.8,0.57,warning,"Unregistered object (bottle) appeared at S01 at 01:44, not present during calibration",,
evt_0869,sess_20260823_073349,S01,1,104.5,104.5,1254,1254,object_unregistered,40.0,33232.8,0.41,warning,"Unregistered object (mouse) appeared at S01 at 01:44, not present during calibration",,
evt_0870,sess_20260823_073349,S01,1,104.67,104.67,1256,1256,object_unregistered,40.0,33272.5,0.57,warning,"Unregistered object (bottle) appeared at S01 at 01:44, not present during calibration",,
evt_0871,sess_20260823_073349,S01,1,104.67,104.67,1256,1256,object_unregistered,40.0,33312.5,0.41,warning,"Unregistered object (mouse) appeared at S01 at 01:44, not present during calibration",,
evt_0872,sess_20260823_073349,S01,1,104.83,104.83,1258,1258,object_unregistered,40.0,33352.2,0.57,warning,"Unregistered object (bottle) appeared at S01 at 01:44, not present during calibration",,
evt_0873,sess_20260823_073349,S01,1,104.83,104.83,1258,1258,object_unregistered,40.0,33392.2,0.41,warning,"Unregistered object (mouse) appeared at S01 at 01:44, not present during calibration",,
evt_0874,sess_20260823_073349,S01,1,105.0,105.0,1260,1260,object_unregistered,40.0,33432.0,0.58,warning,"Unregistered object (bottle) appeared at S01 at 01:45, not present during calibration",,
evt_0875,sess_20260823_073349,S01,1,105.0,105.0,1260,1260,object_unregistered,40.0,33472.0,0.42,warning,"Unregistered object (mouse) appeared at S01 at 01:45, not present during calibration",,
evt_0876,sess_20260823_073349,S01,1,105.17,105.17,1262,1262,object_unregistered,40.0,33511.8,0.57,warning,"Unregistered object (bottle) appeared at S01 at 01:45, not present during calibration",,
evt_0877,sess_20260823_073349,S01,1,105.17,105.17,1262,1262,object_unregistered,40.0,33551.8,0.42,warning,"Unregistered object (mouse) appeared at S01 at 01:45, not present during calibration",,
evt_0878,sess_20260823_073349,S01,1,105.33,105.33,1264,1264,object_unregistered,40.0,33591.5,0.58,warning,"Unregistered object (bottle) appeared at S01 at 01:45, not present during calibration",,
evt_0879,sess_20260823_073349,S01,1,105.33,105.33,1264,1264,object_unregistered,40.0,33631.5,0.44,warning,"Unregistered object (mouse) appeared at S01 at 01:45, not present during calibration",,
evt_0880,sess_20260823_073349,S01,1,105.5,105.5,1266,1266,object_unregistered,40.0,33671.2,0.58,warning,"Unregistered object (bottle) appeared at S01 at 01:45, not present during calibration",,
evt_0881,sess_20260823_073349,S01,1,105.5,105.5,1266,1266,object_unregistered,40.0,33711.2,0.45,warning,"Unregistered object (mouse) appeared at S01 at 01:45, not present during calibration",,
evt_0882,sess_20260823_073349,S01,1,105.67,105.67,1268,1268,object_unregistered,40.0,33751.0,0.58,warning,"Unregistered object (bottle) appeared at S01 at 01:45, not present during calibration",,
evt_0883,sess_20260823_073349,S01,1,105.67,105.67,1268,1268,object_unregistered,40.0,33791.0,0.45,warning,"Unregistered object (mouse) appeared at S01 at 01:45, not present during calibration",,
evt_0884,sess_20260823_073349,S01,1,105.83,105.83,1270,1270,object_unregistered,40.0,33830.8,0.58,warning,"Unregistered object (bottle) appeared at S01 at 01:45, not present during calibration",,
evt_0885,sess_20260823_073349,S01,1,105.83,105.83,1270,1270,object_unregistered,40.0,33870.8,0.45,warning,"Unregistered object (mouse) appeared at S01 at 01:45, not present during calibration",,
evt_0886,sess_20260823_073349,S01,1,106.0,106.0,1272,1272,object_unregistered,40.0,33910.5,0.58,warning,"Unregistered object (bottle) appeared at S01 at 01:46, not present during calibration",,
evt_0887,sess_20260823_073349,S01,1,106.0,106.0,1272,1272,object_unregistered,40.0,33950.5,0.45,warning,"Unregistered object (mouse) appeared at S01 at 01:46, not present during calibration",,
evt_0888,sess_20260823_073349,S01,1,106.17,106.17,1274,1274,object_unregistered,40.0,33990.2,0.58,warning,"Unregistered object (bottle) appeared at S01 at 01:46, not present during calibration",,
evt_0889,sess_20260823_073349,S01,1,106.17,106.17,1274,1274,object_unregistered,40.0,34030.2,0.43,warning,"Unregistered object (mouse) appeared at S01 at 01:46, not present during calibration",,
evt_0890,sess_20260823_073349,S01,1,106.33,106.33,1276,1276,object_unregistered,40.0,34070.0,0.58,warning,"Unregistered object (bottle) appeared at S01 at 01:46, not present during calibration",,
evt_0891,sess_20260823_073349,S01,1,106.33,106.33,1276,1276,object_unregistered,40.0,34110.0,0.43,warning,"Unregistered object (mouse) appeared at S01 at 01:46, not present during calibration",,
evt_0892,sess_20260823_073349,S01,1,106.5,106.5,1278,1278,object_unregistered,40.0,34149.8,0.57,warning,"Unregistered object (bottle) appeared at S01 at 01:46, not present during calibration",,
evt_0893,sess_20260823_073349,S01,1,106.5,106.5,1278,1278,object_unregistered,40.0,34189.8,0.43,warning,"Unregistered object (mouse) appeared at S01 at 01:46, not present during calibration",,
evt_0894,sess_20260823_073349,S01,1,106.67,106.67,1280,1280,object_unregistered,40.0,34229.5,0.57,warning,"Unregistered object (bottle) appeared at S01 at 01:46, not present during calibration",,
evt_0895,sess_20260823_073349,S01,1,106.67,106.67,1280,1280,object_unregistered,40.0,34269.5,0.43,warning,"Unregistered object (mouse) appeared at S01 at 01:46, not present during calibration",,
evt_0896,sess_20260823_073349,S01,1,106.83,106.83,1282,1282,object_unregistered,40.0,34309.2,0.57,warning,"Unregistered object (bottle) appeared at S01 at 01:46, not present during calibration",,
evt_0897,sess_20260823_073349,S01,1,106.83,106.83,1282,1282,object_unregistered,40.0,34349.2,0.43,warning,"Unregistered object (mouse) appeared at S01 at 01:46, not present during calibration",,
evt_0898,sess_20260823_073349,S01,1,107.0,107.0,1284,1284,object_unregistered,40.0,34389.0,0.58,warning,"Unregistered object (bottle) appeared at S01 at 01:47, not present during calibration",,
evt_0899,sess_20260823_073349,S01,1,107.0,107.0,1284,1284,object_unregistered,40.0,34429.0,0.43,warning,"Unregistered object (mouse) appeared at S01 at 01:47, not present during calibration",,
evt_0900,sess_20260823_073349,S01,1,107.17,107.17,1286,1286,object_unregistered,40.0,34468.8,0.58,warning,"Unregistered object (bottle) appeared at S01 at 01:47, not present during calibration",,
evt_0901,sess_20260823_073349,S01,1,107.17,107.17,1286,1286,object_unregistered,40.0,34508.8,0.43,warning,"Unregistered object (mouse) appeared at S01 at 01:47, not present during calibration",,
evt_0902,sess_20260823_073349,S01,1,107.33,107.33,1288,1288,object_unregistered,40.0,34548.5,0.58,warning,"Unregistered object (bottle) appeared at S01 at 01:47, not present during calibration",,
evt_0903,sess_20260823_073349,S01,1,107.33,107.33,1288,1288,object_unregistered,40.0,34588.5,0.41,warning,"Unregistered object (mouse) appeared at S01 at 01:47, not present during calibration",,
evt_0904,sess_20260823_073349,S01,1,107.5,107.5,1290,1290,object_unregistered,40.0,34628.2,0.58,warning,"Unregistered object (bottle) appeared at S01 at 01:47, not present during calibration",,
evt_0905,sess_20260823_073349,S01,1,107.5,107.5,1290,1290,object_unregistered,40.0,34668.2,0.41,warning,"Unregistered object (mouse) appeared at S01 at 01:47, not present during calibration",,
evt_0906,sess_20260823_073349,S01,1,107.67,107.67,1292,1292,object_unregistered,40.0,34708.0,0.58,warning,"Unregistered object (bottle) appeared at S01 at 01:47, not present during calibration",,
evt_0907,sess_20260823_073349,S01,1,107.67,107.67,1292,1292,object_unregistered,40.0,34748.0,0.41,warning,"Unregistered object (mouse) appeared at S01 at 01:47, not present during calibration",,
evt_0908,sess_20260823_073349,S01,1,107.83,107.83,1294,1294,object_unregistered,40.0,34787.8,0.58,warning,"Unregistered object (bottle) appeared at S01 at 01:47, not present during calibration",,
evt_0909,sess_20260823_073349,S01,1,107.83,107.83,1294,1294,object_unregistered,40.0,34827.8,0.41,warning,"Unregistered object (mouse) appeared at S01 at 01:47, not present during calibration",,
evt_0910,sess_20260823_073349,S01,1,108.0,108.0,1296,1296,object_unregistered,40.0,34867.5,0.58,warning,"Unregistered object (bottle) appeared at S01 at 01:48, not present during calibration",,
evt_0911,sess_20260823_073349,S01,1,108.0,108.0,1296,1296,object_unregistered,40.0,34907.5,0.41,warning,"Unregistered object (mouse) appeared at S01 at 01:48, not present during calibration",,
evt_0912,sess_20260823_073349,S01,1,108.17,108.17,1298,1298,object_unregistered,40.0,34947.2,0.58,warning,"Unregistered object (bottle) appeared at S01 at 01:48, not present during calibration",,
evt_0913,sess_20260823_073349,S01,1,108.17,108.17,1298,1298,object_unregistered,40.0,34987.2,0.42,warning,"Unregistered object (mouse) appeared at S01 at 01:48, not present during calibration",,
evt_0914,sess_20260823_073349,S01,1,108.33,108.33,1300,1300,object_unregistered,40.0,35027.0,0.58,warning,"Unregistered object (bottle) appeared at S01 at 01:48, not present during calibration",,
evt_0915,sess_20260823_073349,S01,1,108.33,108.33,1300,1300,object_unregistered,40.0,35067.0,0.42,warning,"Unregistered object (mouse) appeared at S01 at 01:48, not present during calibration",,
evt_0916,sess_20260823_073349,S01,1,108.5,108.5,1302,1302,object_unregistered,40.0,35106.8,0.58,warning,"Unregistered object (bottle) appeared at S01 at 01:48, not present during calibration",,
evt_0917,sess_20260823_073349,S01,1,108.5,108.5,1302,1302,object_unregistered,40.0,35146.8,0.42,warning,"Unregistered object (mouse) appeared at S01 at 01:48, not present during calibration",,
evt_0918,sess_20260823_073349,S01,1,108.67,108.67,1304,1304,object_unregistered,40.0,35186.5,0.58,warning,"Unregistered object (bottle) appeared at S01 at 01:48, not present during calibration",,
evt_0919,sess_20260823_073349,S01,1,108.67,108.67,1304,1304,object_unregistered,40.0,35226.5,0.41,warning,"Unregistered object (mouse) appeared at S01 at 01:48, not present during calibration",,
evt_0920,sess_20260823_073349,S01,1,108.83,108.83,1306,1306,object_unregistered,40.0,35266.2,0.59,warning,"Unregistered object (bottle) appeared at S01 at 01:48, not present during calibration",,
evt_0921,sess_20260823_073349,S01,1,108.83,108.83,1306,1306,object_unregistered,40.0,35306.2,0.4,warning,"Unregistered object (mouse) appeared at S01 at 01:48, not present during calibration",,
evt_0922,sess_20260823_073349,S01,1,109.0,109.0,1308,1308,object_unregistered,40.0,35346.0,0.59,warning,"Unregistered object (bottle) appeared at S01 at 01:49, not present during calibration",,
evt_0923,sess_20260823_073349,S01,1,109.0,109.0,1308,1308,object_unregistered,40.0,35386.0,0.39,warning,"Unregistered object (mouse) appeared at S01 at 01:49, not present during calibration",,
evt_0924,sess_20260823_073349,S01,1,109.17,109.17,1310,1310,object_unregistered,40.0,35425.8,0.58,warning,"Unregistered object (bottle) appeared at S01 at 01:49, not present during calibration",,
evt_0925,sess_20260823_073349,S01,1,109.17,109.17,1310,1310,object_unregistered,40.0,35465.8,0.37,warning,"Unregistered object (mouse) appeared at S01 at 01:49, not present during calibration",,
evt_0926,sess_20260823_073349,S01,1,109.33,109.33,1312,1312,object_unregistered,40.0,35505.5,0.58,warning,"Unregistered object (bottle) appeared at S01 at 01:49, not present during calibration",,
evt_0927,sess_20260823_073349,S01,1,109.33,109.33,1312,1312,object_unregistered,40.0,35545.5,0.38,warning,"Unregistered object (mouse) appeared at S01 at 01:49, not present during calibration",,
evt_0928,sess_20260823_073349,S01,1,109.5,109.5,1314,1314,object_unregistered,40.0,35585.2,0.59,warning,"Unregistered object (bottle) appeared at S01 at 01:49, not present during calibration",,
evt_0929,sess_20260823_073349,S01,1,109.5,109.5,1314,1314,object_unregistered,40.0,35625.2,0.39,warning,"Unregistered object (mouse) appeared at S01 at 01:49, not present during calibration",,
evt_0930,sess_20260823_073349,S01,1,109.67,109.67,1316,1316,object_unregistered,40.0,35665.0,0.58,warning,"Unregistered object (bottle) appeared at S01 at 01:49, not present during calibration",,
evt_0931,sess_20260823_073349,S01,1,109.67,109.67,1316,1316,object_unregistered,40.0,35705.0,0.39,warning,"Unregistered object (mouse) appeared at S01 at 01:49, not present during calibration",,
evt_0932,sess_20260823_073349,S01,1,109.83,109.83,1318,1318,object_unregistered,40.0,35744.8,0.58,warning,"Unregistered object (bottle) appeared at S01 at 01:49, not present during calibration",,
evt_0933,sess_20260823_073349,S01,1,109.83,109.83,1318,1318,object_unregistered,40.0,35784.8,0.39,warning,"Unregistered object (mouse) appeared at S01 at 01:49, not present during calibration",,
evt_0934,sess_20260823_073349,S01,1,110.17,110.17,1322,1322,object_unregistered,40.0,35824.2,0.59,warning,"Unregistered object (bottle) appeared at S01 at 01:50, not present during calibration",,
evt_0935,sess_20260823_073349,S01,1,110.17,110.17,1322,1322,object_unregistered,40.0,35864.2,0.4,warning,"Unregistered object (mouse) appeared at S01 at 01:50, not present during calibration",,
evt_0936,sess_20260823_073349,S01,1,110.33,110.33,1324,1324,object_unregistered,40.0,35904.0,0.4,warning,"Unregistered object (mouse) appeared at S01 at 01:50, not present during calibration",,
evt_0937,sess_20260823_073349,S01,1,110.5,110.5,1326,1326,object_unregistered,40.0,35943.8,0.41,warning,"Unregistered object (mouse) appeared at S01 at 01:50, not present during calibration",,
evt_0938,sess_20260823_073349,S01,1,110.67,110.67,1328,1328,object_unregistered,40.0,35983.5,0.41,warning,"Unregistered object (mouse) appeared at S01 at 01:50, not present during calibration",,
evt_0939,sess_20260823_073349,S01,1,110.83,110.83,1330,1330,object_unregistered,40.0,36023.2,0.39,warning,"Unregistered object (mouse) appeared at S01 at 01:50, not present during calibration",,
evt_0940,sess_20260823_073349,S01,1,111.0,111.0,1332,1332,object_unregistered,40.0,36063.0,0.57,warning,"Unregistered object (bottle) appeared at S01 at 01:51, not present during calibration",,
evt_0941,sess_20260823_073349,S01,1,111.0,111.0,1332,1332,object_unregistered,40.0,36103.0,0.41,warning,"Unregistered object (mouse) appeared at S01 at 01:51, not present during calibration",,
evt_0942,sess_20260823_073349,S01,1,111.17,111.17,1334,1334,object_unregistered,40.0,36142.8,0.57,warning,"Unregistered object (bottle) appeared at S01 at 01:51, not present during calibration",,
evt_0943,sess_20260823_073349,S01,1,111.17,111.17,1334,1334,object_unregistered,40.0,36182.8,0.41,warning,"Unregistered object (mouse) appeared at S01 at 01:51, not present during calibration",,
evt_0944,sess_20260823_073349,S01,1,111.33,111.33,1336,1336,object_unregistered,40.0,36222.5,0.57,warning,"Unregistered object (bottle) appeared at S01 at 01:51, not present during calibration",,
evt_0945,sess_20260823_073349,S01,1,111.33,111.33,1336,1336,object_unregistered,40.0,36262.5,0.42,warning,"Unregistered object (mouse) appeared at S01 at 01:51, not present during calibration",,
evt_0946,sess_20260823_073349,S01,1,111.5,111.5,1338,1338,object_unregistered,40.0,36302.2,0.58,warning,"Unregistered object (bottle) appeared at S01 at 01:51, not present during calibration",,
evt_0947,sess_20260823_073349,S01,1,111.5,111.5,1338,1338,object_unregistered,40.0,36342.2,0.42,warning,"Unregistered object (mouse) appeared at S01 at 01:51, not present during calibration",,
evt_0948,sess_20260823_073349,S01,1,111.67,111.67,1340,1340,object_unregistered,40.0,36382.0,0.58,warning,"Unregistered object (bottle) appeared at S01 at 01:51, not present during calibration",,
evt_0949,sess_20260823_073349,S01,1,111.67,111.67,1340,1340,object_unregistered,40.0,36422.0,0.43,warning,"Unregistered object (mouse) appeared at S01 at 01:51, not present during calibration",,
evt_0950,sess_20260823_073349,S01,1,111.83,111.83,1342,1342,object_unregistered,40.0,36461.8,0.58,warning,"Unregistered object (bottle) appeared at S01 at 01:51, not present during calibration",,
evt_0951,sess_20260823_073349,S01,1,111.83,111.83,1342,1342,object_unregistered,40.0,36501.8,0.42,warning,"Unregistered object (mouse) appeared at S01 at 01:51, not present during calibration",,
evt_0952,sess_20260823_073349,S01,1,112.0,112.0,1344,1344,object_unregistered,40.0,36541.5,0.58,warning,"Unregistered object (bottle) appeared at S01 at 01:52, not present during calibration",,
evt_0953,sess_20260823_073349,S01,1,112.0,112.0,1344,1344,object_unregistered,40.0,36581.5,0.41,warning,"Unregistered object (mouse) appeared at S01 at 01:52, not present during calibration",,
evt_0954,sess_20260823_073349,S01,1,112.17,112.17,1346,1346,object_unregistered,40.0,36621.2,0.59,warning,"Unregistered object (bottle) appeared at S01 at 01:52, not present during calibration",,
evt_0955,sess_20260823_073349,S01,1,112.17,112.17,1346,1346,object_unregistered,40.0,36661.2,0.41,warning,"Unregistered object (mouse) appeared at S01 at 01:52, not present during calibration",,
evt_0956,sess_20260823_073349,S01,1,112.33,112.33,1348,1348,object_unregistered,40.0,36701.0,0.58,warning,"Unregistered object (bottle) appeared at S01 at 01:52, not present during calibration",,
evt_0957,sess_20260823_073349,S01,1,112.33,112.33,1348,1348,object_unregistered,40.0,36741.0,0.42,warning,"Unregistered object (mouse) appeared at S01 at 01:52, not present during calibration",,
evt_0958,sess_20260823_073349,S01,1,112.5,112.5,1350,1350,object_unregistered,40.0,36780.8,0.59,warning,"Unregistered object (bottle) appeared at S01 at 01:52, not present during calibration",,
evt_0959,sess_20260823_073349,S01,1,112.5,112.5,1350,1350,object_unregistered,40.0,36820.8,0.4,warning,"Unregistered object (mouse) appeared at S01 at 01:52, not present during calibration",,
evt_0960,sess_20260823_073349,S01,1,112.67,112.67,1352,1352,object_unregistered,40.0,36860.5,0.58,warning,"Unregistered object (bottle) appeared at S01 at 01:52, not present during calibration",,
evt_0961,sess_20260823_073349,S01,1,112.67,112.67,1352,1352,object_unregistered,40.0,36900.5,0.4,warning,"Unregistered object (mouse) appeared at S01 at 01:52, not present during calibration",,
evt_0962,sess_20260823_073349,S01,1,112.83,112.83,1354,1354,object_unregistered,40.0,36940.2,0.59,warning,"Unregistered object (bottle) appeared at S01 at 01:52, not present during calibration",,
evt_0963,sess_20260823_073349,S01,1,112.83,112.83,1354,1354,object_unregistered,40.0,36980.2,0.4,warning,"Unregistered object (mouse) appeared at S01 at 01:52, not present during calibration",,
evt_0964,sess_20260823_073349,S01,1,113.0,113.0,1356,1356,object_unregistered,40.0,37020.0,0.6,warning,"Unregistered object (bottle) appeared at S01 at 01:53, not present during calibration",,
evt_0965,sess_20260823_073349,S01,1,113.0,113.0,1356,1356,object_unregistered,40.0,37060.0,0.4,warning,"Unregistered object (mouse) appeared at S01 at 01:53, not present during calibration",,
evt_0966,sess_20260823_073349,S01,1,113.17,113.17,1358,1358,object_unregistered,40.0,37099.8,0.59,warning,"Unregistered object (bottle) appeared at S01 at 01:53, not present during calibration",,
evt_0967,sess_20260823_073349,S01,1,113.17,113.17,1358,1358,object_unregistered,40.0,37139.8,0.4,warning,"Unregistered object (mouse) appeared at S01 at 01:53, not present during calibration",,
evt_0968,sess_20260823_073349,S01,1,113.33,113.33,1360,1360,object_unregistered,40.0,37179.5,0.59,warning,"Unregistered object (bottle) appeared at S01 at 01:53, not present during calibration",,
evt_0969,sess_20260823_073349,S01,1,113.33,113.33,1360,1360,object_unregistered,40.0,37219.5,0.4,warning,"Unregistered object (mouse) appeared at S01 at 01:53, not present during calibration",,
evt_0970,sess_20260823_073349,S01,1,113.5,113.5,1362,1362,object_unregistered,40.0,37259.2,0.59,warning,"Unregistered object (bottle) appeared at S01 at 01:53, not present during calibration",,
evt_0971,sess_20260823_073349,S01,1,113.5,113.5,1362,1362,object_unregistered,40.0,37299.2,0.41,warning,"Unregistered object (mouse) appeared at S01 at 01:53, not present during calibration",,
evt_0972,sess_20260823_073349,S01,1,113.67,113.67,1364,1364,object_unregistered,40.0,37339.0,0.59,warning,"Unregistered object (bottle) appeared at S01 at 01:53, not present during calibration",,
evt_0973,sess_20260823_073349,S01,1,113.67,113.67,1364,1364,object_unregistered,40.0,37379.0,0.4,warning,"Unregistered object (mouse) appeared at S01 at 01:53, not present during calibration",,
evt_0974,sess_20260823_073349,S01,1,113.83,113.83,1366,1366,object_unregistered,40.0,37418.8,0.59,warning,"Unregistered object (bottle) appeared at S01 at 01:53, not present during calibration",,
evt_0975,sess_20260823_073349,S01,1,113.83,113.83,1366,1366,object_unregistered,40.0,37458.8,0.4,warning,"Unregistered object (mouse) appeared at S01 at 01:53, not present during calibration",,
evt_0976,sess_20260823_073349,S01,1,114.0,114.0,1368,1368,object_unregistered,40.0,37498.5,0.59,warning,"Unregistered object (bottle) appeared at S01 at 01:54, not present during calibration",,
evt_0977,sess_20260823_073349,S01,1,114.0,114.0,1368,1368,object_unregistered,40.0,37538.5,0.39,warning,"Unregistered object (mouse) appeared at S01 at 01:54, not present during calibration",,
evt_0978,sess_20260823_073349,S01,1,114.17,114.17,1370,1370,object_unregistered,40.0,37578.2,0.59,warning,"Unregistered object (bottle) appeared at S01 at 01:54, not present during calibration",,
evt_0979,sess_20260823_073349,S01,1,114.17,114.17,1370,1370,object_unregistered,40.0,37618.2,0.39,warning,"Unregistered object (mouse) appeared at S01 at 01:54, not present during calibration",,
evt_0980,sess_20260823_073349,S01,1,114.33,114.33,1372,1372,object_unregistered,40.0,37658.0,0.59,warning,"Unregistered object (bottle) appeared at S01 at 01:54, not present during calibration",,
evt_0981,sess_20260823_073349,S01,1,114.33,114.33,1372,1372,object_unregistered,40.0,37698.0,0.38,warning,"Unregistered object (mouse) appeared at S01 at 01:54, not present during calibration",,
evt_0982,sess_20260823_073349,S01,1,114.5,114.5,1374,1374,object_unregistered,40.0,37737.8,0.59,warning,"Unregistered object (bottle) appeared at S01 at 01:54, not present during calibration",,
evt_0983,sess_20260823_073349,S01,1,114.5,114.5,1374,1374,object_unregistered,40.0,37777.8,0.38,warning,"Unregistered object (mouse) appeared at S01 at 01:54, not present during calibration",,
evt_0984,sess_20260823_073349,S01,1,114.67,114.67,1376,1376,object_unregistered,40.0,37817.5,0.58,warning,"Unregistered object (bottle) appeared at S01 at 01:54, not present during calibration",,
evt_0985,sess_20260823_073349,S01,1,114.67,114.67,1376,1376,object_unregistered,40.0,37857.5,0.38,warning,"Unregistered object (mouse) appeared at S01 at 01:54, not present during calibration",,
evt_0986,sess_20260823_073349,S01,1,114.83,114.83,1378,1378,object_unregistered,40.0,37897.2,0.59,warning,"Unregistered object (bottle) appeared at S01 at 01:54, not present during calibration",,
evt_0987,sess_20260823_073349,S01,1,114.83,114.83,1378,1378,object_unregistered,40.0,37937.2,0.39,warning,"Unregistered object (mouse) appeared at S01 at 01:54, not present during calibration",,
evt_0988,sess_20260823_073349,S01,1,115.0,115.0,1380,1380,object_unregistered,40.0,37977.0,0.58,warning,"Unregistered object (bottle) appeared at S01 at 01:55, not present during calibration",,
evt_0989,sess_20260823_073349,S01,1,115.0,115.0,1380,1380,object_unregistered,40.0,38017.0,0.4,warning,"Unregistered object (mouse) appeared at S01 at 01:55, not present during calibration",,
evt_0990,sess_20260823_073349,S01,1,115.17,115.17,1382,1382,object_unregistered,40.0,38056.8,0.58,warning,"Unregistered object (bottle) appeared at S01 at 01:55, not present during calibration",,
evt_0991,sess_20260823_073349,S01,1,115.17,115.17,1382,1382,object_unregistered,40.0,38096.8,0.4,warning,"Unregistered object (mouse) appeared at S01 at 01:55, not present during calibration",,
evt_0992,sess_20260823_073349,S01,1,115.33,115.33,1384,1384,object_unregistered,40.0,38136.5,0.59,warning,"Unregistered object (bottle) appeared at S01 at 01:55, not present during calibration",,
evt_0993,sess_20260823_073349,S01,1,115.5,115.5,1386,1386,object_unregistered,40.0,38176.2,0.59,warning,"Unregistered object (bottle) appeared at S01 at 01:55, not present during calibration",,
evt_0994,sess_20260823_073349,S01,1,115.67,115.67,1388,1388,object_unregistered,40.0,38216.0,0.6,warning,"Unregistered object (bottle) appeared at S01 at 01:55, not present during calibration",,
evt_0995,sess_20260823_073349,S01,1,115.67,115.67,1388,1388,object_unregistered,40.0,38256.0,0.4,warning,"Unregistered object (mouse) appeared at S01 at 01:55, not present during calibration",,
evt_0996,sess_20260823_073349,S01,1,115.83,115.83,1390,1390,object_unregistered,40.0,38295.8,0.59,warning,"Unregistered object (bottle) appeared at S01 at 01:55, not present during calibration",,
evt_0997,sess_20260823_073349,S01,1,115.83,115.83,1390,1390,object_unregistered,40.0,38335.8,0.4,warning,"Unregistered object (mouse) appeared at S01 at 01:55, not present during calibration",,
evt_0998,sess_20260823_073349,S01,1,116.0,116.0,1392,1392,object_unregistered,40.0,38375.5,0.59,warning,"Unregistered object (bottle) appeared at S01 at 01:56, not present during calibration",,
evt_0999,sess_20260823_073349,S01,1,116.0,116.0,1392,1392,object_unregistered,40.0,38415.5,0.41,warning,"Unregistered object (mouse) appeared at S01 at 01:56, not present during calibration",,
evt_1000,sess_20260823_073349,S01,1,116.17,116.17,1394,1394,object_unregistered,40.0,38455.2,0.59,warning,"Unregistered object (bottle) appeared at S01 at 01:56, not present during calibration",,
evt_1001,sess_20260823_073349,S01,1,116.33,116.33,1396,1396,object_unregistered,40.0,38495.0,0.59,warning,"Unregistered object (bottle) appeared at S01 at 01:56, not present during calibration",,
evt_1002,sess_20260823_073349,S01,1,116.5,116.5,1398,1398,object_unregistered,40.0,38534.8,0.59,warning,"Unregistered object (bottle) appeared at S01 at 01:56, not present during calibration",,
evt_1003,sess_20260823_073349,S01,1,116.67,116.67,1400,1400,object_unregistered,40.0,38574.5,0.59,warning,"Unregistered object (bottle) appeared at S01 at 01:56, not present during calibration",,
evt_1004,sess_20260823_073349,S01,1,116.83,116.83,1402,1402,object_unregistered,40.0,38614.2,0.59,warning,"Unregistered object (bottle) appeared at S01 at 01:56, not present during calibration",,
evt_1005,sess_20260823_073349,S01,1,117.0,117.0,1404,1404,object_unregistered,40.0,38654.0,0.59,warning,"Unregistered object (bottle) appeared at S01 at 01:57, not present during calibration",,
evt_1006,sess_20260823_073349,S01,1,117.17,117.17,1406,1406,object_unregistered,40.0,38693.8,0.59,warning,"Unregistered object (bottle) appeared at S01 at 01:57, not present during calibration",,
evt_1007,sess_20260823_073349,S01,1,117.33,117.33,1408,1408,object_unregistered,40.0,38733.5,0.59,warning,"Unregistered object (bottle) appeared at S01 at 01:57, not present during calibration",,
evt_1008,sess_20260823_073349,S01,1,117.5,117.5,1410,1410,object_unregistered,40.0,38773.2,0.59,warning,"Unregistered object (bottle) appeared at S01 at 01:57, not present during calibration",,
evt_1009,sess_20260823_073349,S01,1,117.67,117.67,1412,1412,object_unregistered,40.0,38813.0,0.59,warning,"Unregistered object (bottle) appeared at S01 at 01:57, not present during calibration",,
evt_1010,sess_20260823_073349,S01,1,117.83,117.83,1414,1414,object_unregistered,40.0,38852.8,0.59,warning,"Unregistered object (bottle) appeared at S01 at 01:57, not present during calibration",,
evt_1011,sess_20260823_073349,S01,1,118.0,118.0,1416,1416,object_unregistered,40.0,38892.5,0.59,warning,"Unregistered object (bottle) appeared at S01 at 01:58, not present during calibration",,
evt_1012,sess_20260823_073349,S01,1,119.0,119.0,1428,1428,object_unregistered,40.0,38931.0,0.59,critical,"Unregistered object (bottle) appeared at S01 at 01:59, not present during calibration",,
evt_1013,sess_20260823_073349,S01,1,119.17,119.17,1430,1430,object_unregistered,40.0,38970.8,0.58,warning,"Unregistered object (bottle) appeared at S01 at 01:59, not present during calibration",,
evt_1014,sess_20260823_073349,S01,1,119.17,119.17,1430,1430,object_unregistered,40.0,39010.8,0.43,warning,"Unregistered object (mouse) appeared at S01 at 01:59, not present during calibration",,
evt_1015,sess_20260823_073349,S01,1,119.33,119.33,1432,1432,object_unregistered,40.0,39050.5,0.58,warning,"Unregistered object (bottle) appeared at S01 at 01:59, not present during calibration",,
evt_1016,sess_20260823_073349,S01,1,119.33,119.33,1432,1432,object_unregistered,40.0,39090.5,0.44,warning,"Unregistered object (mouse) appeared at S01 at 01:59, not present during calibration",,
evt_1017,sess_20260823_073349,S01,1,119.5,119.5,1434,1434,object_unregistered,40.0,39130.2,0.58,warning,"Unregistered object (bottle) appeared at S01 at 01:59, not present during calibration",,
evt_1018,sess_20260823_073349,S01,1,119.67,119.67,1436,1436,object_unregistered,40.0,39170.0,0.58,warning,"Unregistered object (bottle) appeared at S01 at 01:59, not present during calibration",,
evt_1019,sess_20260823_073349,S01,1,119.83,119.83,1438,1438,object_unregistered,40.0,39209.8,0.57,warning,"Unregistered object (bottle) appeared at S01 at 01:59, not present during calibration",,
evt_1020,sess_20260823_073349,S01,1,120.0,120.0,1440,1440,object_unregistered,40.0,39249.5,0.57,warning,"Unregistered object (bottle) appeared at S01 at 02:00, not present during calibration",,
evt_1021,sess_20260823_073349,S01,1,120.17,120.17,1442,1442,object_unregistered,40.0,39289.2,0.57,warning,"Unregistered object (bottle) appeared at S01 at 02:00, not present during calibration",,
evt_1022,sess_20260823_073349,S01,1,120.33,120.33,1444,1444,object_unregistered,40.0,39329.0,0.57,warning,"Unregistered object (bottle) appeared at S01 at 02:00, not present during calibration",,
evt_1023,sess_20260823_073349,S01,1,120.33,120.33,1444,1444,object_unregistered,40.0,39369.0,0.44,warning,"Unregistered object (mouse) appeared at S01 at 02:00, not present during calibration",,
evt_1024,sess_20260823_073349,S01,1,120.5,120.5,1446,1446,object_unregistered,40.0,39408.8,0.57,warning,"Unregistered object (bottle) appeared at S01 at 02:00, not present during calibration",,
evt_1025,sess_20260823_073349,S01,1,120.5,120.5,1446,1446,object_unregistered,40.0,39448.8,0.45,warning,"Unregistered object (mouse) appeared at S01 at 02:00, not present during calibration",,
evt_1026,sess_20260823_073349,S01,1,120.67,120.67,1448,1448,object_unregistered,40.0,39488.5,0.57,warning,"Unregistered object (bottle) appeared at S01 at 02:00, not present during calibration",,
evt_1027,sess_20260823_073349,S01,1,120.67,120.67,1448,1448,object_unregistered,40.0,39528.5,0.44,warning,"Unregistered object (mouse) appeared at S01 at 02:00, not present during calibration",,
evt_1028,sess_20260823_073349,S01,1,120.83,120.83,1450,1450,object_unregistered,40.0,39568.2,0.57,warning,"Unregistered object (bottle) appeared at S01 at 02:00, not present during calibration",,
evt_1029,sess_20260823_073349,S01,1,120.83,120.83,1450,1450,object_unregistered,40.0,39608.2,0.44,warning,"Unregistered object (mouse) appeared at S01 at 02:00, not present during calibration",,
evt_1030,sess_20260823_073349,S01,1,121.0,121.0,1452,1452,object_unregistered,40.0,39648.0,0.58,warning,"Unregistered object (bottle) appeared at S01 at 02:01, not present during calibration",,
evt_1031,sess_20260823_073349,S01,1,121.0,121.0,1452,1452,object_unregistered,40.0,39688.0,0.44,warning,"Unregistered object (mouse) appeared at S01 at 02:01, not present during calibration",,
evt_1032,sess_20260823_073349,S01,1,121.17,121.17,1454,1454,object_unregistered,40.0,39727.8,0.58,warning,"Unregistered object (bottle) appeared at S01 at 02:01, not present during calibration",,
evt_1033,sess_20260823_073349,S01,1,121.17,121.17,1454,1454,object_unregistered,40.0,39767.8,0.44,warning,"Unregistered object (mouse) appeared at S01 at 02:01, not present during calibration",,
evt_1034,sess_20260823_073349,S01,1,121.33,121.33,1456,1456,object_unregistered,40.0,39807.5,0.59,warning,"Unregistered object (bottle) appeared at S01 at 02:01, not present during calibration",,
evt_1035,sess_20260823_073349,S01,1,121.33,121.33,1456,1456,object_unregistered,40.0,39847.5,0.44,warning,"Unregistered object (mouse) appeared at S01 at 02:01, not present during calibration",,
evt_1036,sess_20260823_073349,S01,1,121.5,121.5,1458,1458,object_unregistered,40.0,39887.2,0.58,warning,"Unregistered object (bottle) appeared at S01 at 02:01, not present during calibration",,
evt_1037,sess_20260823_073349,S01,1,121.5,121.5,1458,1458,object_unregistered,40.0,39927.2,0.44,warning,"Unregistered object (mouse) appeared at S01 at 02:01, not present during calibration",,
evt_1038,sess_20260823_073349,S01,1,121.67,121.67,1460,1460,object_unregistered,40.0,39967.0,0.58,warning,"Unregistered object (bottle) appeared at S01 at 02:01, not present during calibration",,
evt_1039,sess_20260823_073349,S01,1,121.67,121.67,1460,1460,object_unregistered,40.0,40007.0,0.44,warning,"Unregistered object (mouse) appeared at S01 at 02:01, not present during calibration",,
evt_1040,sess_20260823_073349,S01,1,121.83,121.83,1462,1462,object_unregistered,40.0,40046.8,0.58,warning,"Unregistered object (bottle) appeared at S01 at 02:01, not present during calibration",,
evt_1041,sess_20260823_073349,S01,1,121.83,121.83,1462,1462,object_unregistered,40.0,40086.8,0.45,warning,"Unregistered object (mouse) appeared at S01 at 02:01, not present during calibration",,
evt_1042,sess_20260823_073349,S01,1,122.0,122.0,1464,1464,object_unregistered,40.0,40126.5,0.58,warning,"Unregistered object (bottle) appeared at S01 at 02:02, not present during calibration",,
evt_1043,sess_20260823_073349,S01,1,122.0,122.0,1464,1464,object_unregistered,40.0,40166.5,0.45,warning,"Unregistered object (mouse) appeared at S01 at 02:02, not present during calibration",,
evt_1044,sess_20260823_073349,S01,1,122.17,122.17,1466,1466,object_unregistered,40.0,40206.2,0.57,warning,"Unregistered object (bottle) appeared at S01 at 02:02, not present during calibration",,
evt_1045,sess_20260823_073349,S01,1,122.17,122.17,1466,1466,object_unregistered,40.0,40246.2,0.43,warning,"Unregistered object (mouse) appeared at S01 at 02:02, not present during calibration",,
evt_1046,sess_20260823_073349,S01,1,122.33,122.33,1468,1468,object_unregistered,40.0,40286.0,0.57,warning,"Unregistered object (bottle) appeared at S01 at 02:02, not present during calibration",,
evt_1047,sess_20260823_073349,S01,1,122.33,122.33,1468,1468,object_unregistered,40.0,40326.0,0.43,warning,"Unregistered object (mouse) appeared at S01 at 02:02, not present during calibration",,
evt_1048,sess_20260823_073349,S01,1,122.5,122.5,1470,1470,object_unregistered,40.0,40365.8,0.57,warning,"Unregistered object (bottle) appeared at S01 at 02:02, not present during calibration",,
evt_1049,sess_20260823_073349,S01,1,122.5,122.5,1470,1470,object_unregistered,40.0,40405.8,0.43,warning,"Unregistered object (mouse) appeared at S01 at 02:02, not present during calibration",,
evt_1050,sess_20260823_073349,S01,1,122.67,122.67,1472,1472,object_unregistered,40.0,40445.5,0.57,warning,"Unregistered object (bottle) appeared at S01 at 02:02, not present during calibration",,
evt_1051,sess_20260823_073349,S01,1,122.67,122.67,1472,1472,object_unregistered,40.0,40485.5,0.43,warning,"Unregistered object (mouse) appeared at S01 at 02:02, not present during calibration",,
evt_1052,sess_20260823_073349,S01,1,122.83,122.83,1474,1474,object_unregistered,40.0,40525.2,0.57,warning,"Unregistered object (bottle) appeared at S01 at 02:02, not present during calibration",,
evt_1053,sess_20260823_073349,S01,1,122.83,122.83,1474,1474,object_unregistered,40.0,40565.2,0.42,warning,"Unregistered object (mouse) appeared at S01 at 02:02, not present during calibration",,
evt_1054,sess_20260823_073349,S01,1,123.0,123.0,1476,1476,object_unregistered,40.0,40605.0,0.57,warning,"Unregistered object (bottle) appeared at S01 at 02:03, not present during calibration",,
evt_1055,sess_20260823_073349,S01,1,123.0,123.0,1476,1476,object_unregistered,40.0,40645.0,0.42,warning,"Unregistered object (mouse) appeared at S01 at 02:03, not present during calibration",,
evt_1056,sess_20260823_073349,S01,1,123.17,123.17,1478,1478,object_unregistered,40.0,40684.8,0.57,warning,"Unregistered object (bottle) appeared at S01 at 02:03, not present during calibration",,
evt_1057,sess_20260823_073349,S01,1,123.17,123.17,1478,1478,object_unregistered,40.0,40724.8,0.43,warning,"Unregistered object (mouse) appeared at S01 at 02:03, not present during calibration",,
evt_1058,sess_20260823_073349,S01,1,123.33,123.33,1480,1480,object_unregistered,40.0,40764.5,0.57,warning,"Unregistered object (bottle) appeared at S01 at 02:03, not present during calibration",,
evt_1059,sess_20260823_073349,S01,1,123.33,123.33,1480,1480,object_unregistered,40.0,40804.5,0.41,warning,"Unregistered object (mouse) appeared at S01 at 02:03, not present during calibration",,
evt_1060,sess_20260823_073349,S01,1,123.5,123.5,1482,1482,object_unregistered,40.0,40844.2,0.56,warning,"Unregistered object (bottle) appeared at S01 at 02:03, not present during calibration",,
evt_1061,sess_20260823_073349,S01,1,123.5,123.5,1482,1482,object_unregistered,40.0,40884.2,0.41,warning,"Unregistered object (mouse) appeared at S01 at 02:03, not present during calibration",,
evt_1062,sess_20260823_073349,S01,1,123.67,123.67,1484,1484,object_unregistered,40.0,40924.0,0.56,warning,"Unregistered object (bottle) appeared at S01 at 02:03, not present during calibration",,
evt_1063,sess_20260823_073349,S01,1,123.67,123.67,1484,1484,object_unregistered,40.0,40964.0,0.42,warning,"Unregistered object (mouse) appeared at S01 at 02:03, not present during calibration",,
evt_1064,sess_20260823_073349,S01,1,123.83,123.83,1486,1486,object_unregistered,40.0,41003.8,0.56,warning,"Unregistered object (bottle) appeared at S01 at 02:03, not present during calibration",,
evt_1065,sess_20260823_073349,S01,1,123.83,123.83,1486,1486,object_unregistered,40.0,41043.8,0.42,warning,"Unregistered object (mouse) appeared at S01 at 02:03, not present during calibration",,
evt_1066,sess_20260823_073349,S01,1,124.0,124.0,1488,1488,object_unregistered,40.0,41083.5,0.56,warning,"Unregistered object (bottle) appeared at S01 at 02:04, not present during calibration",,
evt_1067,sess_20260823_073349,S01,1,124.0,124.0,1488,1488,object_unregistered,40.0,41123.5,0.42,warning,"Unregistered object (mouse) appeared at S01 at 02:04, not present during calibration",,
evt_1068,sess_20260823_073349,S01,1,124.17,124.17,1490,1490,object_unregistered,40.0,41163.2,0.57,warning,"Unregistered object (bottle) appeared at S01 at 02:04, not present during calibration",,
evt_1069,sess_20260823_073349,S01,1,124.17,124.17,1490,1490,object_unregistered,40.0,41203.2,0.42,warning,"Unregistered object (mouse) appeared at S01 at 02:04, not present during calibration",,
evt_1070,sess_20260823_073349,S01,1,124.33,124.33,1492,1492,object_unregistered,40.0,41243.0,0.57,warning,"Unregistered object (bottle) appeared at S01 at 02:04, not present during calibration",,
evt_1071,sess_20260823_073349,S01,1,124.33,124.33,1492,1492,object_unregistered,40.0,41283.0,0.41,warning,"Unregistered object (mouse) appeared at S01 at 02:04, not present during calibration",,
evt_1072,sess_20260823_073349,S01,1,124.5,124.5,1494,1494,object_unregistered,40.0,41322.8,0.56,warning,"Unregistered object (bottle) appeared at S01 at 02:04, not present during calibration",,
evt_1073,sess_20260823_073349,S01,1,124.5,124.5,1494,1494,object_unregistered,40.0,41362.8,0.41,warning,"Unregistered object (mouse) appeared at S01 at 02:04, not present during calibration",,
evt_1074,sess_20260823_073349,S01,1,124.67,124.67,1496,1496,object_unregistered,40.0,41402.5,0.56,warning,"Unregistered object (bottle) appeared at S01 at 02:04, not present during calibration",,
evt_1075,sess_20260823_073349,S01,1,124.67,124.67,1496,1496,object_unregistered,40.0,41442.5,0.41,warning,"Unregistered object (mouse) appeared at S01 at 02:04, not present during calibration",,
evt_1076,sess_20260823_073349,S01,1,124.83,124.83,1498,1498,object_unregistered,40.0,41482.2,0.56,warning,"Unregistered object (bottle) appeared at S01 at 02:04, not present during calibration",,
evt_1077,sess_20260823_073349,S01,1,124.83,124.83,1498,1498,object_unregistered,40.0,41522.2,0.41,warning,"Unregistered object (mouse) appeared at S01 at 02:04, not present during calibration",,
evt_1078,sess_20260823_073349,S01,1,125.0,125.0,1500,1500,object_unregistered,40.0,41562.0,0.56,warning,"Unregistered object (bottle) appeared at S01 at 02:05, not present during calibration",,
evt_1079,sess_20260823_073349,S01,1,125.0,125.0,1500,1500,object_unregistered,40.0,41602.0,0.36,warning,"Unregistered object (mouse) appeared at S01 at 02:05, not present during calibration",,
evt_1080,sess_20260823_073349,S01,1,125.17,125.17,1502,1502,object_unregistered,40.0,41641.8,0.57,warning,"Unregistered object (bottle) appeared at S01 at 02:05, not present during calibration",,
evt_1081,sess_20260823_073349,S01,1,125.17,125.17,1502,1502,object_unregistered,40.0,41681.8,0.35,warning,"Unregistered object (mouse) appeared at S01 at 02:05, not present during calibration",,
evt_1082,sess_20260823_073349,S01,1,125.33,125.33,1504,1504,object_unregistered,40.0,41721.5,0.56,warning,"Unregistered object (bottle) appeared at S01 at 02:05, not present during calibration",,
evt_1083,sess_20260823_073349,S01,1,125.33,125.33,1504,1504,object_unregistered,40.0,41761.5,0.36,warning,"Unregistered object (mouse) appeared at S01 at 02:05, not present during calibration",,
evt_1084,sess_20260823_073349,S01,1,125.5,125.5,1506,1506,object_unregistered,40.0,41801.2,0.57,warning,"Unregistered object (bottle) appeared at S01 at 02:05, not present during calibration",,
evt_1085,sess_20260823_073349,S01,1,125.5,125.5,1506,1506,object_unregistered,40.0,41841.2,0.33,warning,"Unregistered object (mouse) appeared at S01 at 02:05, not present during calibration",,
evt_1086,sess_20260823_073349,S01,1,125.67,125.67,1508,1508,object_unregistered,40.0,41881.0,0.57,warning,"Unregistered object (bottle) appeared at S01 at 02:05, not present during calibration",,
evt_1087,sess_20260823_073349,S01,1,125.67,125.67,1508,1508,object_unregistered,40.0,41921.0,0.38,warning,"Unregistered object (mouse) appeared at S01 at 02:05, not present during calibration",,
evt_1088,sess_20260823_073349,S01,1,125.83,125.83,1510,1510,object_unregistered,40.0,41960.8,0.56,warning,"Unregistered object (bottle) appeared at S01 at 02:05, not present during calibration",,
evt_1089,sess_20260823_073349,S01,1,125.83,125.83,1510,1510,object_unregistered,40.0,42000.8,0.39,warning,"Unregistered object (mouse) appeared at S01 at 02:05, not present during calibration",,
evt_1090,sess_20260823_073349,S01,1,126.0,126.0,1512,1512,object_unregistered,40.0,42040.5,0.55,warning,"Unregistered object (bottle) appeared at S01 at 02:06, not present during calibration",,
evt_1091,sess_20260823_073349,S01,1,126.0,126.0,1512,1512,object_unregistered,40.0,42080.5,0.4,warning,"Unregistered object (mouse) appeared at S01 at 02:06, not present during calibration",,
evt_1092,sess_20260823_073349,S01,1,126.17,126.17,1514,1514,object_unregistered,40.0,42120.2,0.53,warning,"Unregistered object (bottle) appeared at S01 at 02:06, not present during calibration",,
evt_1093,sess_20260823_073349,S01,1,126.17,126.17,1514,1514,object_unregistered,40.0,42160.2,0.4,warning,"Unregistered object (mouse) appeared at S01 at 02:06, not present during calibration",,
evt_1094,sess_20260823_073349,S01,1,126.33,126.33,1516,1516,object_unregistered,40.0,42200.0,0.54,warning,"Unregistered object (bottle) appeared at S01 at 02:06, not present during calibration",,
evt_1095,sess_20260823_073349,S01,1,126.33,126.33,1516,1516,object_unregistered,40.0,42240.0,0.41,warning,"Unregistered object (mouse) appeared at S01 at 02:06, not present during calibration",,
evt_1096,sess_20260823_073349,S01,1,126.5,126.5,1518,1518,object_unregistered,40.0,42279.8,0.54,warning,"Unregistered object (bottle) appeared at S01 at 02:06, not present during calibration",,
evt_1097,sess_20260823_073349,S01,1,126.5,126.5,1518,1518,object_unregistered,40.0,42319.8,0.41,warning,"Unregistered object (mouse) appeared at S01 at 02:06, not present during calibration",,
evt_1098,sess_20260823_073349,S01,1,126.67,126.67,1520,1520,object_unregistered,40.0,42359.5,0.54,warning,"Unregistered object (bottle) appeared at S01 at 02:06, not present during calibration",,
evt_1099,sess_20260823_073349,S01,1,126.67,126.67,1520,1520,object_unregistered,40.0,42399.5,0.41,warning,"Unregistered object (mouse) appeared at S01 at 02:06, not present during calibration",,
evt_1100,sess_20260823_073349,S01,1,126.83,126.83,1522,1522,object_unregistered,40.0,42439.2,0.54,warning,"Unregistered object (bottle) appeared at S01 at 02:06, not present during calibration",,
evt_1101,sess_20260823_073349,S01,1,126.83,126.83,1522,1522,object_unregistered,40.0,42479.2,0.41,warning,"Unregistered object (mouse) appeared at S01 at 02:06, not present during calibration",,
evt_1102,sess_20260823_073349,S01,1,127.0,127.0,1524,1524,object_unregistered,40.0,42519.0,0.55,warning,"Unregistered object (bottle) appeared at S01 at 02:07, not present during calibration",,
evt_1103,sess_20260823_073349,S01,1,127.0,127.0,1524,1524,object_unregistered,40.0,42559.0,0.41,warning,"Unregistered object (mouse) appeared at S01 at 02:07, not present during calibration",,
evt_1104,sess_20260823_073349,S01,1,127.17,127.17,1526,1526,object_unregistered,40.0,42598.8,0.55,warning,"Unregistered object (bottle) appeared at S01 at 02:07, not present during calibration",,
evt_1105,sess_20260823_073349,S01,1,127.17,127.17,1526,1526,object_unregistered,40.0,42638.8,0.42,warning,"Unregistered object (mouse) appeared at S01 at 02:07, not present during calibration",,
evt_1106,sess_20260823_073349,S01,1,127.33,127.33,1528,1528,object_unregistered,40.0,42678.5,0.55,warning,"Unregistered object (bottle) appeared at S01 at 02:07, not present during calibration",,
evt_1107,sess_20260823_073349,S01,1,127.33,127.33,1528,1528,object_unregistered,40.0,42718.5,0.41,warning,"Unregistered object (mouse) appeared at S01 at 02:07, not present during calibration",,
evt_1108,sess_20260823_073349,S01,1,127.5,127.5,1530,1530,object_unregistered,40.0,42758.2,0.55,warning,"Unregistered object (bottle) appeared at S01 at 02:07, not present during calibration",,
evt_1109,sess_20260823_073349,S01,1,127.5,127.5,1530,1530,object_unregistered,40.0,42798.2,0.4,warning,"Unregistered object (mouse) appeared at S01 at 02:07, not present during calibration",,
evt_1110,sess_20260823_073349,S01,1,127.67,127.67,1532,1532,object_unregistered,40.0,42838.0,0.55,warning,"Unregistered object (bottle) appeared at S01 at 02:07, not present during calibration",,
evt_1111,sess_20260823_073349,S01,1,127.67,127.67,1532,1532,object_unregistered,40.0,42878.0,0.4,warning,"Unregistered object (mouse) appeared at S01 at 02:07, not present during calibration",,
evt_1112,sess_20260823_073349,S01,1,127.83,127.83,1534,1534,object_unregistered,40.0,42917.8,0.54,warning,"Unregistered object (bottle) appeared at S01 at 02:07, not present during calibration",,
evt_1113,sess_20260823_073349,S01,1,127.83,127.83,1534,1534,object_unregistered,40.0,42957.8,0.4,warning,"Unregistered object (mouse) appeared at S01 at 02:07, not present during calibration",,
evt_1114,sess_20260823_073349,S01,1,128.0,128.0,1536,1536,object_unregistered,40.0,42997.5,0.54,warning,"Unregistered object (bottle) appeared at S01 at 02:08, not present during calibration",,
evt_1115,sess_20260823_073349,S01,1,131.0,131.0,1572,1572,object_unregistered,40.0,43033.0,0.58,warning,"Unregistered object (bottle) appeared at S01 at 02:11, not present during calibration",,
evt_1116,sess_20260823_073349,S01,1,131.17,131.17,1574,1574,motion_spurt,20.0,43052.8,0.75,critical,"Abnormal rapid motion detected at S01 (Energy: 31.7%, Velocity: 0.0px/s)",/api/clips/evt_1116,/api/thumbs/evt_1116
evt_1117,sess_20260823_073349,S01,1,131.25,131.25,1575,1575,motion_spurt,20.0,43072.6,0.75,warning,"Abnormal rapid motion detected at S01 (Energy: 31.6%, Velocity: 0.0px/s)",,
evt_1118,sess_20260823_073349,S01,1,131.33,131.33,1576,1576,object_unregistered,40.0,43112.5,0.58,warning,"Unregistered object (bottle) appeared at S01 at 02:11, not present during calibration",,
evt_1119,sess_20260823_073349,S01,1,131.33,131.33,1576,1576,motion_spurt,20.0,43132.5,0.75,warning,"Abnormal rapid motion detected at S01 (Energy: 31.4%, Velocity: 0.0px/s)",,
evt_1120,sess_20260823_073349,S01,1,131.5,131.5,1578,1578,object_unregistered,40.0,43172.2,0.59,warning,"Unregistered object (bottle) appeared at S01 at 02:11, not present during calibration",,
evt_1121,sess_20260823_073349,S01,1,131.67,131.67,1580,1580,object_unregistered,40.0,43212.0,0.58,warning,"Unregistered object (bottle) appeared at S01 at 02:11, not present during calibration",,
evt_1122,sess_20260823_073349,S01,1,131.83,131.83,1582,1582,object_unregistered,40.0,43251.8,0.59,warning,"Unregistered object (bottle) appeared at S01 at 02:11, not present during calibration",,
evt_1123,sess_20260823_073349,S01,1,132.0,132.0,1584,1584,object_unregistered,40.0,43291.5,0.58,warning,"Unregistered object (bottle) appeared at S01 at 02:12, not present during calibration",,
evt_1124,sess_20260823_073349,S01,1,132.17,132.17,1586,1586,object_unregistered,40.0,43331.2,0.58,warning,"Unregistered object (bottle) appeared at S01 at 02:12, not present during calibration",,
evt_1125,sess_20260823_073349,S01,1,132.33,132.33,1588,1588,object_unregistered,40.0,43371.0,0.58,warning,"Unregistered object (bottle) appeared at S01 at 02:12, not present during calibration",,
evt_1126,sess_20260823_073349,S01,1,132.5,132.5,1590,1590,object_unregistered,40.0,43410.8,0.58,warning,"Unregistered object (bottle) appeared at S01 at 02:12, not present during calibration",,
evt_1127,sess_20260823_073349,S01,1,132.67,132.67,1592,1592,object_unregistered,40.0,43450.5,0.58,warning,"Unregistered object (bottle) appeared at S01 at 02:12, not present during calibration",,
evt_1128,sess_20260823_073349,S01,1,132.83,132.83,1594,1594,object_unregistered,40.0,43490.2,0.58,warning,"Unregistered object (bottle) appeared at S01 at 02:12, not present during calibration",,
evt_1129,sess_20260823_073349,S01,1,133.0,133.0,1596,1596,object_unregistered,40.0,43530.0,0.58,warning,"Unregistered object (bottle) appeared at S01 at 02:13, not present during calibration",,
evt_1130,sess_20260823_073349,S01,1,133.17,133.17,1598,1598,object_unregistered,40.0,43569.8,0.58,warning,"Unregistered object (bottle) appeared at S01 at 02:13, not present during calibration",,
evt_1131,sess_20260823_073349,S01,1,133.33,133.33,1600,1600,object_unregistered,40.0,43609.5,0.57,warning,"Unregistered object (bottle) appeared at S01 at 02:13, not present during calibration",,
evt_1132,sess_20260823_073349,S01,1,136.67,136.67,1640,1640,object_unregistered,40.0,43644.5,0.5,critical,"Unregistered object (bottle) appeared at S01 at 02:16, not present during calibration",,
evt_1133,sess_20260823_073349,S01,1,136.83,136.83,1642,1642,object_unregistered,40.0,43684.2,0.5,warning,"Unregistered object (bottle) appeared at S01 at 02:16, not present during calibration",,
evt_1134,sess_20260823_073349,S01,1,137.0,137.0,1644,1644,object_unregistered,40.0,43724.0,0.5,warning,"Unregistered object (bottle) appeared at S01 at 02:17, not present during calibration",,
evt_1135,sess_20260823_073349,S01,1,137.17,137.17,1646,1646,object_unregistered,40.0,43763.8,0.5,warning,"Unregistered object (bottle) appeared at S01 at 02:17, not present during calibration",,
evt_1136,sess_20260823_073349,S01,1,137.17,137.17,1646,1646,object_unregistered,40.0,43803.8,0.42,warning,"Unregistered object (mouse) appeared at S01 at 02:17, not present during calibration",,
evt_1137,sess_20260823_073349,S01,1,137.33,137.33,1648,1648,object_unregistered,40.0,43843.5,0.5,warning,"Unregistered object (bottle) appeared at S01 at 02:17, not present during calibration",,
evt_1138,sess_20260823_073349,S01,1,137.33,137.33,1648,1648,object_unregistered,40.0,43883.5,0.42,warning,"Unregistered object (mouse) appeared at S01 at 02:17, not present during calibration",,
evt_1139,sess_20260823_073349,S01,1,137.5,137.5,1650,1650,object_unregistered,40.0,43923.2,0.5,warning,"Unregistered object (bottle) appeared at S01 at 02:17, not present during calibration",,
evt_1140,sess_20260823_073349,S01,1,137.67,137.67,1652,1652,object_unregistered,40.0,43963.0,0.5,warning,"Unregistered object (bottle) appeared at S01 at 02:17, not present during calibration",,
evt_1141,sess_20260823_073349,S01,1,138.17,138.17,1658,1658,object_unregistered,40.0,44002.2,0.36,warning,"Unregistered object (mouse) appeared at S01 at 02:18, not present during calibration",,
evt_1142,sess_20260823_073349,S01,1,139.33,139.33,1672,1672,object_unregistered,40.0,44040.5,0.3,warning,"Unregistered object (mouse) appeared at S01 at 02:19, not present during calibration",,
evt_1143,sess_20260823_073349,S01,1,139.5,139.5,1674,1674,object_unregistered,40.0,44080.2,0.3,warning,"Unregistered object (mouse) appeared at S01 at 02:19, not present during calibration",,
evt_1144,sess_20260823_073349,S01,1,139.83,139.83,1678,1678,object_unregistered,40.0,44119.8,0.31,warning,"Unregistered object (mouse) appeared at S01 at 02:19, not present during calibration",,
evt_1145,sess_20260823_073349,S01,1,140.0,140.0,1680,1680,object_unregistered,40.0,44159.5,0.32,warning,"Unregistered object (mouse) appeared at S01 at 02:20, not present during calibration",,
evt_1146,sess_20260823_073349,S01,1,140.17,140.17,1682,1682,object_unregistered,40.0,44199.2,0.52,warning,"Unregistered object (bottle) appeared at S01 at 02:20, not present during calibration",,
evt_1147,sess_20260823_073349,S01,1,140.17,140.17,1682,1682,object_unregistered,40.0,44239.2,0.33,warning,"Unregistered object (mouse) appeared at S01 at 02:20, not present during calibration",,
evt_1148,sess_20260823_073349,S01,1,140.33,140.33,1684,1684,object_unregistered,40.0,44279.0,0.53,warning,"Unregistered object (bottle) appeared at S01 at 02:20, not present during calibration",,
evt_1149,sess_20260823_073349,S01,1,140.5,140.5,1686,1686,object_unregistered,40.0,44318.8,0.55,warning,"Unregistered object (bottle) appeared at S01 at 02:20, not present during calibration",,
evt_1150,sess_20260823_073349,S01,1,140.5,140.5,1686,1686,object_unregistered,40.0,44358.8,0.31,warning,"Unregistered object (mouse) appeared at S01 at 02:20, not present during calibration",,
evt_1151,sess_20260823_073349,S01,1,140.67,140.67,1688,1688,object_unregistered,40.0,44398.5,0.56,warning,"Unregistered object (bottle) appeared at S01 at 02:20, not present during calibration",,
evt_1152,sess_20260823_073349,S01,1,140.67,140.67,1688,1688,object_unregistered,40.0,44438.5,0.3,warning,"Unregistered object (mouse) appeared at S01 at 02:20, not present during calibration",,
evt_1153,sess_20260823_073349,S01,1,140.83,140.83,1690,1690,object_unregistered,40.0,44478.2,0.55,warning,"Unregistered object (bottle) appeared at S01 at 02:20, not present during calibration",,
evt_1154,sess_20260823_073349,S01,1,140.83,140.83,1690,1690,object_unregistered,40.0,44518.2,0.33,warning,"Unregistered object (mouse) appeared at S01 at 02:20, not present during calibration",,
evt_1155,sess_20260823_073349,S01,1,141.0,141.0,1692,1692,object_unregistered,40.0,44558.0,0.55,warning,"Unregistered object (bottle) appeared at S01 at 02:21, not present during calibration",,
evt_1156,sess_20260823_073349,S01,1,141.0,141.0,1692,1692,object_unregistered,40.0,44598.0,0.34,warning,"Unregistered object (mouse) appeared at S01 at 02:21, not present during calibration",,
evt_1157,sess_20260823_073349,S01,1,141.17,141.17,1694,1694,object_unregistered,40.0,44637.8,0.56,warning,"Unregistered object (bottle) appeared at S01 at 02:21, not present during calibration",,
evt_1158,sess_20260823_073349,S01,1,141.17,141.17,1694,1694,object_unregistered,40.0,44677.8,0.35,warning,"Unregistered object (mouse) appeared at S01 at 02:21, not present during calibration",,
evt_1159,sess_20260823_073349,S01,1,141.33,141.33,1696,1696,object_unregistered,40.0,44717.5,0.56,warning,"Unregistered object (bottle) appeared at S01 at 02:21, not present during calibration",,
evt_1160,sess_20260823_073349,S01,1,141.33,141.33,1696,1696,object_unregistered,40.0,44757.5,0.33,warning,"Unregistered object (mouse) appeared at S01 at 02:21, not present during calibration",,
evt_1161,sess_20260823_073349,S01,1,141.5,141.5,1698,1698,object_unregistered,40.0,44797.2,0.56,warning,"Unregistered object (bottle) appeared at S01 at 02:21, not present during calibration",,
evt_1162,sess_20260823_073349,S01,1,141.5,141.5,1698,1698,object_unregistered,40.0,44837.2,0.33,warning,"Unregistered object (mouse) appeared at S01 at 02:21, not present during calibration",,
evt_1163,sess_20260823_073349,S01,1,141.67,141.67,1700,1700,object_unregistered,40.0,44877.0,0.56,warning,"Unregistered object (bottle) appeared at S01 at 02:21, not present during calibration",,
evt_1164,sess_20260823_073349,S01,1,141.83,141.83,1702,1702,object_unregistered,40.0,44916.8,0.56,warning,"Unregistered object (bottle) appeared at S01 at 02:21, not present during calibration",,
evt_1165,sess_20260823_073349,S01,1,142.0,142.0,1704,1704,object_unregistered,40.0,44956.5,0.57,warning,"Unregistered object (bottle) appeared at S01 at 02:22, not present during calibration",,
evt_1166,sess_20260823_073349,S01,1,142.0,142.0,1704,1704,object_unregistered,40.0,44996.5,0.3,warning,"Unregistered object (mouse) appeared at S01 at 02:22, not present during calibration",,
evt_1167,sess_20260823_073349,S01,1,142.17,142.17,1706,1706,object_unregistered,40.0,45036.2,0.56,warning,"Unregistered object (bottle) appeared at S01 at 02:22, not present during calibration",,
evt_1168,sess_20260823_073349,S01,1,142.17,142.17,1706,1706,object_unregistered,40.0,45076.2,0.34,warning,"Unregistered object (mouse) appeared at S01 at 02:22, not present during calibration",,
evt_1169,sess_20260823_073349,S01,1,142.33,142.33,1708,1708,object_unregistered,40.0,45116.0,0.55,warning,"Unregistered object (bottle) appeared at S01 at 02:22, not present during calibration",,
evt_1170,sess_20260823_073349,S01,1,142.33,142.33,1708,1708,object_unregistered,40.0,45156.0,0.4,warning,"Unregistered object (mouse) appeared at S01 at 02:22, not present during calibration",,
evt_1171,sess_20260823_073349,S01,1,142.33,142.33,1708,1708,object_unregistered,40.0,45196.0,0.32,warning,"Unregistered object (mouse) appeared at S01 at 02:22, not present during calibration",,
evt_1172,sess_20260823_073349,S01,1,142.5,142.5,1710,1710,object_unregistered,40.0,45235.8,0.55,warning,"Unregistered object (bottle) appeared at S01 at 02:22, not present during calibration",,
evt_1173,sess_20260823_073349,S01,1,142.5,142.5,1710,1710,object_unregistered,40.0,45275.8,0.31,warning,"Unregistered object (mouse) appeared at S01 at 02:22, not present during calibration",,
evt_1174,sess_20260823_073349,S01,1,142.67,142.67,1712,1712,object_unregistered,40.0,45315.5,0.55,warning,"Unregistered object (bottle) appeared at S01 at 02:22, not present during calibration",,
evt_1175,sess_20260823_073349,S01,1,142.67,142.67,1712,1712,object_unregistered,40.0,45355.5,0.4,warning,"Unregistered object (mouse) appeared at S01 at 02:22, not present during calibration",,
evt_1176,sess_20260823_073349,S01,1,142.67,142.67,1712,1712,object_unregistered,40.0,45395.5,0.33,warning,"Unregistered object (mouse) appeared at S01 at 02:22, not present during calibration",,
evt_1177,sess_20260823_073349,S01,1,142.83,142.83,1714,1714,object_unregistered,40.0,45435.2,0.55,warning,"Unregistered object (bottle) appeared at S01 at 02:22, not present during calibration",,
evt_1178,sess_20260823_073349,S01,1,142.83,142.83,1714,1714,object_unregistered,40.0,45475.2,0.44,warning,"Unregistered object (mouse) appeared at S01 at 02:22, not present during calibration",,
evt_1179,sess_20260823_073349,S01,1,142.83,142.83,1714,1714,object_unregistered,40.0,45515.2,0.41,warning,"Unregistered object (mouse) appeared at S01 at 02:22, not present during calibration",,
evt_1180,sess_20260823_073349,S01,1,143.0,143.0,1716,1716,object_unregistered,40.0,45555.0,0.55,warning,"Unregistered object (bottle) appeared at S01 at 02:23, not present during calibration",,
evt_1181,sess_20260823_073349,S01,1,143.0,143.0,1716,1716,object_unregistered,40.0,45595.0,0.43,warning,"Unregistered object (mouse) appeared at S01 at 02:23, not present during calibration",,
evt_1182,sess_20260823_073349,S01,1,143.0,143.0,1716,1716,object_unregistered,40.0,45635.0,0.42,warning,"Unregistered object (mouse) appeared at S01 at 02:23, not present during calibration",,
evt_1183,sess_20260823_073349,S01,1,143.17,143.17,1718,1718,object_unregistered,40.0,45674.8,0.56,warning,"Unregistered object (bottle) appeared at S01 at 02:23, not present during calibration",,
evt_1184,sess_20260823_073349,S01,1,143.17,143.17,1718,1718,object_unregistered,40.0,45714.8,0.36,warning,"Unregistered object (mouse) appeared at S01 at 02:23, not present during calibration",,
evt_1185,sess_20260823_073349,S01,1,142.25,143.25,1694,1719,head_turn,10.0,45724.6,0.68,critical,"Head turned left, 2.7 deviations from own baseline, held 1.0s",/api/clips/evt_1185,/api/thumbs/evt_1185
evt_1186,sess_20260823_073349,S01,1,143.33,143.33,1720,1720,object_unregistered,40.0,45764.5,0.57,warning,"Unregistered object (bottle) appeared at S01 at 02:23, not present during calibration",,
evt_1187,sess_20260823_073349,S01,1,143.33,143.33,1720,1720,object_unregistered,40.0,45804.5,0.35,warning,"Unregistered object (mouse) appeared at S01 at 02:23, not present during calibration",,
evt_1188,sess_20260823_073349,S01,1,143.5,143.5,1722,1722,object_unregistered,40.0,45844.2,0.56,warning,"Unregistered object (bottle) appeared at S01 at 02:23, not present during calibration",,
evt_1189,sess_20260823_073349,S01,1,143.5,143.5,1722,1722,object_unregistered,40.0,45884.2,0.32,warning,"Unregistered object (mouse) appeared at S01 at 02:23, not present during calibration",,
evt_1190,sess_20260823_073349,S01,1,143.67,143.67,1724,1724,object_unregistered,40.0,45924.0,0.56,warning,"Unregistered object (bottle) appeared at S01 at 02:23, not present during calibration",,
evt_1191,sess_20260823_073349,S01,1,143.83,143.83,1726,1726,object_unregistered,40.0,45963.8,0.56,warning,"Unregistered object (bottle) appeared at S01 at 02:23, not present during calibration",,
evt_1192,sess_20260823_073349,S01,1,144.0,144.0,1728,1728,object_unregistered,40.0,46003.5,0.56,warning,"Unregistered object (bottle) appeared at S01 at 02:24, not present during calibration",,
evt_1193,sess_20260823_073349,S01,1,144.17,144.17,1730,1730,object_unregistered,40.0,46043.2,0.56,warning,"Unregistered object (bottle) appeared at S01 at 02:24, not present during calibration",,
evt_1194,sess_20260823_073349,S01,1,144.17,144.17,1730,1730,object_unregistered,40.0,46083.2,0.38,warning,"Unregistered object (mouse) appeared at S01 at 02:24, not present during calibration",,
evt_1195,sess_20260823_073349,S01,1,144.33,144.33,1732,1732,object_unregistered,40.0,46123.0,0.57,warning,"Unregistered object (bottle) appeared at S01 at 02:24, not present during calibration",,
evt_1196,sess_20260823_073349,S01,1,144.33,144.33,1732,1732,object_unregistered,40.0,46163.0,0.43,warning,"Unregistered object (mouse) appeared at S01 at 02:24, not present during calibration",,
evt_1197,sess_20260823_073349,S01,1,144.5,144.5,1734,1734,object_unregistered,40.0,46202.8,0.57,warning,"Unregistered object (bottle) appeared at S01 at 02:24, not present during calibration",,
evt_1198,sess_20260823_073349,S01,1,144.5,144.5,1734,1734,object_unregistered,40.0,46242.8,0.4,warning,"Unregistered object (mouse) appeared at S01 at 02:24, not present during calibration",,
evt_1199,sess_20260823_073349,S01,1,144.67,144.67,1736,1736,object_unregistered,40.0,46282.5,0.57,warning,"Unregistered object (bottle) appeared at S01 at 02:24, not present during calibration",,
evt_1200,sess_20260823_073349,S01,1,144.67,144.67,1736,1736,object_unregistered,40.0,46322.5,0.36,warning,"Unregistered object (mouse) appeared at S01 at 02:24, not present during calibration",,
evt_1201,sess_20260823_073349,S01,1,144.83,144.83,1738,1738,object_unregistered,40.0,46362.2,0.57,warning,"Unregistered object (bottle) appeared at S01 at 02:24, not present during calibration",,
evt_1202,sess_20260823_073349,S01,1,144.83,144.83,1738,1738,object_unregistered,40.0,46402.2,0.36,warning,"Unregistered object (mouse) appeared at S01 at 02:24, not present during calibration",,
evt_1203,sess_20260823_073349,S01,1,145.0,145.0,1740,1740,object_unregistered,40.0,46442.0,0.57,warning,"Unregistered object (bottle) appeared at S01 at 02:25, not present during calibration",,
evt_1204,sess_20260823_073349,S01,1,145.0,145.0,1740,1740,object_unregistered,40.0,46482.0,0.34,warning,"Unregistered object (mouse) appeared at S01 at 02:25, not present during calibration",,
evt_1205,sess_20260823_073349,S01,1,145.17,145.17,1742,1742,object_unregistered,40.0,46521.8,0.56,warning,"Unregistered object (bottle) appeared at S01 at 02:25, not present during calibration",,
evt_1206,sess_20260823_073349,S01,1,145.17,145.17,1742,1742,object_unregistered,40.0,46561.8,0.33,warning,"Unregistered object (mouse) appeared at S01 at 02:25, not present during calibration",,
evt_1207,sess_20260823_073349,S01,1,145.33,145.33,1744,1744,object_unregistered,40.0,46601.5,0.55,warning,"Unregistered object (bottle) appeared at S01 at 02:25, not present during calibration",,
evt_1208,sess_20260823_073349,S01,1,145.33,145.33,1744,1744,object_unregistered,40.0,46641.5,0.34,warning,"Unregistered object (mouse) appeared at S01 at 02:25, not present during calibration",,
evt_1209,sess_20260823_073349,S01,1,145.5,145.5,1746,1746,object_unregistered,40.0,46681.2,0.57,warning,"Unregistered object (bottle) appeared at S01 at 02:25, not present during calibration",,
evt_1210,sess_20260823_073349,S01,1,145.5,145.5,1746,1746,object_unregistered,40.0,46721.2,0.37,warning,"Unregistered object (mouse) appeared at S01 at 02:25, not present during calibration",,
evt_1211,sess_20260823_073349,S01,1,145.67,145.67,1748,1748,object_unregistered,40.0,46761.0,0.59,warning,"Unregistered object (bottle) appeared at S01 at 02:25, not present during calibration",,
evt_1212,sess_20260823_073349,S01,1,145.67,145.67,1748,1748,object_unregistered,40.0,46801.0,0.4,warning,"Unregistered object (mouse) appeared at S01 at 02:25, not present during calibration",,
evt_1213,sess_20260823_073349,S01,1,145.83,145.83,1750,1750,object_unregistered,40.0,46840.8,0.58,warning,"Unregistered object (bottle) appeared at S01 at 02:25, not present during calibration",,
evt_1214,sess_20260823_073349,S01,1,145.83,145.83,1750,1750,object_unregistered,40.0,46880.8,0.54,warning,"Unregistered object (mouse) appeared at S01 at 02:25, not present during calibration",,
evt_1215,sess_20260823_073349,S01,1,146.0,146.0,1752,1752,object_unregistered,40.0,46920.5,0.58,warning,"Unregistered object (bottle) appeared at S01 at 02:26, not present during calibration",,
evt_1216,sess_20260823_073349,S01,1,146.0,146.0,1752,1752,object_unregistered,40.0,46960.5,0.53,warning,"Unregistered object (mouse) appeared at S01 at 02:26, not present during calibration",,
evt_1217,sess_20260823_073349,S01,1,146.17,146.17,1754,1754,object_unregistered,40.0,47000.2,0.58,warning,"Unregistered object (bottle) appeared at S01 at 02:26, not present during calibration",,
evt_1218,sess_20260823_073349,S01,1,146.17,146.17,1754,1754,object_unregistered,40.0,47040.2,0.52,warning,"Unregistered object (mouse) appeared at S01 at 02:26, not present during calibration",,
evt_1219,sess_20260823_073349,S01,1,146.33,146.33,1756,1756,object_unregistered,40.0,47080.0,0.58,warning,"Unregistered object (bottle) appeared at S01 at 02:26, not present during calibration",,
evt_1220,sess_20260823_073349,S01,1,146.33,146.33,1756,1756,object_unregistered,40.0,47120.0,0.46,warning,"Unregistered object (mouse) appeared at S01 at 02:26, not present during calibration",,
evt_1221,sess_20260823_073349,S01,1,146.5,146.5,1758,1758,object_unregistered,40.0,47159.8,0.58,warning,"Unregistered object (bottle) appeared at S01 at 02:26, not present during calibration",,
evt_1222,sess_20260823_073349,S01,1,146.5,146.5,1758,1758,object_unregistered,40.0,47199.8,0.47,warning,"Unregistered object (mouse) appeared at S01 at 02:26, not present during calibration",,
evt_1223,sess_20260823_073349,S01,1,146.67,146.67,1760,1760,object_unregistered,40.0,47239.5,0.58,warning,"Unregistered object (bottle) appeared at S01 at 02:26, not present during calibration",,
evt_1224,sess_20260823_073349,S01,1,146.67,146.67,1760,1760,object_unregistered,40.0,47279.5,0.47,warning,"Unregistered object (mouse) appeared at S01 at 02:26, not present during calibration",,
evt_1225,sess_20260823_073349,S01,1,146.83,146.83,1762,1762,object_unregistered,40.0,47319.2,0.57,warning,"Unregistered object (bottle) appeared at S01 at 02:26, not present during calibration",,
evt_1226,sess_20260823_073349,S01,1,146.83,146.83,1762,1762,object_unregistered,40.0,47359.2,0.46,warning,"Unregistered object (mouse) appeared at S01 at 02:26, not present during calibration",,
evt_1227,sess_20260823_073349,S01,1,147.0,147.0,1764,1764,object_unregistered,40.0,47399.0,0.58,warning,"Unregistered object (bottle) appeared at S01 at 02:27, not present during calibration",,
evt_1228,sess_20260823_073349,S01,1,147.0,147.0,1764,1764,object_unregistered,40.0,47439.0,0.44,warning,"Unregistered object (mouse) appeared at S01 at 02:27, not present during calibration",,
evt_1229,sess_20260823_073349,S01,1,147.17,147.17,1766,1766,object_unregistered,40.0,47478.8,0.58,warning,"Unregistered object (bottle) appeared at S01 at 02:27, not present during calibration",,
evt_1230,sess_20260823_073349,S01,1,147.17,147.17,1766,1766,object_unregistered,40.0,47518.8,0.44,warning,"Unregistered object (mouse) appeared at S01 at 02:27, not present during calibration",,
evt_1231,sess_20260823_073349,S01,1,147.33,147.33,1768,1768,object_unregistered,40.0,47558.5,0.58,warning,"Unregistered object (bottle) appeared at S01 at 02:27, not present during calibration",,
evt_1232,sess_20260823_073349,S01,1,147.33,147.33,1768,1768,object_unregistered,40.0,47598.5,0.47,warning,"Unregistered object (mouse) appeared at S01 at 02:27, not present during calibration",,
evt_1233,sess_20260823_073349,S01,1,147.5,147.5,1770,1770,object_unregistered,40.0,47638.2,0.59,warning,"Unregistered object (bottle) appeared at S01 at 02:27, not present during calibration",,
evt_1234,sess_20260823_073349,S01,1,147.67,147.67,1772,1772,object_unregistered,40.0,47678.0,0.59,warning,"Unregistered object (bottle) appeared at S01 at 02:27, not present during calibration",,
evt_1235,sess_20260823_073349,S01,1,147.83,147.83,1774,1774,object_unregistered,40.0,47717.8,0.59,warning,"Unregistered object (bottle) appeared at S01 at 02:27, not present during calibration",,
evt_1236,sess_20260823_073349,S01,1,148.83,148.83,1786,1786,object_unregistered,40.0,47756.2,0.59,warning,"Unregistered object (bottle) appeared at S01 at 02:28, not present during calibration",,
evt_1237,sess_20260823_073349,S01,1,149.0,149.0,1788,1788,object_unregistered,40.0,47796.0,0.58,warning,"Unregistered object (bottle) appeared at S01 at 02:29, not present during calibration",,
evt_1238,sess_20260823_073349,S01,1,149.17,149.17,1790,1790,object_unregistered,40.0,47835.8,0.58,warning,"Unregistered object (bottle) appeared at S01 at 02:29, not present during calibration",,
evt_1239,sess_20260823_073349,S01,1,148.25,149.25,1766,1791,head_turn,10.0,47845.6,0.95,warning,"Head turned left, 5.5 deviations from own baseline, held 1.0s",,
evt_1240,sess_20260823_073349,S01,1,149.33,149.33,1792,1792,object_unregistered,40.0,47885.5,0.58,warning,"Unregistered object (bottle) appeared at S01 at 02:29, not present during calibration",,
evt_1241,sess_20260823_073349,S01,1,149.5,149.5,1794,1794,object_unregistered,40.0,47925.2,0.58,warning,"Unregistered object (bottle) appeared at S01 at 02:29, not present during calibration",,
evt_1242,sess_20260823_073349,S01,1,149.67,149.67,1796,1796,object_unregistered,40.0,47965.0,0.58,warning,"Unregistered object (bottle) appeared at S01 at 02:29, not present during calibration",,
evt_1243,sess_20260823_073349,S01,1,149.83,149.83,1798,1798,object_unregistered,40.0,48004.8,0.58,warning,"Unregistered object (bottle) appeared at S01 at 02:29, not present during calibration",,
evt_1244,sess_20260823_073349,S01,1,150.0,150.0,1800,1800,object_unregistered,40.0,48044.5,0.58,warning,"Unregistered object (bottle) appeared at S01 at 02:30, not present during calibration",,
evt_1245,sess_20260823_073349,S01,1,150.17,150.17,1802,1802,object_unregistered,40.0,48084.2,0.58,warning,"Unregistered object (bottle) appeared at S01 at 02:30, not present during calibration",,
evt_1246,sess_20260823_073349,S01,1,150.33,150.33,1804,1804,object_unregistered,40.0,48124.0,0.57,warning,"Unregistered object (bottle) appeared at S01 at 02:30, not present during calibration",,
evt_1247,sess_20260823_073349,S01,1,150.5,150.5,1806,1806,object_unregistered,40.0,48163.8,0.57,warning,"Unregistered object (bottle) appeared at S01 at 02:30, not present during calibration",,
evt_1248,sess_20260823_073349,S01,1,150.67,150.67,1808,1808,object_unregistered,40.0,48203.5,0.58,warning,"Unregistered object (bottle) appeared at S01 at 02:30, not present during calibration",,
evt_1249,sess_20260823_073349,S01,1,150.83,150.83,1810,1810,object_unregistered,40.0,48243.2,0.58,warning,"Unregistered object (bottle) appeared at S01 at 02:30, not present during calibration",,
evt_1250,sess_20260823_073349,S01,1,151.0,151.0,1812,1812,object_unregistered,40.0,48283.0,0.58,warning,"Unregistered object (bottle) appeared at S01 at 02:31, not present during calibration",,
evt_1251,sess_20260823_073349,S01,1,151.17,151.17,1814,1814,object_unregistered,40.0,48322.8,0.58,warning,"Unregistered object (bottle) appeared at S01 at 02:31, not present during calibration",,
evt_1252,sess_20260823_073349,S01,1,151.33,151.33,1816,1816,object_unregistered,40.0,48362.5,0.57,warning,"Unregistered object (bottle) appeared at S01 at 02:31, not present during calibration",,
evt_1253,sess_20260823_073349,S01,1,151.5,151.5,1818,1818,object_unregistered,40.0,48402.2,0.57,warning,"Unregistered object (bottle) appeared at S01 at 02:31, not present during calibration",,
evt_1254,sess_20260823_073349,S01,1,154.25,155.25,1838,1863,head_turn,10.0,48406.6,0.95,warning,"Head turned left, 7.2 deviations from own baseline, held 1.0s",,
evt_1255,sess_20260823_073349,S01,1,142.25,155.25,1538,1863,repeated_action,25.0,48431.6,0.9,critical,"3 separate events in 13s: head_turn, head_turn, head_turn",/api/clips/evt_1255,/api/thumbs/evt_1255
evt_1256,sess_20260823_073349,S01,1,157.5,157.5,1890,1890,object_unregistered,40.0,48468.2,0.56,critical,"Unregistered object (bottle) appeared at S01 at 02:37, not present during calibration",/api/clips/evt_1256,/api/thumbs/evt_1256
evt_1257,sess_20260823_073349,S01,1,157.67,157.67,1892,1892,object_unregistered,40.0,48508.0,0.57,warning,"Unregistered object (bottle) appeared at S01 at 02:37, not present during calibration",,
evt_1258,sess_20260823_073349,S01,1,157.83,157.83,1894,1894,object_unregistered,40.0,48547.8,0.57,warning,"Unregistered object (bottle) appeared at S01 at 02:37, not present during calibration",,
evt_1259,sess_20260823_073349,S01,1,158.0,158.0,1896,1896,object_unregistered,40.0,48587.5,0.57,warning,"Unregistered object (bottle) appeared at S01 at 02:38, not present during calibration",,
evt_1260,sess_20260823_073349,S01,1,158.17,158.17,1898,1898,object_unregistered,40.0,48627.2,0.57,warning,"Unregistered object (bottle) appeared at S01 at 02:38, not present during calibration",,
evt_1261,sess_20260823_073349,S01,1,158.33,158.33,1900,1900,object_unregistered,40.0,48667.0,0.57,warning,"Unregistered object (bottle) appeared at S01 at 02:38, not present during calibration",,
evt_1262,sess_20260823_073349,S01,1,158.5,158.5,1902,1902,object_unregistered,40.0,48706.8,0.57,warning,"Unregistered object (bottle) appeared at S01 at 02:38, not present during calibration",,
evt_1263,sess_20260823_073349,S01,1,158.67,158.67,1904,1904,object_unregistered,40.0,48746.5,0.57,warning,"Unregistered object (bottle) appeared at S01 at 02:38, not present during calibration",,
evt_1264,sess_20260823_073349,S01,1,159.0,159.0,1908,1908,object_unregistered,40.0,48786.0,0.55,warning,"Unregistered object (bottle) appeared at S01 at 02:39, not present during calibration",,
evt_1265,sess_20260823_073349,S01,1,159.83,159.83,1918,1918,object_unregistered,40.0,48824.8,0.55,warning,"Unregistered object (bottle) appeared at S01 at 02:39, not present during calibration",,
evt_1266,sess_20260823_073349,S01,1,160.0,160.0,1920,1920,object_unregistered,40.0,48864.5,0.55,warning,"Unregistered object (bottle) appeared at S01 at 02:40, not present during calibration",,
evt_1267,sess_20260823_073349,S01,1,160.17,160.17,1922,1922,object_unregistered,40.0,48904.2,0.55,warning,"Unregistered object (bottle) appeared at S01 at 02:40, not present during calibration",,
evt_1268,sess_20260823_073349,S01,1,160.33,160.33,1924,1924,object_unregistered,40.0,48944.0,0.55,warning,"Unregistered object (bottle) appeared at S01 at 02:40, not present during calibration",,
evt_1269,sess_20260823_073349,S01,1,160.5,160.5,1926,1926,object_unregistered,40.0,48983.8,0.55,warning,"Unregistered object (bottle) appeared at S01 at 02:40, not present during calibration",,
evt_1270,sess_20260823_073349,S01,1,162.58,163.58,1938,1963,head_turn,10.0,48989.1,0.87,critical,"Head turned left, 3.5 deviations from own baseline, held 1.0s",,
evt_1271,sess_20260823_073349,S01,1,163.67,163.67,1964,1964,object_unregistered,40.0,49029.0,0.55,warning,"Unregistered object (bottle) appeared at S01 at 02:43, not present during calibration",,
evt_1272,sess_20260823_073349,S01,1,163.83,163.83,1966,1966,object_unregistered,40.0,49068.8,0.55,warning,"Unregistered object (bottle) appeared at S01 at 02:43, not present during calibration",,
evt_1273,sess_20260823_073349,S01,1,164.0,164.0,1968,1968,object_unregistered,40.0,49108.5,0.55,warning,"Unregistered object (bottle) appeared at S01 at 02:44, not present during calibration",,
evt_1274,sess_20260823_073349,S01,1,164.17,164.17,1970,1970,object_unregistered,40.0,49148.2,0.55,warning,"Unregistered object (bottle) appeared at S01 at 02:44, not present during calibration",,
evt_1275,sess_20260823_073349,S01,1,164.33,164.33,1972,1972,object_unregistered,40.0,49188.0,0.55,warning,"Unregistered object (bottle) appeared at S01 at 02:44, not present during calibration",,
evt_1276,sess_20260823_073349,S01,1,164.5,164.5,1974,1974,object_unregistered,40.0,49227.8,0.55,warning,"Unregistered object (bottle) appeared at S01 at 02:44, not present during calibration",,
evt_1277,sess_20260823_073349,S01,1,164.67,164.67,1976,1976,object_unregistered,40.0,49267.5,0.56,warning,"Unregistered object (bottle) appeared at S01 at 02:44, not present during calibration",,
evt_1278,sess_20260823_073349,S01,1,164.83,164.83,1978,1978,object_unregistered,40.0,49307.2,0.57,warning,"Unregistered object (bottle) appeared at S01 at 02:44, not present during calibration",,
evt_1279,sess_20260823_073349,S01,1,165.0,165.0,1980,1980,object_unregistered,40.0,49347.0,0.56,warning,"Unregistered object (bottle) appeared at S01 at 02:45, not present during calibration",,
evt_1280,sess_20260823_073349,S01,1,165.17,165.17,1982,1982,object_unregistered,40.0,49386.8,0.56,warning,"Unregistered object (bottle) appeared at S01 at 02:45, not present during calibration",,
evt_1281,sess_20260823_073349,S01,1,148.25,165.25,1558,1983,repeated_action,25.0,49411.6,0.9,warning,"4 separate events in 17s: head_turn, head_turn, head_turn",,
evt_1282,sess_20260823_073349,S01,1,165.33,165.33,1984,1984,object_unregistered,40.0,49451.5,0.56,warning,"Unregistered object (bottle) appeared at S01 at 02:45, not present during calibration",,
evt_1283,sess_20260823_073349,S01,1,165.5,165.5,1986,1986,object_unregistered,40.0,49491.2,0.57,warning,"Unregistered object (bottle) appeared at S01 at 02:45, not present during calibration",,
evt_1284,sess_20260823_073349,S01,1,165.67,165.67,1988,1988,object_unregistered,40.0,49531.0,0.57,warning,"Unregistered object (bottle) appeared at S01 at 02:45, not present during calibration",,
evt_1285,sess_20260823_073349,S01,1,165.83,165.83,1990,1990,object_unregistered,40.0,49570.8,0.58,warning,"Unregistered object (bottle) appeared at S01 at 02:45, not present during calibration",,
evt_1286,sess_20260823_073349,S01,1,166.0,166.0,1992,1992,object_unregistered,40.0,49610.5,0.58,warning,"Unregistered object (bottle) appeared at S01 at 02:46, not present during calibration",,
evt_1287,sess_20260823_073349,S01,1,166.17,166.17,1994,1994,object_unregistered,40.0,49650.2,0.58,warning,"Unregistered object (bottle) appeared at S01 at 02:46, not present during calibration",,
evt_1288,sess_20260823_073349,S01,1,167.5,167.5,2010,2010,object_unregistered,40.0,49688.2,0.57,warning,"Unregistered object (bottle) appeared at S01 at 02:47, not present during calibration",,
evt_1289,sess_20260823_073349,S01,1,167.67,167.67,2012,2012,object_unregistered,40.0,49728.0,0.57,warning,"Unregistered object (bottle) appeared at S01 at 02:47, not present during calibration",,
evt_1290,sess_20260823_073349,S01,1,167.83,167.83,2014,2014,object_unregistered,40.0,49767.8,0.56,warning,"Unregistered object (bottle) appeared at S01 at 02:47, not present during calibration",,
evt_1291,sess_20260823_073349,S01,1,168.0,168.0,2016,2016,object_unregistered,40.0,49807.5,0.56,warning,"Unregistered object (bottle) appeared at S01 at 02:48, not present during calibration",,
evt_1292,sess_20260823_073349,S01,1,168.17,168.17,2018,2018,object_unregistered,40.0,49847.2,0.56,warning,"Unregistered object (bottle) appeared at S01 at 02:48, not present during calibration",,
evt_1293,sess_20260823_073349,S01,1,168.33,168.33,2020,2020,object_unregistered,40.0,49887.0,0.57,warning,"Unregistered object (bottle) appeared at S01 at 02:48, not present during calibration",,
evt_1294,sess_20260823_073349,S01,1,168.5,168.5,2022,2022,object_unregistered,40.0,49926.8,0.57,warning,"Unregistered object (bottle) appeared at S01 at 02:48, not present during calibration",,
evt_1295,sess_20260823_073349,S01,1,168.67,168.67,2024,2024,object_unregistered,40.0,49966.5,0.57,warning,"Unregistered object (bottle) appeared at S01 at 02:48, not present during calibration",,
evt_1296,sess_20260823_073349,S01,1,168.83,168.83,2026,2026,object_unregistered,40.0,50006.2,0.58,warning,"Unregistered object (bottle) appeared at S01 at 02:48, not present during calibration",,
evt_1297,sess_20260823_073349,S01,1,169.0,169.0,2028,2028,object_unregistered,40.0,50046.0,0.59,warning,"Unregistered object (bottle) appeared at S01 at 02:49, not present during calibration",,
evt_1298,sess_20260823_073349,S01,1,169.17,169.17,2030,2030,object_unregistered,40.0,50085.8,0.58,warning,"Unregistered object (bottle) appeared at S01 at 02:49, not present during calibration",,
evt_1299,sess_20260823_073349,S01,1,169.33,169.33,2032,2032,object_unregistered,40.0,50125.5,0.58,warning,"Unregistered object (bottle) appeared at S01 at 02:49, not present during calibration",,
evt_1300,sess_20260823_073349,S01,1,169.5,169.5,2034,2034,object_unregistered,40.0,50165.2,0.58,warning,"Unregistered object (bottle) appeared at S01 at 02:49, not present during calibration",,
evt_1301,sess_20260823_073349,S01,1,168.58,169.58,2010,2035,head_turn,10.0,50175.1,0.95,warning,"Head turned left, 5.0 deviations from own baseline, held 1.0s",,
evt_1302,sess_20260823_073349,S01,1,169.67,169.67,2036,2036,object_unregistered,40.0,50215.0,0.58,warning,"Unregistered object (bottle) appeared at S01 at 02:49, not present during calibration",,
evt_1303,sess_20260823_073349,S01,1,169.83,169.83,2038,2038,object_unregistered,40.0,50254.8,0.58,warning,"Unregistered object (bottle) appeared at S01 at 02:49, not present during calibration",,
evt_1304,sess_20260823_073349,S01,1,169.83,169.83,2038,2038,object_unregistered,40.0,50294.8,0.44,warning,"Unregistered object (mouse) appeared at S01 at 02:49, not present during calibration",,
evt_1305,sess_20260823_073349,S01,1,170.0,170.0,2040,2040,object_unregistered,40.0,50334.5,0.58,warning,"Unregistered object (bottle) appeared at S01 at 02:50, not present during calibration",,
evt_1306,sess_20260823_073349,S01,1,170.0,170.0,2040,2040,object_unregistered,40.0,50374.5,0.45,warning,"Unregistered object (mouse) appeared at S01 at 02:50, not present during calibration",,
evt_1307,sess_20260823_073349,S01,1,170.17,170.17,2042,2042,object_unregistered,40.0,50414.2,0.58,warning,"Unregistered object (bottle) appeared at S01 at 02:50, not present during calibration",,
evt_1308,sess_20260823_073349,S01,1,170.17,170.17,2042,2042,object_unregistered,40.0,50454.2,0.45,warning,"Unregistered object (mouse) appeared at S01 at 02:50, not present during calibration",,
evt_1309,sess_20260823_073349,S01,1,170.33,170.33,2044,2044,object_unregistered,40.0,50494.0,0.58,warning,"Unregistered object (bottle) appeared at S01 at 02:50, not present during calibration",,
evt_1310,sess_20260823_073349,S01,1,170.5,170.5,2046,2046,object_unregistered,40.0,50533.8,0.58,warning,"Unregistered object (bottle) appeared at S01 at 02:50, not present during calibration",,
evt_1311,sess_20260823_073349,S01,1,170.67,170.67,2048,2048,object_unregistered,40.0,50573.5,0.58,warning,"Unregistered object (bottle) appeared at S01 at 02:50, not present during calibration",,
evt_1312,sess_20260823_073349,S01,1,170.83,170.83,2050,2050,object_unregistered,40.0,50613.2,0.58,warning,"Unregistered object (bottle) appeared at S01 at 02:50, not present during calibration",,
evt_1313,sess_20260823_073349,S01,1,171.0,171.0,2052,2052,object_unregistered,40.0,50653.0,0.58,warning,"Unregistered object (bottle) appeared at S01 at 02:51, not present during calibration",,
evt_1314,sess_20260823_073349,S01,1,171.17,171.17,2054,2054,object_unregistered,40.0,50692.8,0.58,warning,"Unregistered object (bottle) appeared at S01 at 02:51, not present during calibration",,
evt_1315,sess_20260823_073349,S01,1,171.33,171.33,2056,2056,object_unregistered,40.0,50732.5,0.58,warning,"Unregistered object (bottle) appeared at S01 at 02:51, not present during calibration",,
evt_1316,sess_20260823_073349,S01,1,171.5,171.5,2058,2058,object_unregistered,40.0,50772.2,0.57,warning,"Unregistered object (bottle) appeared at S01 at 02:51, not present during calibration",,
evt_1317,sess_20260823_073349,S01,1,171.67,171.67,2060,2060,object_unregistered,40.0,50812.0,0.56,warning,"Unregistered object (bottle) appeared at S01 at 02:51, not present during calibration",,
evt_1318,sess_20260823_073349,S01,1,171.83,171.83,2062,2062,object_unregistered,40.0,50851.8,0.56,warning,"Unregistered object (bottle) appeared at S01 at 02:51, not present during calibration",,
evt_1319,sess_20260823_073349,S01,1,172.0,172.0,2064,2064,object_unregistered,40.0,50891.5,0.56,warning,"Unregistered object (bottle) appeared at S01 at 02:52, not present during calibration",,
evt_1320,sess_20260823_073349,S01,1,172.17,172.17,2066,2066,object_unregistered,40.0,50931.2,0.57,warning,"Unregistered object (bottle) appeared at S01 at 02:52, not present during calibration",,
evt_1321,sess_20260823_073349,S01,1,172.33,172.33,2068,2068,object_unregistered,40.0,50971.0,0.58,warning,"Unregistered object (bottle) appeared at S01 at 02:52, not present during calibration",,
evt_1322,sess_20260823_073349,S01,1,172.5,172.5,2070,2070,object_unregistered,40.0,51010.8,0.57,critical,"Unregistered object (bottle) appeared at S01 at 02:52, not present during calibration",,
evt_1323,sess_20260823_073349,S01,1,172.67,172.67,2072,2072,object_unregistered,40.0,51050.5,0.57,warning,"Unregistered object (bottle) appeared at S01 at 02:52, not present during calibration",,
evt_1324,sess_20260823_073349,S01,1,172.83,172.83,2074,2074,object_unregistered,40.0,51090.2,0.57,warning,"Unregistered object (bottle) appeared at S01 at 02:52, not present during calibration",,
evt_1325,sess_20260823_073349,S01,1,173.0,173.0,2076,2076,object_unregistered,40.0,51130.0,0.57,warning,"Unregistered object (bottle) appeared at S01 at 02:53, not present during calibration",,
evt_1326,sess_20260823_073349,S01,1,173.17,173.17,2078,2078,object_unregistered,40.0,51169.8,0.57,warning,"Unregistered object (bottle) appeared at S01 at 02:53, not present during calibration",,
evt_1327,sess_20260823_073349,S01,1,173.33,173.33,2080,2080,object_unregistered,40.0,51209.5,0.57,warning,"Unregistered object (bottle) appeared at S01 at 02:53, not present during calibration",,
evt_1328,sess_20260823_073349,S01,1,173.5,173.5,2082,2082,object_unregistered,40.0,51249.2,0.57,warning,"Unregistered object (bottle) appeared at S01 at 02:53, not present during calibration",,
evt_1329,sess_20260823_073349,S01,1,173.5,173.5,2082,2082,object_unregistered,40.0,51289.2,0.33,warning,"Unregistered object (cup) appeared at S01 at 02:53, not present during calibration",,
evt_1330,sess_20260823_073349,S01,1,173.67,173.67,2084,2084,object_unregistered,40.0,51329.0,0.57,warning,"Unregistered object (bottle) appeared at S01 at 02:53, not present during calibration",,
evt_1331,sess_20260823_073349,S01,1,173.83,173.83,2086,2086,object_unregistered,40.0,51368.8,0.57,warning,"Unregistered object (bottle) appeared at S01 at 02:53, not present during calibration",,
evt_1332,sess_20260823_073349,S01,1,174.0,174.0,2088,2088,object_unregistered,40.0,51408.5,0.57,warning,"Unregistered object (bottle) appeared at S01 at 02:54, not present during calibration",,
evt_1333,sess_20260823_073349,S01,1,154.25,175.25,1578,2103,repeated_action,25.0,51431.6,0.9,critical,"4 separate events in 21s: head_turn, head_turn, head_turn",,
evt_1334,sess_20260823_073349,S01,1,177.33,177.33,2128,2128,object_unregistered,40.0,51468.5,0.59,warning,"Unregistered object (bottle) appeared at S01 at 02:57, not present during calibration",,
evt_1335,sess_20260823_073349,S01,1,177.5,177.5,2130,2130,object_unregistered,40.0,51508.2,0.59,warning,"Unregistered object (bottle) appeared at S01 at 02:57, not present during calibration",,
evt_1336,sess_20260823_073349,S01,1,177.67,177.67,2132,2132,object_unregistered,40.0,51548.0,0.59,warning,"Unregistered object (bottle) appeared at S01 at 02:57, not present during calibration",,
evt_1337,sess_20260823_073349,S01,1,177.67,177.67,2132,2132,object_unregistered,40.0,51588.0,0.39,warning,"Unregistered object (mouse) appeared at S01 at 02:57, not present during calibration",,
evt_1338,sess_20260823_073349,S01,1,177.83,177.83,2134,2134,object_unregistered,40.0,51627.8,0.59,warning,"Unregistered object (bottle) appeared at S01 at 02:57, not present during calibration",,
evt_1339,sess_20260823_073349,S01,1,177.83,177.83,2134,2134,object_unregistered,40.0,51667.8,0.4,warning,"Unregistered object (mouse) appeared at S01 at 02:57, not present during calibration",,
evt_1340,sess_20260823_073349,S01,1,178.0,178.0,2136,2136,object_unregistered,40.0,51707.5,0.59,warning,"Unregistered object (bottle) appeared at S01 at 02:58, not present during calibration",,
evt_1341,sess_20260823_073349,S01,1,178.0,178.0,2136,2136,object_unregistered,40.0,51747.5,0.39,warning,"Unregistered object (mouse) appeared at S01 at 02:58, not present during calibration",,
evt_1342,sess_20260823_073349,S01,1,178.17,178.17,2138,2138,object_unregistered,40.0,51787.2,0.59,warning,"Unregistered object (bottle) appeared at S01 at 02:58, not present during calibration",,
evt_1343,sess_20260823_073349,S01,1,178.17,178.17,2138,2138,object_unregistered,40.0,51827.2,0.4,warning,"Unregistered object (mouse) appeared at S01 at 02:58, not present during calibration",,
evt_1344,sess_20260823_073349,S01,1,178.33,178.33,2140,2140,object_unregistered,40.0,51867.0,0.59,warning,"Unregistered object (bottle) appeared at S01 at 02:58, not present during calibration",,
evt_1345,sess_20260823_073349,S01,1,178.33,178.33,2140,2140,object_unregistered,40.0,51907.0,0.4,warning,"Unregistered object (mouse) appeared at S01 at 02:58, not present during calibration",,
evt_1346,sess_20260823_073349,S01,1,178.5,178.5,2142,2142,object_unregistered,40.0,51946.8,0.59,warning,"Unregistered object (bottle) appeared at S01 at 02:58, not present during calibration",,
evt_1347,sess_20260823_073349,S01,1,178.67,178.67,2144,2144,object_unregistered,40.0,51986.5,0.59,warning,"Unregistered object (bottle) appeared at S01 at 02:58, not present during calibration",,
evt_1348,sess_20260823_073349,S01,1,178.83,178.83,2146,2146,object_unregistered,40.0,52026.2,0.6,warning,"Unregistered object (bottle) appeared at S01 at 02:58, not present during calibration",,
evt_1349,sess_20260823_073349,S01,1,179.0,179.0,2148,2148,object_unregistered,40.0,52066.0,0.58,warning,"Unregistered object (bottle) appeared at S01 at 02:59, not present during calibration",,
evt_1350,sess_20260823_073349,S01,1,179.17,179.17,2150,2150,object_unregistered,40.0,52105.8,0.58,warning,"Unregistered object (bottle) appeared at S01 at 02:59, not present during calibration",,
evt_1351,sess_20260823_073349,S01,1,179.33,179.33,2152,2152,object_unregistered,40.0,52145.5,0.58,warning,"Unregistered object (bottle) appeared at S01 at 02:59, not present during calibration",,
evt_1352,sess_20260823_073349,S01,1,179.5,179.5,2154,2154,object_unregistered,40.0,52185.2,0.58,warning,"Unregistered object (bottle) appeared at S01 at 02:59, not present during calibration",,
evt_1353,sess_20260823_073349,S01,1,179.67,179.67,2156,2156,object_unregistered,40.0,52225.0,0.58,warning,"Unregistered object (bottle) appeared at S01 at 02:59, not present during calibration",,
evt_1354,sess_20260823_073349,S01,1,179.83,179.83,2158,2158,object_unregistered,40.0,52264.8,0.58,warning,"Unregistered object (bottle) appeared at S01 at 02:59, not present during calibration",,
evt_1355,sess_20260823_073349,S01,1,180.0,180.0,2160,2160,object_unregistered,40.0,52304.5,0.58,warning,"Unregistered object (bottle) appeared at S01 at 03:00, not present during calibration",,
evt_1356,sess_20260823_073349,S01,1,180.17,180.17,2162,2162,object_unregistered,40.0,52344.2,0.58,warning,"Unregistered object (bottle) appeared at S01 at 03:00, not present during calibration",,
evt_1357,sess_20260823_073349,S01,1,180.33,180.33,2164,2164,object_unregistered,40.0,52384.0,0.58,warning,"Unregistered object (bottle) appeared at S01 at 03:00, not present during calibration",,
evt_1358,sess_20260823_073349,S01,1,180.33,180.33,2164,2164,object_unregistered,40.0,52424.0,0.37,warning,"Unregistered object (mouse) appeared at S01 at 03:00, not present during calibration",,
evt_1359,sess_20260823_073349,S01,1,180.5,180.5,2166,2166,object_unregistered,40.0,52463.8,0.58,warning,"Unregistered object (bottle) appeared at S01 at 03:00, not present during calibration",,
evt_1360,sess_20260823_073349,S01,1,180.5,180.5,2166,2166,object_unregistered,40.0,52503.8,0.37,warning,"Unregistered object (mouse) appeared at S01 at 03:00, not present during calibration",,
evt_1361,sess_20260823_073349,S01,1,180.67,180.67,2168,2168,object_unregistered,40.0,52543.5,0.58,warning,"Unregistered object (bottle) appeared at S01 at 03:00, not present during calibration",,
evt_1362,sess_20260823_073349,S01,1,180.67,180.67,2168,2168,object_unregistered,40.0,52583.5,0.36,warning,"Unregistered object (mouse) appeared at S01 at 03:00, not present during calibration",,
evt_1363,sess_20260823_073349,S01,1,180.83,180.83,2170,2170,object_unregistered,40.0,52623.2,0.57,warning,"Unregistered object (bottle) appeared at S01 at 03:00, not present during calibration",,
evt_1364,sess_20260823_073349,S01,1,180.83,180.83,2170,2170,object_unregistered,40.0,52663.2,0.37,warning,"Unregistered object (mouse) appeared at S01 at 03:00, not present during calibration",,
evt_1365,sess_20260823_073349,S01,1,181.0,181.0,2172,2172,object_unregistered,40.0,52703.0,0.57,warning,"Unregistered object (bottle) appeared at S01 at 03:01, not present during calibration",,
evt_1366,sess_20260823_073349,S01,1,181.0,181.0,2172,2172,object_unregistered,40.0,52743.0,0.37,warning,"Unregistered object (mouse) appeared at S01 at 03:01, not present during calibration",,
evt_1367,sess_20260823_073349,S01,1,181.17,181.17,2174,2174,object_unregistered,40.0,52782.8,0.57,warning,"Unregistered object (bottle) appeared at S01 at 03:01, not present during calibration",,
evt_1368,sess_20260823_073349,S01,1,181.17,181.17,2174,2174,object_unregistered,40.0,52822.8,0.37,warning,"Unregistered object (mouse) appeared at S01 at 03:01, not present during calibration",,
evt_1369,sess_20260823_073349,S01,1,181.33,181.33,2176,2176,object_unregistered,40.0,52862.5,0.57,warning,"Unregistered object (bottle) appeared at S01 at 03:01, not present during calibration",,
evt_1370,sess_20260823_073349,S01,1,181.33,181.33,2176,2176,object_unregistered,40.0,52902.5,0.39,warning,"Unregistered object (mouse) appeared at S01 at 03:01, not present during calibration",,
evt_1371,sess_20260823_073349,S01,1,181.5,181.5,2178,2178,object_unregistered,40.0,52942.2,0.58,warning,"Unregistered object (bottle) appeared at S01 at 03:01, not present during calibration",,
evt_1372,sess_20260823_073349,S01,1,181.5,181.5,2178,2178,object_unregistered,40.0,52982.2,0.39,warning,"Unregistered object (mouse) appeared at S01 at 03:01, not present during calibration",,
evt_1373,sess_20260823_073349,S01,1,181.67,181.67,2180,2180,object_unregistered,40.0,53022.0,0.58,warning,"Unregistered object (bottle) appeared at S01 at 03:01, not present during calibration",,
evt_1374,sess_20260823_073349,S01,1,181.67,181.67,2180,2180,object_unregistered,40.0,53062.0,0.4,warning,"Unregistered object (mouse) appeared at S01 at 03:01, not present during calibration",,
evt_1375,sess_20260823_073349,S01,1,181.83,181.83,2182,2182,object_unregistered,40.0,53101.8,0.58,warning,"Unregistered object (bottle) appeared at S01 at 03:01, not present during calibration",,
evt_1376,sess_20260823_073349,S01,1,182.0,182.0,2184,2184,object_unregistered,40.0,53141.5,0.58,warning,"Unregistered object (bottle) appeared at S01 at 03:02, not present during calibration",,
evt_1377,sess_20260823_073349,S01,1,182.17,182.17,2186,2186,object_unregistered,40.0,53181.2,0.57,warning,"Unregistered object (bottle) appeared at S01 at 03:02, not present during calibration",,
evt_1378,sess_20260823_073349,S01,1,182.33,182.33,2188,2188,object_unregistered,40.0,53221.0,0.56,warning,"Unregistered object (bottle) appeared at S01 at 03:02, not present during calibration",,
evt_1379,sess_20260823_073349,S01,1,183.17,183.17,2198,2198,object_unregistered,40.0,53259.8,0.57,warning,"Unregistered object (bottle) appeared at S01 at 03:03, not present during calibration",,
evt_1380,sess_20260823_073349,S01,1,183.33,183.33,2200,2200,object_unregistered,40.0,53299.5,0.57,warning,"Unregistered object (bottle) appeared at S01 at 03:03, not present during calibration",,
evt_1381,sess_20260823_073349,S01,1,183.5,183.5,2202,2202,object_unregistered,40.0,53339.2,0.57,warning,"Unregistered object (bottle) appeared at S01 at 03:03, not present during calibration",,
evt_1382,sess_20260823_073349,S01,1,183.67,183.67,2204,2204,object_unregistered,40.0,53379.0,0.58,warning,"Unregistered object (bottle) appeared at S01 at 03:03, not present during calibration",,
evt_1383,sess_20260823_073349,S01,1,183.83,183.83,2206,2206,object_unregistered,40.0,53418.8,0.58,warning,"Unregistered object (bottle) appeared at S01 at 03:03, not present during calibration",,
evt_1384,sess_20260823_073349,S01,1,184.0,184.0,2208,2208,object_unregistered,40.0,53458.5,0.58,warning,"Unregistered object (bottle) appeared at S01 at 03:04, not present during calibration",,
evt_1385,sess_20260823_073349,S01,1,154.25,185.25,1448,2223,repeated_action,25.0,53481.6,0.9,warning,"3 separate events in 31s: head_turn, head_turn, head_turn",,
evt_1386,sess_20260823_073349,S01,1,187.75,188.75,2240,2265,head_turn,10.0,53486.4,0.95,critical,"Head turned left, 4.1 deviations from own baseline, held 1.0s",,
evt_1387,sess_20260823_073349,S01,1,188.83,188.83,2266,2266,object_unregistered,40.0,53526.2,0.57,critical,"Unregistered object (bottle) appeared at S01 at 03:08, not present during calibration",,
evt_1388,sess_20260823_073349,S01,1,189.0,189.0,2268,2268,object_unregistered,40.0,53566.0,0.57,warning,"Unregistered object (bottle) appeared at S01 at 03:09, not present during calibration",,
evt_1389,sess_20260823_073349,S01,1,189.17,189.17,2270,2270,object_unregistered,40.0,53605.8,0.57,warning,"Unregistered object (bottle) appeared at S01 at 03:09, not present during calibration",,
evt_1390,sess_20260823_073349,S01,1,189.33,189.33,2272,2272,object_unregistered,40.0,53645.5,0.58,warning,"Unregistered object (bottle) appeared at S01 at 03:09, not present during calibration",,
evt_1391,sess_20260823_073349,S01,1,189.5,189.5,2274,2274,object_unregistered,40.0,53685.2,0.57,warning,"Unregistered object (bottle) appeared at S01 at 03:09, not present during calibration",,
evt_1392,sess_20260823_073349,S01,1,189.67,189.67,2276,2276,object_unregistered,40.0,53725.0,0.57,warning,"Unregistered object (bottle) appeared at S01 at 03:09, not present during calibration",,
evt_1393,sess_20260823_073349,S01,1,189.83,189.83,2278,2278,object_unregistered,40.0,53764.8,0.57,warning,"Unregistered object (bottle) appeared at S01 at 03:09, not present during calibration",,
evt_1394,sess_20260823_073349,S01,1,190.83,190.83,2290,2290,object_unregistered,40.0,53803.2,0.58,warning,"Unregistered object (bottle) appeared at S01 at 03:10, not present during calibration",,
evt_1395,sess_20260823_073349,S01,1,191.0,191.0,2292,2292,object_unregistered,40.0,53843.0,0.58,warning,"Unregistered object (bottle) appeared at S01 at 03:11, not present during calibration",,
evt_1396,sess_20260823_073349,S01,1,191.17,191.17,2294,2294,object_unregistered,40.0,53882.8,0.58,warning,"Unregistered object (bottle) appeared at S01 at 03:11, not present during calibration",,
evt_1397,sess_20260823_073349,S01,1,191.33,191.33,2296,2296,object_unregistered,40.0,53922.5,0.58,warning,"Unregistered object (bottle) appeared at S01 at 03:11, not present during calibration",,
evt_1398,sess_20260823_073349,S01,1,191.5,191.5,2298,2298,object_unregistered,40.0,53962.2,0.58,warning,"Unregistered object (bottle) appeared at S01 at 03:11, not present during calibration",,
evt_1399,sess_20260823_073349,S01,1,191.67,191.67,2300,2300,object_unregistered,40.0,54002.0,0.58,warning,"Unregistered object (bottle) appeared at S01 at 03:11, not present during calibration",,
evt_1400,sess_20260823_073349,S01,1,191.83,191.83,2302,2302,object_unregistered,40.0,54041.8,0.58,warning,"Unregistered object (bottle) appeared at S01 at 03:11, not present during calibration",,
evt_1401,sess_20260823_073349,S01,1,192.0,192.0,2304,2304,object_unregistered,40.0,54081.5,0.58,warning,"Unregistered object (bottle) appeared at S01 at 03:12, not present during calibration",,
evt_1402,sess_20260823_073349,S01,1,192.17,192.17,2306,2306,object_unregistered,40.0,54121.2,0.57,warning,"Unregistered object (bottle) appeared at S01 at 03:12, not present during calibration",,
evt_1403,sess_20260823_073349,S01,1,192.33,192.33,2308,2308,object_unregistered,40.0,54161.0,0.57,warning,"Unregistered object (bottle) appeared at S01 at 03:12, not present during calibration",,
evt_1404,sess_20260823_073349,S01,1,192.5,192.5,2310,2310,object_unregistered,40.0,54200.8,0.57,warning,"Unregistered object (bottle) appeared at S01 at 03:12, not present during calibration",,
evt_1405,sess_20260823_073349,S01,1,192.67,192.67,2312,2312,object_unregistered,40.0,54240.5,0.56,warning,"Unregistered object (bottle) appeared at S01 at 03:12, not present during calibration",,
evt_1406,sess_20260823_073349,S01,1,192.83,192.83,2314,2314,object_unregistered,40.0,54280.2,0.56,warning,"Unregistered object (bottle) appeared at S01 at 03:12, not present during calibration",,
evt_1407,sess_20260823_073349,S01,1,193.0,193.0,2316,2316,object_unregistered,40.0,54320.0,0.56,warning,"Unregistered object (bottle) appeared at S01 at 03:13, not present during calibration",,
evt_1408,sess_20260823_073349,S01,1,193.17,193.17,2318,2318,object_unregistered,40.0,54359.8,0.56,warning,"Unregistered object (bottle) appeared at S01 at 03:13, not present during calibration",,
evt_1409,sess_20260823_073349,S01,1,193.33,193.33,2320,2320,object_unregistered,40.0,54399.5,0.56,warning,"Unregistered object (bottle) appeared at S01 at 03:13, not present during calibration",,
evt_1410,sess_20260823_073349,S01,1,193.5,193.5,2322,2322,object_unregistered,40.0,54439.2,0.57,warning,"Unregistered object (bottle) appeared at S01 at 03:13, not present during calibration",,
evt_1411,sess_20260823_073349,S01,1,193.67,193.67,2324,2324,object_unregistered,40.0,54479.0,0.57,warning,"Unregistered object (bottle) appeared at S01 at 03:13, not present during calibration",,
evt_1412,sess_20260823_073349,S01,1,193.83,193.83,2326,2326,object_unregistered,40.0,54518.8,0.58,warning,"Unregistered object (bottle) appeared at S01 at 03:13, not present during calibration",,
evt_1413,sess_20260823_073349,S01,1,194.0,194.0,2328,2328,object_unregistered,40.0,54558.5,0.57,warning,"Unregistered object (bottle) appeared at S01 at 03:14, not present during calibration",,
evt_1414,sess_20260823_073349,S01,1,194.17,194.17,2330,2330,object_unregistered,40.0,54598.2,0.58,warning,"Unregistered object (bottle) appeared at S01 at 03:14, not present during calibration",,
evt_1415,sess_20260823_073349,S01,1,194.33,194.33,2332,2332,object_unregistered,40.0,54638.0,0.58,warning,"Unregistered object (bottle) appeared at S01 at 03:14, not present during calibration",,
evt_1416,sess_20260823_073349,S01,1,194.5,194.5,2334,2334,object_unregistered,40.0,54677.8,0.57,warning,"Unregistered object (bottle) appeared at S01 at 03:14, not present during calibration",,
evt_1417,sess_20260823_073349,S01,1,194.67,194.67,2336,2336,object_unregistered,40.0,54717.5,0.58,warning,"Unregistered object (bottle) appeared at S01 at 03:14, not present during calibration",,
evt_1418,sess_20260823_073349,S01,1,194.83,194.83,2338,2338,object_unregistered,40.0,54757.2,0.58,warning,"Unregistered object (bottle) appeared at S01 at 03:14, not present during calibration",,
evt_1419,sess_20260823_073349,S01,1,195.0,195.0,2340,2340,object_unregistered,40.0,54797.0,0.58,warning,"Unregistered object (bottle) appeared at S01 at 03:15, not present during calibration",,
evt_1420,sess_20260823_073349,S01,1,195.17,195.17,2342,2342,object_unregistered,40.0,54836.8,0.58,warning,"Unregistered object (bottle) appeared at S01 at 03:15, not present during calibration",,
evt_1421,sess_20260823_073349,S01,1,195.33,195.33,2344,2344,object_unregistered,40.0,54876.5,0.57,warning,"Unregistered object (bottle) appeared at S01 at 03:15, not present during calibration",,
evt_1422,sess_20260823_073349,S01,1,195.5,195.5,2346,2346,object_unregistered,40.0,54916.2,0.57,warning,"Unregistered object (bottle) appeared at S01 at 03:15, not present during calibration",,
evt_1423,sess_20260823_073349,S01,1,195.67,195.67,2348,2348,object_unregistered,40.0,54956.0,0.57,warning,"Unregistered object (bottle) appeared at S01 at 03:15, not present during calibration",,
evt_1424,sess_20260823_073349,S01,1,195.83,195.83,2350,2350,object_unregistered,40.0,54995.8,0.57,warning,"Unregistered object (bottle) appeared at S01 at 03:15, not present during calibration",,
evt_1425,sess_20260823_073349,S01,1,196.0,196.0,2352,2352,object_unregistered,40.0,55035.5,0.56,warning,"Unregistered object (bottle) appeared at S01 at 03:16, not present during calibration",,
evt_1426,sess_20260823_073349,S01,1,196.0,196.0,2352,2352,object_unregistered,40.0,55075.5,0.45,warning,"Unregistered object (mouse) appeared at S01 at 03:16, not present during calibration",,
evt_1427,sess_20260823_073349,S01,1,196.17,196.17,2354,2354,object_unregistered,40.0,55115.2,0.56,warning,"Unregistered object (bottle) appeared at S01 at 03:16, not present during calibration",,
evt_1428,sess_20260823_073349,S01,1,196.17,196.17,2354,2354,object_unregistered,40.0,55155.2,0.46,warning,"Unregistered object (mouse) appeared at S01 at 03:16, not present during calibration",,
evt_1429,sess_20260823_073349,S01,1,196.33,196.33,2356,2356,object_unregistered,40.0,55195.0,0.56,warning,"Unregistered object (bottle) appeared at S01 at 03:16, not present during calibration",,
evt_1430,sess_20260823_073349,S01,1,196.33,196.33,2356,2356,object_unregistered,40.0,55235.0,0.46,warning,"Unregistered object (mouse) appeared at S01 at 03:16, not present during calibration",,
evt_1431,sess_20260823_073349,S01,1,196.5,196.5,2358,2358,object_unregistered,40.0,55274.8,0.56,warning,"Unregistered object (bottle) appeared at S01 at 03:16, not present during calibration",,
evt_1432,sess_20260823_073349,S01,1,196.5,196.5,2358,2358,object_unregistered,40.0,55314.8,0.47,warning,"Unregistered object (mouse) appeared at S01 at 03:16, not present during calibration",,
evt_1433,sess_20260823_073349,S01,1,196.67,196.67,2360,2360,object_unregistered,40.0,55354.5,0.57,warning,"Unregistered object (bottle) appeared at S01 at 03:16, not present during calibration",,
evt_1434,sess_20260823_073349,S01,1,196.83,196.83,2362,2362,object_unregistered,40.0,55394.2,0.57,warning,"Unregistered object (bottle) appeared at S01 at 03:16, not present during calibration",,
evt_1435,sess_20260823_073349,S01,1,201.0,201.0,2412,2412,object_unregistered,40.0,55428.0,0.59,warning,"Unregistered object (bottle) appeared at S01 at 03:21, not present during calibration",,
evt_1436,sess_20260823_073349,S01,1,201.17,201.17,2414,2414,object_unregistered,40.0,55467.8,0.59,warning,"Unregistered object (bottle) appeared at S01 at 03:21, not present during calibration",,
evt_1437,sess_20260823_073349,S01,1,201.33,201.33,2416,2416,object_unregistered,40.0,55507.5,0.6,warning,"Unregistered object (bottle) appeared at S01 at 03:21, not present during calibration",,
evt_1438,sess_20260823_073349,S01,1,201.33,201.33,2416,2416,object_unregistered,40.0,55547.5,0.44,warning,"Unregistered object (mouse) appeared at S01 at 03:21, not present during calibration",,
evt_1439,sess_20260823_073349,S01,1,201.5,201.5,2418,2418,object_unregistered,40.0,55587.2,0.59,warning,"Unregistered object (bottle) appeared at S01 at 03:21, not present during calibration",,
evt_1440,sess_20260823_073349,S01,1,201.5,201.5,2418,2418,object_unregistered,40.0,55627.2,0.44,warning,"Unregistered object (mouse) appeared at S01 at 03:21, not present during calibration",,
evt_1441,sess_20260823_073349,S01,1,201.67,201.67,2420,2420,object_unregistered,40.0,55667.0,0.59,warning,"Unregistered object (bottle) appeared at S01 at 03:21, not present during calibration",,
evt_1442,sess_20260823_073349,S01,1,201.67,201.67,2420,2420,object_unregistered,40.0,55707.0,0.43,warning,"Unregistered object (mouse) appeared at S01 at 03:21, not present during calibration",,
evt_1443,sess_20260823_073349,S01,1,201.83,201.83,2422,2422,object_unregistered,40.0,55746.8,0.6,warning,"Unregistered object (bottle) appeared at S01 at 03:21, not present during calibration",,
evt_1444,sess_20260823_073349,S01,1,201.83,201.83,2422,2422,object_unregistered,40.0,55786.8,0.43,warning,"Unregistered object (mouse) appeared at S01 at 03:21, not present during calibration",,
evt_1445,sess_20260823_073349,S01,1,202.0,202.0,2424,2424,object_unregistered,40.0,55826.5,0.6,warning,"Unregistered object (bottle) appeared at S01 at 03:22, not present during calibration",,
evt_1446,sess_20260823_073349,S01,1,202.0,202.0,2424,2424,object_unregistered,40.0,55866.5,0.42,warning,"Unregistered object (mouse) appeared at S01 at 03:22, not present during calibration",,
evt_1447,sess_20260823_073349,S01,1,202.17,202.17,2426,2426,object_unregistered,40.0,55906.2,0.6,warning,"Unregistered object (bottle) appeared at S01 at 03:22, not present during calibration",,
evt_1448,sess_20260823_073349,S01,1,202.17,202.17,2426,2426,object_unregistered,40.0,55946.2,0.42,warning,"Unregistered object (mouse) appeared at S01 at 03:22, not present during calibration",,
evt_1449,sess_20260823_073349,S01,1,202.33,202.33,2428,2428,object_unregistered,40.0,55986.0,0.6,warning,"Unregistered object (bottle) appeared at S01 at 03:22, not present during calibration",,
evt_1450,sess_20260823_073349,S01,1,202.33,202.33,2428,2428,object_unregistered,40.0,56026.0,0.43,warning,"Unregistered object (mouse) appeared at S01 at 03:22, not present during calibration",,
evt_1451,sess_20260823_073349,S01,1,202.5,202.5,2430,2430,object_unregistered,40.0,56065.8,0.6,warning,"Unregistered object (bottle) appeared at S01 at 03:22, not present during calibration",,
evt_1452,sess_20260823_073349,S01,1,202.5,202.5,2430,2430,object_unregistered,40.0,56105.8,0.43,warning,"Unregistered object (mouse) appeared at S01 at 03:22, not present during calibration",,
evt_1453,sess_20260823_073349,S01,1,202.5,202.5,2430,2430,object_unregistered,40.0,56145.8,0.3,warning,"Unregistered object (mouse) appeared at S01 at 03:22, not present during calibration",,
evt_1454,sess_20260823_073349,S01,1,202.67,202.67,2432,2432,object_unregistered,40.0,56185.5,0.6,warning,"Unregistered object (bottle) appeared at S01 at 03:22, not present during calibration",,
evt_1455,sess_20260823_073349,S01,1,202.67,202.67,2432,2432,object_unregistered,40.0,56225.5,0.41,warning,"Unregistered object (mouse) appeared at S01 at 03:22, not present during calibration",,
evt_1456,sess_20260823_073349,S01,1,202.67,202.67,2432,2432,object_unregistered,40.0,56265.5,0.35,warning,"Unregistered object (mouse) appeared at S01 at 03:22, not present during calibration",,
evt_1457,sess_20260823_073349,S01,1,202.83,202.83,2434,2434,object_unregistered,40.0,56305.2,0.6,warning,"Unregistered object (bottle) appeared at S01 at 03:22, not present during calibration",,
evt_1458,sess_20260823_073349,S01,1,202.83,202.83,2434,2434,object_unregistered,40.0,56345.2,0.41,warning,"Unregistered object (mouse) appeared at S01 at 03:22, not present during calibration",,
evt_1459,sess_20260823_073349,S01,1,202.83,202.83,2434,2434,object_unregistered,40.0,56385.2,0.34,warning,"Unregistered object (mouse) appeared at S01 at 03:22, not present during calibration",,
evt_1460,sess_20260823_073349,S01,1,203.0,203.0,2436,2436,object_unregistered,40.0,56425.0,0.6,warning,"Unregistered object (bottle) appeared at S01 at 03:23, not present during calibration",,
evt_1461,sess_20260823_073349,S01,1,203.0,203.0,2436,2436,object_unregistered,40.0,56465.0,0.41,warning,"Unregistered object (mouse) appeared at S01 at 03:23, not present during calibration",,
evt_1462,sess_20260823_073349,S01,1,203.0,203.0,2436,2436,object_unregistered,40.0,56505.0,0.38,warning,"Unregistered object (mouse) appeared at S01 at 03:23, not present during calibration",,
evt_1463,sess_20260823_073349,S01,1,203.17,203.17,2438,2438,object_unregistered,40.0,56544.8,0.6,warning,"Unregistered object (bottle) appeared at S01 at 03:23, not present during calibration",,
evt_1464,sess_20260823_073349,S01,1,203.17,203.17,2438,2438,object_unregistered,40.0,56584.8,0.41,warning,"Unregistered object (mouse) appeared at S01 at 03:23, not present during calibration",,
evt_1465,sess_20260823_073349,S01,1,203.17,203.17,2438,2438,object_unregistered,40.0,56624.8,0.38,warning,"Unregistered object (mouse) appeared at S01 at 03:23, not present during calibration",,
evt_1466,sess_20260823_073349,S01,1,203.33,203.33,2440,2440,object_unregistered,40.0,56664.5,0.6,warning,"Unregistered object (bottle) appeared at S01 at 03:23, not present during calibration",,
evt_1467,sess_20260823_073349,S01,1,203.33,203.33,2440,2440,object_unregistered,40.0,56704.5,0.41,warning,"Unregistered object (mouse) appeared at S01 at 03:23, not present during calibration",,
evt_1468,sess_20260823_073349,S01,1,203.33,203.33,2440,2440,object_unregistered,40.0,56744.5,0.39,warning,"Unregistered object (mouse) appeared at S01 at 03:23, not present during calibration",,
evt_1469,sess_20260823_073349,S01,1,203.5,203.5,2442,2442,object_unregistered,40.0,56784.2,0.6,warning,"Unregistered object (bottle) appeared at S01 at 03:23, not present during calibration",,
evt_1470,sess_20260823_073349,S01,1,203.5,203.5,2442,2442,object_unregistered,40.0,56824.2,0.41,warning,"Unregistered object (mouse) appeared at S01 at 03:23, not present during calibration",,
evt_1471,sess_20260823_073349,S01,1,203.5,203.5,2442,2442,object_unregistered,40.0,56864.2,0.4,warning,"Unregistered object (mouse) appeared at S01 at 03:23, not present during calibration",,
evt_1472,sess_20260823_073349,S01,1,203.67,203.67,2444,2444,object_unregistered,40.0,56904.0,0.6,warning,"Unregistered object (bottle) appeared at S01 at 03:23, not present during calibration",,
evt_1473,sess_20260823_073349,S01,1,203.67,203.67,2444,2444,object_unregistered,40.0,56944.0,0.4,warning,"Unregistered object (mouse) appeared at S01 at 03:23, not present during calibration",,
evt_1474,sess_20260823_073349,S01,1,203.67,203.67,2444,2444,object_unregistered,40.0,56984.0,0.4,warning,"Unregistered object (mouse) appeared at S01 at 03:23, not present during calibration",,
evt_1475,sess_20260823_073349,S01,1,203.83,203.83,2446,2446,object_unregistered,40.0,57023.8,0.6,critical,"Unregistered object (bottle) appeared at S01 at 03:23, not present during calibration",,
evt_1476,sess_20260823_073349,S01,1,203.83,203.83,2446,2446,object_unregistered,40.0,57063.8,0.4,warning,"Unregistered object (mouse) appeared at S01 at 03:23, not present during calibration",,
evt_1477,sess_20260823_073349,S01,1,203.83,203.83,2446,2446,object_unregistered,40.0,57103.8,0.4,warning,"Unregistered object (mouse) appeared at S01 at 03:23, not present during calibration",,
evt_1478,sess_20260823_073349,S01,1,204.0,204.0,2448,2448,object_unregistered,40.0,57143.5,0.6,warning,"Unregistered object (bottle) appeared at S01 at 03:24, not present during calibration",,
evt_1479,sess_20260823_073349,S01,1,204.0,204.0,2448,2448,object_unregistered,40.0,57183.5,0.4,warning,"Unregistered object (mouse) appeared at S01 at 03:24, not present during calibration",,
evt_1480,sess_20260823_073349,S01,1,204.0,204.0,2448,2448,object_unregistered,40.0,57223.5,0.39,warning,"Unregistered object (mouse) appeared at S01 at 03:24, not present during calibration",,
evt_1481,sess_20260823_073349,S01,1,204.17,204.17,2450,2450,object_unregistered,40.0,57263.2,0.6,warning,"Unregistered object (bottle) appeared at S01 at 03:24, not present during calibration",,
evt_1482,sess_20260823_073349,S01,1,204.17,204.17,2450,2450,object_unregistered,40.0,57303.2,0.4,warning,"Unregistered object (mouse) appeared at S01 at 03:24, not present during calibration",,
evt_1483,sess_20260823_073349,S01,1,204.17,204.17,2450,2450,object_unregistered,40.0,57343.2,0.39,warning,"Unregistered object (mouse) appeared at S01 at 03:24, not present during calibration",,
evt_1484,sess_20260823_073349,S01,1,204.33,204.33,2452,2452,object_unregistered,40.0,57383.0,0.6,warning,"Unregistered object (bottle) appeared at S01 at 03:24, not present during calibration",,
evt_1485,sess_20260823_073349,S01,1,204.33,204.33,2452,2452,object_unregistered,40.0,57423.0,0.4,warning,"Unregistered object (mouse) appeared at S01 at 03:24, not present during calibration",,
evt_1486,sess_20260823_073349,S01,1,204.33,204.33,2452,2452,object_unregistered,40.0,57463.0,0.39,warning,"Unregistered object (mouse) appeared at S01 at 03:24, not present during calibration",,
evt_1487,sess_20260823_073349,S01,1,204.5,204.5,2454,2454,object_unregistered,40.0,57502.8,0.6,warning,"Unregistered object (bottle) appeared at S01 at 03:24, not present during calibration",,
evt_1488,sess_20260823_073349,S01,1,204.5,204.5,2454,2454,object_unregistered,40.0,57542.8,0.41,warning,"Unregistered object (mouse) appeared at S01 at 03:24, not present during calibration",,
evt_1489,sess_20260823_073349,S01,1,204.5,204.5,2454,2454,object_unregistered,40.0,57582.8,0.38,warning,"Unregistered object (mouse) appeared at S01 at 03:24, not present during calibration",,
evt_1490,sess_20260823_073349,S01,1,204.67,204.67,2456,2456,object_unregistered,40.0,57622.5,0.6,warning,"Unregistered object (bottle) appeared at S01 at 03:24, not present during calibration",,
evt_1491,sess_20260823_073349,S01,1,204.67,204.67,2456,2456,object_unregistered,40.0,57662.5,0.41,warning,"Unregistered object (mouse) appeared at S01 at 03:24, not present during calibration",,
evt_1492,sess_20260823_073349,S01,1,204.67,204.67,2456,2456,object_unregistered,40.0,57702.5,0.38,warning,"Unregistered object (mouse) appeared at S01 at 03:24, not present during calibration",,
evt_1493,sess_20260823_073349,S01,1,204.83,204.83,2458,2458,object_unregistered,40.0,57742.2,0.6,warning,"Unregistered object (bottle) appeared at S01 at 03:24, not present during calibration",,
evt_1494,sess_20260823_073349,S01,1,204.83,204.83,2458,2458,object_unregistered,40.0,57782.2,0.42,warning,"Unregistered object (mouse) appeared at S01 at 03:24, not present during calibration",,
evt_1495,sess_20260823_073349,S01,1,204.83,204.83,2458,2458,object_unregistered,40.0,57822.2,0.36,warning,"Unregistered object (mouse) appeared at S01 at 03:24, not present during calibration",,
evt_1496,sess_20260823_073349,S01,1,205.0,205.0,2460,2460,object_unregistered,40.0,57862.0,0.6,warning,"Unregistered object (bottle) appeared at S01 at 03:25, not present during calibration",,
evt_1497,sess_20260823_073349,S01,1,205.0,205.0,2460,2460,object_unregistered,40.0,57902.0,0.42,warning,"Unregistered object (mouse) appeared at S01 at 03:25, not present during calibration",,
evt_1498,sess_20260823_073349,S01,1,205.0,205.0,2460,2460,object_unregistered,40.0,57942.0,0.38,warning,"Unregistered object (mouse) appeared at S01 at 03:25, not present during calibration",,
evt_1499,sess_20260823_073349,S01,1,205.17,205.17,2462,2462,object_unregistered,40.0,57981.8,0.6,warning,"Unregistered object (bottle) appeared at S01 at 03:25, not present during calibration",,
evt_1500,sess_20260823_073349,S01,1,205.17,205.17,2462,2462,object_unregistered,40.0,58021.8,0.43,warning,"Unregistered object (mouse) appeared at S01 at 03:25, not present during calibration",,
evt_1501,sess_20260823_073349,S01,1,205.17,205.17,2462,2462,object_unregistered,40.0,58061.8,0.38,warning,"Unregistered object (mouse) appeared at S01 at 03:25, not present during calibration",,
evt_1502,sess_20260823_073349,S01,1,205.33,205.33,2464,2464,object_unregistered,40.0,58101.5,0.6,warning,"Unregistered object (bottle) appeared at S01 at 03:25, not present during calibration",,
evt_1503,sess_20260823_073349,S01,1,205.33,205.33,2464,2464,object_unregistered,40.0,58141.5,0.42,warning,"Unregistered object (mouse) appeared at S01 at 03:25, not present during calibration",,
evt_1504,sess_20260823_073349,S01,1,205.33,205.33,2464,2464,object_unregistered,40.0,58181.5,0.37,warning,"Unregistered object (mouse) appeared at S01 at 03:25, not present during calibration",,
evt_1505,sess_20260823_073349,S01,1,205.5,205.5,2466,2466,object_unregistered,40.0,58221.2,0.6,warning,"Unregistered object (bottle) appeared at S01 at 03:25, not present during calibration",,
evt_1506,sess_20260823_073349,S01,1,205.5,205.5,2466,2466,object_unregistered,40.0,58261.2,0.37,warning,"Unregistered object (mouse) appeared at S01 at 03:25, not present during calibration",,
evt_1507,sess_20260823_073349,S01,1,205.5,205.5,2466,2466,object_unregistered,40.0,58301.2,0.36,warning,"Unregistered object (mouse) appeared at S01 at 03:25, not present during calibration",,
evt_1508,sess_20260823_073349,S01,1,205.67,205.67,2468,2468,object_unregistered,40.0,58341.0,0.6,warning,"Unregistered object (bottle) appeared at S01 at 03:25, not present during calibration",,
evt_1509,sess_20260823_073349,S01,1,205.67,205.67,2468,2468,object_unregistered,40.0,58381.0,0.41,warning,"Unregistered object (mouse) appeared at S01 at 03:25, not present during calibration",,
evt_1510,sess_20260823_073349,S01,1,205.67,205.67,2468,2468,object_unregistered,40.0,58421.0,0.38,warning,"Unregistered object (mouse) appeared at S01 at 03:25, not present during calibration",,
evt_1511,sess_20260823_073349,S01,1,205.83,205.83,2470,2470,object_unregistered,40.0,58460.8,0.6,warning,"Unregistered object (bottle) appeared at S01 at 03:25, not present during calibration",,
evt_1512,sess_20260823_073349,S01,1,205.83,205.83,2470,2470,object_unregistered,40.0,58500.8,0.41,warning,"Unregistered object (mouse) appeared at S01 at 03:25, not present during calibration",,
evt_1513,sess_20260823_073349,S01,1,205.83,205.83,2470,2470,object_unregistered,40.0,58540.8,0.37,warning,"Unregistered object (mouse) appeared at S01 at 03:25, not present during calibration",,
evt_1514,sess_20260823_073349,S01,1,206.0,206.0,2472,2472,object_unregistered,40.0,58580.5,0.6,warning,"Unregistered object (bottle) appeared at S01 at 03:26, not present during calibration",,
evt_1515,sess_20260823_073349,S01,1,206.0,206.0,2472,2472,object_unregistered,40.0,58620.5,0.41,warning,"Unregistered object (mouse) appeared at S01 at 03:26, not present during calibration",,
evt_1516,sess_20260823_073349,S01,1,206.0,206.0,2472,2472,object_unregistered,40.0,58660.5,0.38,warning,"Unregistered object (mouse) appeared at S01 at 03:26, not present during calibration",,
evt_1517,sess_20260823_073349,S01,1,206.17,206.17,2474,2474,object_unregistered,40.0,58700.2,0.6,warning,"Unregistered object (bottle) appeared at S01 at 03:26, not present during calibration",,
evt_1518,sess_20260823_073349,S01,1,206.17,206.17,2474,2474,object_unregistered,40.0,58740.2,0.37,warning,"Unregistered object (mouse) appeared at S01 at 03:26, not present during calibration",,
evt_1519,sess_20260823_073349,S01,1,206.17,206.17,2474,2474,object_unregistered,40.0,58780.2,0.35,warning,"Unregistered object (mouse) appeared at S01 at 03:26, not present during calibration",,
evt_1520,sess_20260823_073349,S01,1,206.33,206.33,2476,2476,object_unregistered,40.0,58820.0,0.6,warning,"Unregistered object (bottle) appeared at S01 at 03:26, not present during calibration",,
evt_1521,sess_20260823_073349,S01,1,206.33,206.33,2476,2476,object_unregistered,40.0,58860.0,0.37,warning,"Unregistered object (mouse) appeared at S01 at 03:26, not present during calibration",,
evt_1522,sess_20260823_073349,S01,1,206.5,206.5,2478,2478,object_unregistered,40.0,58899.8,0.59,warning,"Unregistered object (bottle) appeared at S01 at 03:26, not present during calibration",,
evt_1523,sess_20260823_073349,S01,1,206.5,206.5,2478,2478,object_unregistered,40.0,58939.8,0.37,warning,"Unregistered object (mouse) appeared at S01 at 03:26, not present during calibration",,
evt_1524,sess_20260823_073349,S01,1,206.67,206.67,2480,2480,object_unregistered,40.0,58979.5,0.6,warning,"Unregistered object (bottle) appeared at S01 at 03:26, not present during calibration",,
evt_1525,sess_20260823_073349,S01,1,206.67,206.67,2480,2480,object_unregistered,40.0,59019.5,0.37,warning,"Unregistered object (mouse) appeared at S01 at 03:26, not present during calibration",,
evt_1526,sess_20260823_073349,S01,1,206.83,206.83,2482,2482,object_unregistered,40.0,59059.2,0.6,warning,"Unregistered object (bottle) appeared at S01 at 03:26, not present during calibration",,
evt_1527,sess_20260823_073349,S01,1,206.83,206.83,2482,2482,object_unregistered,40.0,59099.2,0.39,warning,"Unregistered object (mouse) appeared at S01 at 03:26, not present during calibration",,
evt_1528,sess_20260823_073349,S01,1,207.0,207.0,2484,2484,object_unregistered,40.0,59139.0,0.59,warning,"Unregistered object (bottle) appeared at S01 at 03:27, not present during calibration",,
evt_1529,sess_20260823_073349,S01,1,207.0,207.0,2484,2484,object_unregistered,40.0,59179.0,0.39,warning,"Unregistered object (mouse) appeared at S01 at 03:27, not present during calibration",,
evt_1530,sess_20260823_073349,S01,1,207.17,207.17,2486,2486,object_unregistered,40.0,59218.8,0.6,warning,"Unregistered object (bottle) appeared at S01 at 03:27, not present during calibration",,
evt_1531,sess_20260823_073349,S01,1,207.17,207.17,2486,2486,object_unregistered,40.0,59258.8,0.4,warning,"Unregistered object (mouse) appeared at S01 at 03:27, not present during calibration",,
evt_1532,sess_20260823_073349,S01,1,207.33,207.33,2488,2488,object_unregistered,40.0,59298.5,0.6,warning,"Unregistered object (bottle) appeared at S01 at 03:27, not present during calibration",,
evt_1533,sess_20260823_073349,S01,1,207.33,207.33,2488,2488,object_unregistered,40.0,59338.5,0.41,warning,"Unregistered object (mouse) appeared at S01 at 03:27, not present during calibration",,
evt_1534,sess_20260823_073349,S01,1,207.5,207.5,2490,2490,object_unregistered,40.0,59378.2,0.6,warning,"Unregistered object (bottle) appeared at S01 at 03:27, not present during calibration",,
evt_1535,sess_20260823_073349,S01,1,207.5,207.5,2490,2490,object_unregistered,40.0,59418.2,0.41,warning,"Unregistered object (mouse) appeared at S01 at 03:27, not present during calibration",,
evt_1536,sess_20260823_073349,S01,1,207.67,207.67,2492,2492,object_unregistered,40.0,59458.0,0.6,warning,"Unregistered object (bottle) appeared at S01 at 03:27, not present during calibration",,
evt_1537,sess_20260823_073349,S01,1,207.67,207.67,2492,2492,object_unregistered,40.0,59498.0,0.42,warning,"Unregistered object (mouse) appeared at S01 at 03:27, not present during calibration",,
evt_1538,sess_20260823_073349,S01,1,207.83,207.83,2494,2494,object_unregistered,40.0,59537.8,0.6,warning,"Unregistered object (bottle) appeared at S01 at 03:27, not present during calibration",,
evt_1539,sess_20260823_073349,S01,1,207.83,207.83,2494,2494,object_unregistered,40.0,59577.8,0.42,warning,"Unregistered object (mouse) appeared at S01 at 03:27, not present during calibration",,
evt_1540,sess_20260823_073349,S01,1,208.0,208.0,2496,2496,object_unregistered,40.0,59617.5,0.59,warning,"Unregistered object (bottle) appeared at S01 at 03:28, not present during calibration",,
evt_1541,sess_20260823_073349,S01,1,208.0,208.0,2496,2496,object_unregistered,40.0,59657.5,0.41,warning,"Unregistered object (mouse) appeared at S01 at 03:28, not present during calibration",,
evt_1542,sess_20260823_073349,S01,1,208.17,208.17,2498,2498,object_unregistered,40.0,59697.2,0.6,warning,"Unregistered object (bottle) appeared at S01 at 03:28, not present during calibration",,
evt_1543,sess_20260823_073349,S01,1,208.17,208.17,2498,2498,object_unregistered,40.0,59737.2,0.41,warning,"Unregistered object (mouse) appeared at S01 at 03:28, not present during calibration",,
evt_1544,sess_20260823_073349,S01,1,208.33,208.33,2500,2500,object_unregistered,40.0,59777.0,0.59,warning,"Unregistered object (bottle) appeared at S01 at 03:28, not present during calibration",,
evt_1545,sess_20260823_073349,S01,1,208.33,208.33,2500,2500,object_unregistered,40.0,59817.0,0.35,warning,"Unregistered object (mouse) appeared at S01 at 03:28, not present during calibration",,
evt_1546,sess_20260823_073349,S01,1,208.5,208.5,2502,2502,object_unregistered,40.0,59856.8,0.59,warning,"Unregistered object (bottle) appeared at S01 at 03:28, not present during calibration",,
evt_1547,sess_20260823_073349,S01,1,208.5,208.5,2502,2502,object_unregistered,40.0,59896.8,0.35,warning,"Unregistered object (mouse) appeared at S01 at 03:28, not present during calibration",,
evt_1548,sess_20260823_073349,S01,1,208.5,208.5,2502,2502,object_unregistered,40.0,59936.8,0.31,warning,"Unregistered object (mouse) appeared at S01 at 03:28, not present during calibration",,
evt_1549,sess_20260823_073349,S01,1,208.5,208.5,2502,2502,object_phone,100.0,60036.8,0.36,critical,"Prohibited mobile phone detected at S01 (near left wrist, conf 0.36)",/api/clips/evt_1549,/api/thumbs/evt_1549
evt_1550,sess_20260823_073349,S01,1,208.67,208.67,2504,2504,object_unregistered,40.0,60076.5,0.59,warning,"Unregistered object (bottle) appeared at S01 at 03:28, not present during calibration",,
evt_1551,sess_20260823_073349,S01,1,208.67,208.67,2504,2504,object_unregistered,40.0,60116.5,0.34,warning,"Unregistered object (mouse) appeared at S01 at 03:28, not present during calibration",,
evt_1552,sess_20260823_073349,S01,1,208.67,208.67,2504,2504,object_phone,100.0,60216.5,0.38,critical,"Prohibited mobile phone detected at S01 (near left wrist, conf 0.38)",,
evt_1553,sess_20260823_073349,S01,1,208.67,208.67,2504,2504,object_unregistered,40.0,60256.5,0.3,warning,"Unregistered object (mouse) appeared at S01 at 03:28, not present during calibration",,
evt_1554,sess_20260823_073349,S01,1,208.83,208.83,2506,2506,object_unregistered,40.0,60296.2,0.6,warning,"Unregistered object (bottle) appeared at S01 at 03:28, not present during calibration",,
evt_1555,sess_20260823_073349,S01,1,208.83,208.83,2506,2506,object_unregistered,40.0,60336.2,0.39,warning,"Unregistered object (mouse) appeared at S01 at 03:28, not present during calibration",,
evt_1556,sess_20260823_073349,S01,1,208.83,208.83,2506,2506,object_unregistered,40.0,60376.2,0.37,warning,"Unregistered object (mouse) appeared at S01 at 03:28, not present during calibration",,
evt_1557,sess_20260823_073349,S01,1,208.83,208.83,2506,2506,object_phone,100.0,60476.2,0.36,critical,"Prohibited mobile phone detected at S01 (near left wrist, conf 0.36)",,
evt_1558,sess_20260823_073349,S01,1,209.0,209.0,2508,2508,object_unregistered,40.0,60516.0,0.6,warning,"Unregistered object (bottle) appeared at S01 at 03:29, not present during calibration",,
evt_1559,sess_20260823_073349,S01,1,209.0,209.0,2508,2508,object_unregistered,40.0,60556.0,0.4,warning,"Unregistered object (mouse) appeared at S01 at 03:29, not present during calibration",,
evt_1560,sess_20260823_073349,S01,1,209.0,209.0,2508,2508,object_unregistered,40.0,60596.0,0.37,warning,"Unregistered object (mouse) appeared at S01 at 03:29, not present during calibration",,
evt_1561,sess_20260823_073349,S01,1,209.0,209.0,2508,2508,object_phone,100.0,60696.0,0.37,critical,"Prohibited mobile phone detected at S01 (near left wrist, conf 0.37)",,
evt_1562,sess_20260823_073349,S01,1,209.17,209.17,2510,2510,object_unregistered,40.0,60735.8,0.6,warning,"Unregistered object (bottle) appeared at S01 at 03:29, not present during calibration",,
evt_1563,sess_20260823_073349,S01,1,209.17,209.17,2510,2510,object_unregistered,40.0,60775.8,0.44,warning,"Unregistered object (mouse) appeared at S01 at 03:29, not present during calibration",,
evt_1564,sess_20260823_073349,S01,1,209.17,209.17,2510,2510,object_unregistered,40.0,60815.8,0.38,warning,"Unregistered object (mouse) appeared at S01 at 03:29, not present during calibration",,
evt_1565,sess_20260823_073349,S01,1,209.33,209.33,2512,2512,object_unregistered,40.0,60855.5,0.6,warning,"Unregistered object (bottle) appeared at S01 at 03:29, not present during calibration",,
evt_1566,sess_20260823_073349,S01,1,209.33,209.33,2512,2512,object_unregistered,40.0,60895.5,0.36,warning,"Unregistered object (mouse) appeared at S01 at 03:29, not present during calibration",,
evt_1567,sess_20260823_073349,S01,1,209.33,209.33,2512,2512,object_unregistered,40.0,60935.5,0.33,warning,"Unregistered object (mouse) appeared at S01 at 03:29, not present during calibration",,
evt_1568,sess_20260823_073349,S01,1,209.5,209.5,2514,2514,object_unregistered,40.0,60975.2,0.6,warning,"Unregistered object (bottle) appeared at S01 at 03:29, not present during calibration",,
evt_1569,sess_20260823_073349,S01,1,209.5,209.5,2514,2514,object_unregistered,40.0,61015.2,0.35,warning,"Unregistered object (mouse) appeared at S01 at 03:29, not present during calibration",,
evt_1570,sess_20260823_073349,S01,1,209.67,209.67,2516,2516,object_unregistered,40.0,61055.0,0.61,warning,"Unregistered object (bottle) appeared at S01 at 03:29, not present during calibration",,
evt_1571,sess_20260823_073349,S01,1,209.67,209.67,2516,2516,object_unregistered,40.0,61095.0,0.35,warning,"Unregistered object (mouse) appeared at S01 at 03:29, not present during calibration",,
evt_1572,sess_20260823_073349,S01,1,209.83,209.83,2518,2518,object_unregistered,40.0,61134.8,0.61,warning,"Unregistered object (bottle) appeared at S01 at 03:29, not present during calibration",,
evt_1573,sess_20260823_073349,S01,1,209.83,209.83,2518,2518,object_unregistered,40.0,61174.8,0.36,warning,"Unregistered object (mouse) appeared at S01 at 03:29, not present during calibration",,
evt_1574,sess_20260823_073349,S01,1,210.0,210.0,2520,2520,object_unregistered,40.0,61214.5,0.6,warning,"Unregistered object (bottle) appeared at S01 at 03:30, not present during calibration",,
evt_1575,sess_20260823_073349,S01,1,210.0,210.0,2520,2520,object_unregistered,40.0,61254.5,0.36,warning,"Unregistered object (mouse) appeared at S01 at 03:30, not present during calibration",,
evt_1576,sess_20260823_073349,S01,1,210.17,210.17,2522,2522,object_unregistered,40.0,61294.2,0.6,warning,"Unregistered object (bottle) appeared at S01 at 03:30, not present during calibration",,
evt_1577,sess_20260823_073349,S01,1,210.17,210.17,2522,2522,object_unregistered,40.0,61334.2,0.36,warning,"Unregistered object (mouse) appeared at S01 at 03:30, not present during calibration",,
evt_1578,sess_20260823_073349,S01,1,210.33,210.33,2524,2524,object_unregistered,40.0,61374.0,0.61,warning,"Unregistered object (bottle) appeared at S01 at 03:30, not present during calibration",,
evt_1579,sess_20260823_073349,S01,1,210.33,210.33,2524,2524,object_unregistered,40.0,61414.0,0.36,warning,"Unregistered object (mouse) appeared at S01 at 03:30, not present during calibration",,
evt_1580,sess_20260823_073349,S01,1,210.5,210.5,2526,2526,object_unregistered,40.0,61453.8,0.6,warning,"Unregistered object (bottle) appeared at S01 at 03:30, not present during calibration",,
evt_1581,sess_20260823_073349,S01,1,210.5,210.5,2526,2526,object_unregistered,40.0,61493.8,0.35,warning,"Unregistered object (mouse) appeared at S01 at 03:30, not present during calibration",,
evt_1582,sess_20260823_073349,S01,1,210.67,210.67,2528,2528,object_unregistered,40.0,61533.5,0.61,warning,"Unregistered object (bottle) appeared at S01 at 03:30, not present during calibration",,
evt_1583,sess_20260823_073349,S01,1,210.67,210.67,2528,2528,object_unregistered,40.0,61573.5,0.36,warning,"Unregistered object (mouse) appeared at S01 at 03:30, not present during calibration",,
evt_1584,sess_20260823_073349,S01,1,210.83,210.83,2530,2530,object_unregistered,40.0,61613.2,0.61,warning,"Unregistered object (bottle) appeared at S01 at 03:30, not present during calibration",,
evt_1585,sess_20260823_073349,S01,1,210.83,210.83,2530,2530,object_unregistered,40.0,61653.2,0.36,warning,"Unregistered object (mouse) appeared at S01 at 03:30, not present during calibration",,
evt_1586,sess_20260823_073349,S01,1,211.0,211.0,2532,2532,object_unregistered,40.0,61693.0,0.61,warning,"Unregistered object (bottle) appeared at S01 at 03:31, not present during calibration",,
evt_1587,sess_20260823_073349,S01,1,211.0,211.0,2532,2532,object_unregistered,40.0,61733.0,0.34,warning,"Unregistered object (mouse) appeared at S01 at 03:31, not present during calibration",,
evt_1588,sess_20260823_073349,S01,1,211.17,211.17,2534,2534,object_unregistered,40.0,61772.8,0.61,warning,"Unregistered object (bottle) appeared at S01 at 03:31, not present during calibration",,
evt_1589,sess_20260823_073349,S01,1,211.17,211.17,2534,2534,object_unregistered,40.0,61812.8,0.33,warning,"Unregistered object (mouse) appeared at S01 at 03:31, not present during calibration",,
evt_1590,sess_20260823_073349,S01,1,211.33,211.33,2536,2536,object_unregistered,40.0,61852.5,0.6,warning,"Unregistered object (bottle) appeared at S01 at 03:31, not present during calibration",,
evt_1591,sess_20260823_073349,S01,1,211.33,211.33,2536,2536,object_unregistered,40.0,61892.5,0.33,warning,"Unregistered object (mouse) appeared at S01 at 03:31, not present during calibration",,
evt_1592,sess_20260823_073349,S01,1,211.5,211.5,2538,2538,object_unregistered,40.0,61932.2,0.61,warning,"Unregistered object (bottle) appeared at S01 at 03:31, not present during calibration",,
evt_1593,sess_20260823_073349,S01,1,211.5,211.5,2538,2538,object_unregistered,40.0,61972.2,0.34,warning,"Unregistered object (mouse) appeared at S01 at 03:31, not present during calibration",,
evt_1594,sess_20260823_073349,S01,1,211.67,211.67,2540,2540,object_unregistered,40.0,62012.0,0.6,warning,"Unregistered object (bottle) appeared at S01 at 03:31, not present during calibration",,
evt_1595,sess_20260823_073349,S01,1,211.67,211.67,2540,2540,object_unregistered,40.0,62052.0,0.33,warning,"Unregistered object (mouse) appeared at S01 at 03:31, not present during calibration",,
evt_1596,sess_20260823_073349,S01,1,211.83,211.83,2542,2542,object_unregistered,40.0,62091.8,0.6,warning,"Unregistered object (bottle) appeared at S01 at 03:31, not present during calibration",,
evt_1597,sess_20260823_073349,S01,1,211.83,211.83,2542,2542,object_unregistered,40.0,62131.8,0.34,warning,"Unregistered object (mouse) appeared at S01 at 03:31, not present during calibration",,
evt_1598,sess_20260823_073349,S01,1,212.0,212.0,2544,2544,object_unregistered,40.0,62171.5,0.6,warning,"Unregistered object (bottle) appeared at S01 at 03:32, not present during calibration",,
evt_1599,sess_20260823_073349,S01,1,212.0,212.0,2544,2544,object_unregistered,40.0,62211.5,0.34,warning,"Unregistered object (mouse) appeared at S01 at 03:32, not present during calibration",,
evt_1600,sess_20260823_073349,S01,1,212.17,212.17,2546,2546,object_unregistered,40.0,62251.2,0.6,warning,"Unregistered object (bottle) appeared at S01 at 03:32, not present during calibration",,
evt_1601,sess_20260823_073349,S01,1,212.17,212.17,2546,2546,object_unregistered,40.0,62291.2,0.33,warning,"Unregistered object (mouse) appeared at S01 at 03:32, not present during calibration",,
evt_1602,sess_20260823_073349,S01,1,212.33,212.33,2548,2548,object_unregistered,40.0,62331.0,0.6,warning,"Unregistered object (bottle) appeared at S01 at 03:32, not present during calibration",,
evt_1603,sess_20260823_073349,S01,1,212.33,212.33,2548,2548,object_unregistered,40.0,62371.0,0.34,warning,"Unregistered object (mouse) appeared at S01 at 03:32, not present during calibration",,
evt_1604,sess_20260823_073349,S01,1,212.5,212.5,2550,2550,object_unregistered,40.0,62410.8,0.6,warning,"Unregistered object (bottle) appeared at S01 at 03:32, not present during calibration",,
evt_1605,sess_20260823_073349,S01,1,212.5,212.5,2550,2550,object_unregistered,40.0,62450.8,0.33,warning,"Unregistered object (mouse) appeared at S01 at 03:32, not present during calibration",,
evt_1606,sess_20260823_073349,S01,1,212.67,212.67,2552,2552,object_unregistered,40.0,62490.5,0.59,warning,"Unregistered object (bottle) appeared at S01 at 03:32, not present during calibration",,
evt_1607,sess_20260823_073349,S01,1,212.67,212.67,2552,2552,object_unregistered,40.0,62530.5,0.34,warning,"Unregistered object (mouse) appeared at S01 at 03:32, not present during calibration",,
evt_1608,sess_20260823_073349,S01,1,212.83,212.83,2554,2554,object_unregistered,40.0,62570.2,0.59,warning,"Unregistered object (bottle) appeared at S01 at 03:32, not present during calibration",,
evt_1609,sess_20260823_073349,S01,1,212.83,212.83,2554,2554,object_unregistered,40.0,62610.2,0.36,warning,"Unregistered object (mouse) appeared at S01 at 03:32, not present during calibration",,
evt_1610,sess_20260823_073349,S01,1,212.83,212.83,2554,2554,object_unregistered,40.0,62650.2,0.31,warning,"Unregistered object (mouse) appeared at S01 at 03:32, not present during calibration",,
evt_1611,sess_20260823_073349,S01,1,213.0,213.0,2556,2556,object_unregistered,40.0,62690.0,0.59,warning,"Unregistered object (bottle) appeared at S01 at 03:33, not present during calibration",,
evt_1612,sess_20260823_073349,S01,1,213.0,213.0,2556,2556,object_unregistered,40.0,62730.0,0.36,warning,"Unregistered object (mouse) appeared at S01 at 03:33, not present during calibration",,
evt_1613,sess_20260823_073349,S01,1,213.0,213.0,2556,2556,object_unregistered,40.0,62770.0,0.31,warning,"Unregistered object (mouse) appeared at S01 at 03:33, not present during calibration",,
evt_1614,sess_20260823_073349,S01,1,213.17,213.17,2558,2558,object_unregistered,40.0,62809.8,0.6,warning,"Unregistered object (bottle) appeared at S01 at 03:33, not present during calibration",,
evt_1615,sess_20260823_073349,S01,1,213.17,213.17,2558,2558,object_unregistered,40.0,62849.8,0.35,warning,"Unregistered object (mouse) appeared at S01 at 03:33, not present during calibration",,
evt_1616,sess_20260823_073349,S01,1,213.17,213.17,2558,2558,object_unregistered,40.0,62889.8,0.31,warning,"Unregistered object (mouse) appeared at S01 at 03:33, not present during calibration",,
evt_1617,sess_20260823_073349,S01,1,213.33,213.33,2560,2560,object_unregistered,40.0,62929.5,0.6,warning,"Unregistered object (bottle) appeared at S01 at 03:33, not present during calibration",,
evt_1618,sess_20260823_073349,S01,1,213.33,213.33,2560,2560,object_unregistered,40.0,62969.5,0.35,warning,"Unregistered object (mouse) appeared at S01 at 03:33, not present during calibration",,
evt_1619,sess_20260823_073349,S01,1,213.5,213.5,2562,2562,object_unregistered,40.0,63009.2,0.6,warning,"Unregistered object (bottle) appeared at S01 at 03:33, not present during calibration",,
evt_1620,sess_20260823_073349,S01,1,213.5,213.5,2562,2562,object_unregistered,40.0,63049.2,0.36,warning,"Unregistered object (mouse) appeared at S01 at 03:33, not present during calibration",,
evt_1621,sess_20260823_073349,S01,1,213.67,213.67,2564,2564,object_unregistered,40.0,63089.0,0.6,warning,"Unregistered object (bottle) appeared at S01 at 03:33, not present during calibration",,
evt_1622,sess_20260823_073349,S01,1,213.67,213.67,2564,2564,object_unregistered,40.0,63129.0,0.35,warning,"Unregistered object (mouse) appeared at S01 at 03:33, not present during calibration",,
evt_1623,sess_20260823_073349,S01,1,213.67,213.67,2564,2564,object_unregistered,40.0,63169.0,0.3,warning,"Unregistered object (mouse) appeared at S01 at 03:33, not present during calibration",,
evt_1624,sess_20260823_073349,S01,1,213.83,213.83,2566,2566,object_unregistered,40.0,63208.8,0.6,warning,"Unregistered object (bottle) appeared at S01 at 03:33, not present during calibration",,
evt_1625,sess_20260823_073349,S01,1,213.83,213.83,2566,2566,object_unregistered,40.0,63248.8,0.35,warning,"Unregistered object (mouse) appeared at S01 at 03:33, not present during calibration",,
evt_1626,sess_20260823_073349,S01,1,213.83,213.83,2566,2566,object_unregistered,40.0,63288.8,0.3,warning,"Unregistered object (mouse) appeared at S01 at 03:33, not present during calibration",,
evt_1627,sess_20260823_073349,S01,1,214.0,214.0,2568,2568,object_unregistered,40.0,63328.5,0.6,warning,"Unregistered object (bottle) appeared at S01 at 03:34, not present during calibration",,
evt_1628,sess_20260823_073349,S01,1,214.0,214.0,2568,2568,object_unregistered,40.0,63368.5,0.36,warning,"Unregistered object (mouse) appeared at S01 at 03:34, not present during calibration",,
evt_1629,sess_20260823_073349,S01,1,214.0,214.0,2568,2568,object_unregistered,40.0,63408.5,0.32,warning,"Unregistered object (mouse) appeared at S01 at 03:34, not present during calibration",,
evt_1630,sess_20260823_073349,S01,1,214.17,214.17,2570,2570,object_unregistered,40.0,63448.2,0.6,warning,"Unregistered object (bottle) appeared at S01 at 03:34, not present during calibration",,
evt_1631,sess_20260823_073349,S01,1,214.17,214.17,2570,2570,object_unregistered,40.0,63488.2,0.36,warning,"Unregistered object (mouse) appeared at S01 at 03:34, not present during calibration",,
evt_1632,sess_20260823_073349,S01,1,214.17,214.17,2570,2570,object_unregistered,40.0,63528.2,0.32,warning,"Unregistered object (mouse) appeared at S01 at 03:34, not present during calibration",,
evt_1633,sess_20260823_073349,S01,1,214.33,214.33,2572,2572,object_unregistered,40.0,63568.0,0.6,warning,"Unregistered object (bottle) appeared at S01 at 03:34, not present during calibration",,
evt_1634,sess_20260823_073349,S01,1,214.33,214.33,2572,2572,object_unregistered,40.0,63608.0,0.36,warning,"Unregistered object (mouse) appeared at S01 at 03:34, not present during calibration",,
evt_1635,sess_20260823_073349,S01,1,214.33,214.33,2572,2572,object_unregistered,40.0,63648.0,0.32,warning,"Unregistered object (mouse) appeared at S01 at 03:34, not present during calibration",,
evt_1636,sess_20260823_073349,S01,1,214.5,214.5,2574,2574,object_unregistered,40.0,63687.8,0.6,warning,"Unregistered object (bottle) appeared at S01 at 03:34, not present during calibration",,
evt_1637,sess_20260823_073349,S01,1,214.5,214.5,2574,2574,object_unregistered,40.0,63727.8,0.36,warning,"Unregistered object (mouse) appeared at S01 at 03:34, not present during calibration",,
evt_1638,sess_20260823_073349,S01,1,214.5,214.5,2574,2574,object_unregistered,40.0,63767.8,0.31,warning,"Unregistered object (mouse) appeared at S01 at 03:34, not present during calibration",,
evt_1639,sess_20260823_073349,S01,1,214.67,214.67,2576,2576,object_unregistered,40.0,63807.5,0.6,warning,"Unregistered object (bottle) appeared at S01 at 03:34, not present during calibration",,
evt_1640,sess_20260823_073349,S01,1,214.67,214.67,2576,2576,object_unregistered,40.0,63847.5,0.36,warning,"Unregistered object (mouse) appeared at S01 at 03:34, not present during calibration",,
evt_1641,sess_20260823_073349,S01,1,214.67,214.67,2576,2576,object_unregistered,40.0,63887.5,0.32,warning,"Unregistered object (mouse) appeared at S01 at 03:34, not present during calibration",,
evt_1642,sess_20260823_073349,S01,1,214.83,214.83,2578,2578,object_unregistered,40.0,63927.2,0.6,warning,"Unregistered object (bottle) appeared at S01 at 03:34, not present during calibration",,
evt_1643,sess_20260823_073349,S01,1,214.83,214.83,2578,2578,object_unregistered,40.0,63967.2,0.36,warning,"Unregistered object (mouse) appeared at S01 at 03:34, not present during calibration",,
evt_1644,sess_20260823_073349,S01,1,214.83,214.83,2578,2578,object_unregistered,40.0,64007.2,0.32,warning,"Unregistered object (mouse) appeared at S01 at 03:34, not present during calibration",,
evt_1645,sess_20260823_073349,S01,1,215.0,215.0,2580,2580,object_unregistered,40.0,64047.0,0.6,warning,"Unregistered object (bottle) appeared at S01 at 03:35, not present during calibration",,
evt_1646,sess_20260823_073349,S01,1,215.0,215.0,2580,2580,object_unregistered,40.0,64087.0,0.36,warning,"Unregistered object (mouse) appeared at S01 at 03:35, not present during calibration",,
evt_1647,sess_20260823_073349,S01,1,215.0,215.0,2580,2580,object_unregistered,40.0,64127.0,0.32,warning,"Unregistered object (mouse) appeared at S01 at 03:35, not present during calibration",,
evt_1648,sess_20260823_073349,S01,1,215.17,215.17,2582,2582,object_unregistered,40.0,64166.8,0.6,warning,"Unregistered object (bottle) appeared at S01 at 03:35, not present during calibration",,
evt_1649,sess_20260823_073349,S01,1,215.17,215.17,2582,2582,object_unregistered,40.0,64206.8,0.36,warning,"Unregistered object (mouse) appeared at S01 at 03:35, not present during calibration",,
evt_1650,sess_20260823_073349,S01,1,215.17,215.17,2582,2582,object_unregistered,40.0,64246.8,0.33,warning,"Unregistered object (mouse) appeared at S01 at 03:35, not present during calibration",,
evt_1651,sess_20260823_073349,S01,1,215.33,215.33,2584,2584,object_unregistered,40.0,64286.5,0.6,warning,"Unregistered object (bottle) appeared at S01 at 03:35, not present during calibration",,
evt_1652,sess_20260823_073349,S01,1,215.33,215.33,2584,2584,object_unregistered,40.0,64326.5,0.36,warning,"Unregistered object (mouse) appeared at S01 at 03:35, not present during calibration",,
evt_1653,sess_20260823_073349,S01,1,215.33,215.33,2584,2584,object_unregistered,40.0,64366.5,0.33,warning,"Unregistered object (mouse) appeared at S01 at 03:35, not present during calibration",,
evt_1654,sess_20260823_073349,S01,1,215.5,215.5,2586,2586,object_unregistered,40.0,64406.2,0.6,warning,"Unregistered object (bottle) appeared at S01 at 03:35, not present during calibration",,
evt_1655,sess_20260823_073349,S01,1,215.5,215.5,2586,2586,object_unregistered,40.0,64446.2,0.36,warning,"Unregistered object (mouse) appeared at S01 at 03:35, not present during calibration",,
evt_1656,sess_20260823_073349,S01,1,215.5,215.5,2586,2586,object_unregistered,40.0,64486.2,0.33,warning,"Unregistered object (mouse) appeared at S01 at 03:35, not present during calibration",,
evt_1657,sess_20260823_073349,S01,1,215.67,215.67,2588,2588,object_unregistered,40.0,64526.0,0.6,warning,"Unregistered object (bottle) appeared at S01 at 03:35, not present during calibration",,
evt_1658,sess_20260823_073349,S01,1,215.67,215.67,2588,2588,object_unregistered,40.0,64566.0,0.35,warning,"Unregistered object (mouse) appeared at S01 at 03:35, not present during calibration",,
evt_1659,sess_20260823_073349,S01,1,215.67,215.67,2588,2588,object_unregistered,40.0,64606.0,0.34,warning,"Unregistered object (mouse) appeared at S01 at 03:35, not present during calibration",,
evt_1660,sess_20260823_073349,S01,1,215.83,215.83,2590,2590,object_unregistered,40.0,64645.8,0.6,warning,"Unregistered object (bottle) appeared at S01 at 03:35, not present during calibration",,
evt_1661,sess_20260823_073349,S01,1,215.83,215.83,2590,2590,object_unregistered,40.0,64685.8,0.36,warning,"Unregistered object (mouse) appeared at S01 at 03:35, not present during calibration",,
evt_1662,sess_20260823_073349,S01,1,215.83,215.83,2590,2590,object_unregistered,40.0,64725.8,0.33,warning,"Unregistered object (mouse) appeared at S01 at 03:35, not present during calibration",,
evt_1663,sess_20260823_073349,S01,1,216.0,216.0,2592,2592,object_unregistered,40.0,64765.5,0.6,warning,"Unregistered object (bottle) appeared at S01 at 03:36, not present during calibration",,
evt_1664,sess_20260823_073349,S01,1,216.0,216.0,2592,2592,object_unregistered,40.0,64805.5,0.37,warning,"Unregistered object (mouse) appeared at S01 at 03:36, not present during calibration",,
evt_1665,sess_20260823_073349,S01,1,216.0,216.0,2592,2592,object_unregistered,40.0,64845.5,0.33,warning,"Unregistered object (mouse) appeared at S01 at 03:36, not present during calibration",,
evt_1666,sess_20260823_073349,S01,1,216.17,216.17,2594,2594,object_unregistered,40.0,64885.2,0.6,warning,"Unregistered object (bottle) appeared at S01 at 03:36, not present during calibration",,
evt_1667,sess_20260823_073349,S01,1,216.17,216.17,2594,2594,object_unregistered,40.0,64925.2,0.37,warning,"Unregistered object (mouse) appeared at S01 at 03:36, not present during calibration",,
evt_1668,sess_20260823_073349,S01,1,216.17,216.17,2594,2594,object_unregistered,40.0,64965.2,0.33,warning,"Unregistered object (mouse) appeared at S01 at 03:36, not present during calibration",,
evt_1669,sess_20260823_073349,S01,1,216.33,216.33,2596,2596,object_unregistered,40.0,65005.0,0.6,warning,"Unregistered object (bottle) appeared at S01 at 03:36, not present during calibration",,
evt_1670,sess_20260823_073349,S01,1,216.33,216.33,2596,2596,object_unregistered,40.0,65045.0,0.37,warning,"Unregistered object (mouse) appeared at S01 at 03:36, not present during calibration",,
evt_1671,sess_20260823_073349,S01,1,216.33,216.33,2596,2596,object_unregistered,40.0,65085.0,0.33,warning,"Unregistered object (mouse) appeared at S01 at 03:36, not present during calibration",,
evt_1672,sess_20260823_073349,S01,1,216.5,216.5,2598,2598,object_unregistered,40.0,65124.8,0.6,warning,"Unregistered object (bottle) appeared at S01 at 03:36, not present during calibration",,
evt_1673,sess_20260823_073349,S01,1,216.5,216.5,2598,2598,object_unregistered,40.0,65164.8,0.38,warning,"Unregistered object (mouse) appeared at S01 at 03:36, not present during calibration",,
evt_1674,sess_20260823_073349,S01,1,216.5,216.5,2598,2598,object_unregistered,40.0,65204.8,0.33,warning,"Unregistered object (mouse) appeared at S01 at 03:36, not present during calibration",,
evt_1675,sess_20260823_073349,S01,1,216.67,216.67,2600,2600,object_unregistered,40.0,65244.5,0.6,warning,"Unregistered object (bottle) appeared at S01 at 03:36, not present during calibration",,
evt_1676,sess_20260823_073349,S01,1,216.67,216.67,2600,2600,object_unregistered,40.0,65284.5,0.37,warning,"Unregistered object (mouse) appeared at S01 at 03:36, not present during calibration",,
evt_1677,sess_20260823_073349,S01,1,216.67,216.67,2600,2600,object_unregistered,40.0,65324.5,0.33,warning,"Unregistered object (mouse) appeared at S01 at 03:36, not present during calibration",,
evt_1678,sess_20260823_073349,S01,1,216.83,216.83,2602,2602,object_unregistered,40.0,65364.2,0.6,warning,"Unregistered object (bottle) appeared at S01 at 03:36, not present during calibration",,
evt_1679,sess_20260823_073349,S01,1,216.83,216.83,2602,2602,object_unregistered,40.0,65404.2,0.37,warning,"Unregistered object (mouse) appeared at S01 at 03:36, not present during calibration",,
evt_1680,sess_20260823_073349,S01,1,216.83,216.83,2602,2602,object_unregistered,40.0,65444.2,0.33,warning,"Unregistered object (mouse) appeared at S01 at 03:36, not present during calibration",,
evt_1681,sess_20260823_073349,S01,1,217.0,217.0,2604,2604,object_unregistered,40.0,65484.0,0.6,warning,"Unregistered object (bottle) appeared at S01 at 03:37, not present during calibration",,
evt_1682,sess_20260823_073349,S01,1,217.0,217.0,2604,2604,object_unregistered,40.0,65524.0,0.37,warning,"Unregistered object (mouse) appeared at S01 at 03:37, not present during calibration",,
evt_1683,sess_20260823_073349,S01,1,217.0,217.0,2604,2604,object_unregistered,40.0,65564.0,0.32,warning,"Unregistered object (mouse) appeared at S01 at 03:37, not present during calibration",,
evt_1684,sess_20260823_073349,S01,1,217.17,217.17,2606,2606,object_unregistered,40.0,65603.8,0.6,warning,"Unregistered object (bottle) appeared at S01 at 03:37, not present during calibration",,
evt_1685,sess_20260823_073349,S01,1,217.17,217.17,2606,2606,object_unregistered,40.0,65643.8,0.37,warning,"Unregistered object (mouse) appeared at S01 at 03:37, not present during calibration",,
evt_1686,sess_20260823_073349,S01,1,217.17,217.17,2606,2606,object_unregistered,40.0,65683.8,0.33,warning,"Unregistered object (mouse) appeared at S01 at 03:37, not present during calibration",,
evt_1687,sess_20260823_073349,S01,1,217.33,217.33,2608,2608,object_unregistered,40.0,65723.5,0.6,warning,"Unregistered object (bottle) appeared at S01 at 03:37, not present during calibration",,
evt_1688,sess_20260823_073349,S01,1,217.33,217.33,2608,2608,object_unregistered,40.0,65763.5,0.37,warning,"Unregistered object (mouse) appeared at S01 at 03:37, not present during calibration",,
evt_1689,sess_20260823_073349,S01,1,217.33,217.33,2608,2608,object_unregistered,40.0,65803.5,0.34,warning,"Unregistered object (mouse) appeared at S01 at 03:37, not present during calibration",,
evt_1690,sess_20260823_073349,S01,1,217.5,217.5,2610,2610,object_unregistered,40.0,65843.2,0.6,warning,"Unregistered object (bottle) appeared at S01 at 03:37, not present during calibration",,
evt_1691,sess_20260823_073349,S01,1,217.5,217.5,2610,2610,object_unregistered,40.0,65883.2,0.36,warning,"Unregistered object (mouse) appeared at S01 at 03:37, not present during calibration",,
evt_1692,sess_20260823_073349,S01,1,217.5,217.5,2610,2610,object_unregistered,40.0,65923.2,0.34,warning,"Unregistered object (mouse) appeared at S01 at 03:37, not present during calibration",,
evt_1693,sess_20260823_073349,S01,1,217.67,217.67,2612,2612,object_unregistered,40.0,65963.0,0.6,warning,"Unregistered object (bottle) appeared at S01 at 03:37, not present during calibration",,
evt_1694,sess_20260823_073349,S01,1,217.67,217.67,2612,2612,object_unregistered,40.0,66003.0,0.37,warning,"Unregistered object (mouse) appeared at S01 at 03:37, not present during calibration",,
evt_1695,sess_20260823_073349,S01,1,217.67,217.67,2612,2612,object_unregistered,40.0,66043.0,0.35,warning,"Unregistered object (mouse) appeared at S01 at 03:37, not present during calibration",,
evt_1696,sess_20260823_073349,S01,1,217.83,217.83,2614,2614,object_unregistered,40.0,66082.8,0.6,warning,"Unregistered object (bottle) appeared at S01 at 03:37, not present during calibration",,
evt_1697,sess_20260823_073349,S01,1,217.83,217.83,2614,2614,object_unregistered,40.0,66122.8,0.37,warning,"Unregistered object (mouse) appeared at S01 at 03:37, not present during calibration",,
evt_1698,sess_20260823_073349,S01,1,217.83,217.83,2614,2614,object_unregistered,40.0,66162.8,0.31,warning,"Unregistered object (mouse) appeared at S01 at 03:37, not present during calibration",,
evt_1699,sess_20260823_073349,S01,1,218.0,218.0,2616,2616,object_unregistered,40.0,66202.5,0.6,warning,"Unregistered object (bottle) appeared at S01 at 03:38, not present during calibration",,
evt_1700,sess_20260823_073349,S01,1,218.0,218.0,2616,2616,object_unregistered,40.0,66242.5,0.37,warning,"Unregistered object (mouse) appeared at S01 at 03:38, not present during calibration",,
evt_1701,sess_20260823_073349,S01,1,218.0,218.0,2616,2616,object_unregistered,40.0,66282.5,0.31,warning,"Unregistered object (mouse) appeared at S01 at 03:38, not present during calibration",,
evt_1702,sess_20260823_073349,S01,1,218.17,218.17,2618,2618,object_unregistered,40.0,66322.2,0.6,warning,"Unregistered object (bottle) appeared at S01 at 03:38, not present during calibration",,
evt_1703,sess_20260823_073349,S01,1,218.17,218.17,2618,2618,object_unregistered,40.0,66362.2,0.36,warning,"Unregistered object (mouse) appeared at S01 at 03:38, not present during calibration",,
evt_1704,sess_20260823_073349,S01,1,218.33,218.33,2620,2620,object_unregistered,40.0,66402.0,0.6,warning,"Unregistered object (bottle) appeared at S01 at 03:38, not present during calibration",,
evt_1705,sess_20260823_073349,S01,1,218.33,218.33,2620,2620,object_unregistered,40.0,66442.0,0.36,warning,"Unregistered object (mouse) appeared at S01 at 03:38, not present during calibration",,
evt_1706,sess_20260823_073349,S01,1,218.5,218.5,2622,2622,object_unregistered,40.0,66481.8,0.6,warning,"Unregistered object (bottle) appeared at S01 at 03:38, not present during calibration",,
evt_1707,sess_20260823_073349,S01,1,218.5,218.5,2622,2622,object_unregistered,40.0,66521.8,0.37,warning,"Unregistered object (mouse) appeared at S01 at 03:38, not present during calibration",,
evt_1708,sess_20260823_073349,S01,1,218.67,218.67,2624,2624,object_unregistered,40.0,66561.5,0.6,warning,"Unregistered object (bottle) appeared at S01 at 03:38, not present during calibration",,
evt_1709,sess_20260823_073349,S01,1,218.67,218.67,2624,2624,object_unregistered,40.0,66601.5,0.37,warning,"Unregistered object (mouse) appeared at S01 at 03:38, not present during calibration",,
evt_1710,sess_20260823_073349,S01,1,218.67,218.67,2624,2624,object_unregistered,40.0,66641.5,0.3,warning,"Unregistered object (mouse) appeared at S01 at 03:38, not present during calibration",,
evt_1711,sess_20260823_073349,S01,1,218.83,218.83,2626,2626,object_unregistered,40.0,66681.2,0.6,critical,"Unregistered object (bottle) appeared at S01 at 03:38, not present during calibration",,
evt_1712,sess_20260823_073349,S01,1,218.83,218.83,2626,2626,object_unregistered,40.0,66721.2,0.36,warning,"Unregistered object (mouse) appeared at S01 at 03:38, not present during calibration",,
evt_1713,sess_20260823_073349,S01,1,219.0,219.0,2628,2628,object_unregistered,40.0,66761.0,0.59,warning,"Unregistered object (bottle) appeared at S01 at 03:39, not present during calibration",,
evt_1714,sess_20260823_073349,S01,1,219.0,219.0,2628,2628,object_unregistered,40.0,66801.0,0.35,warning,"Unregistered object (mouse) appeared at S01 at 03:39, not present during calibration",,
evt_1715,sess_20260823_073349,S01,1,219.17,219.17,2630,2630,object_unregistered,40.0,66840.8,0.59,warning,"Unregistered object (bottle) appeared at S01 at 03:39, not present during calibration",,
evt_1716,sess_20260823_073349,S01,1,219.17,219.17,2630,2630,object_unregistered,40.0,66880.8,0.35,warning,"Unregistered object (mouse) appeared at S01 at 03:39, not present during calibration",,
evt_1717,sess_20260823_073349,S01,1,219.33,219.33,2632,2632,object_unregistered,40.0,66920.5,0.6,warning,"Unregistered object (bottle) appeared at S01 at 03:39, not present during calibration",,
evt_1718,sess_20260823_073349,S01,1,219.33,219.33,2632,2632,object_unregistered,40.0,66960.5,0.35,warning,"Unregistered object (mouse) appeared at S01 at 03:39, not present during calibration",,
evt_1719,sess_20260823_073349,S01,1,219.5,219.5,2634,2634,object_unregistered,40.0,67000.2,0.6,warning,"Unregistered object (bottle) appeared at S01 at 03:39, not present during calibration",,
evt_1720,sess_20260823_073349,S01,1,219.5,219.5,2634,2634,object_unregistered,40.0,67040.2,0.32,warning,"Unregistered object (mouse) appeared at S01 at 03:39, not present during calibration",,
evt_1721,sess_20260823_073349,S01,1,219.67,219.67,2636,2636,object_unregistered,40.0,67080.0,0.6,warning,"Unregistered object (bottle) appeared at S01 at 03:39, not present during calibration",,
evt_1722,sess_20260823_073349,S01,1,219.67,219.67,2636,2636,object_unregistered,40.0,67120.0,0.42,warning,"Unregistered object (mouse) appeared at S01 at 03:39, not present during calibration",,
evt_1723,sess_20260823_073349,S01,1,219.67,219.67,2636,2636,object_unregistered,40.0,67160.0,0.33,warning,"Unregistered object (mouse) appeared at S01 at 03:39, not present during calibration",,
evt_1724,sess_20260823_073349,S01,1,219.83,219.83,2638,2638,object_unregistered,40.0,67199.8,0.59,warning,"Unregistered object (bottle) appeared at S01 at 03:39, not present during calibration",,
evt_1725,sess_20260823_073349,S01,1,219.83,219.83,2638,2638,object_unregistered,40.0,67239.8,0.4,warning,"Unregistered object (mouse) appeared at S01 at 03:39, not present during calibration",,
evt_1726,sess_20260823_073349,S01,1,219.83,219.83,2638,2638,object_unregistered,40.0,67279.8,0.32,warning,"Unregistered object (mouse) appeared at S01 at 03:39, not present during calibration",,
evt_1727,sess_20260823_073349,S01,1,220.0,220.0,2640,2640,object_unregistered,40.0,67319.5,0.59,warning,"Unregistered object (bottle) appeared at S01 at 03:40, not present during calibration",,
evt_1728,sess_20260823_073349,S01,1,220.0,220.0,2640,2640,object_unregistered,40.0,67359.5,0.38,warning,"Unregistered object (mouse) appeared at S01 at 03:40, not present during calibration",,
evt_1729,sess_20260823_073349,S01,1,220.0,220.0,2640,2640,object_unregistered,40.0,67399.5,0.32,warning,"Unregistered object (mouse) appeared at S01 at 03:40, not present during calibration",,
evt_1730,sess_20260823_073349,S01,1,220.17,220.17,2642,2642,object_unregistered,40.0,67439.2,0.59,warning,"Unregistered object (bottle) appeared at S01 at 03:40, not present during calibration",,
evt_1731,sess_20260823_073349,S01,1,220.17,220.17,2642,2642,object_unregistered,40.0,67479.2,0.43,warning,"Unregistered object (mouse) appeared at S01 at 03:40, not present during calibration",,
evt_1732,sess_20260823_073349,S01,1,220.17,220.17,2642,2642,object_unregistered,40.0,67519.2,0.32,warning,"Unregistered object (mouse) appeared at S01 at 03:40, not present during calibration",,
evt_1733,sess_20260823_073349,S01,1,220.33,220.33,2644,2644,object_unregistered,40.0,67559.0,0.59,warning,"Unregistered object (bottle) appeared at S01 at 03:40, not present during calibration",,
evt_1734,sess_20260823_073349,S01,1,220.33,220.33,2644,2644,object_unregistered,40.0,67599.0,0.38,warning,"Unregistered object (mouse) appeared at S01 at 03:40, not present during calibration",,
evt_1735,sess_20260823_073349,S01,1,220.33,220.33,2644,2644,object_unregistered,40.0,67639.0,0.32,warning,"Unregistered object (mouse) appeared at S01 at 03:40, not present during calibration",,
evt_1736,sess_20260823_073349,S01,1,220.5,220.5,2646,2646,object_unregistered,40.0,67678.8,0.6,warning,"Unregistered object (bottle) appeared at S01 at 03:40, not present during calibration",,
evt_1737,sess_20260823_073349,S01,1,220.5,220.5,2646,2646,object_unregistered,40.0,67718.8,0.4,warning,"Unregistered object (mouse) appeared at S01 at 03:40, not present during calibration",,
evt_1738,sess_20260823_073349,S01,1,220.5,220.5,2646,2646,object_unregistered,40.0,67758.8,0.33,warning,"Unregistered object (mouse) appeared at S01 at 03:40, not present during calibration",,
evt_1739,sess_20260823_073349,S01,1,220.67,220.67,2648,2648,object_unregistered,40.0,67798.5,0.59,warning,"Unregistered object (bottle) appeared at S01 at 03:40, not present during calibration",,
evt_1740,sess_20260823_073349,S01,1,220.67,220.67,2648,2648,object_unregistered,40.0,67838.5,0.43,warning,"Unregistered object (mouse) appeared at S01 at 03:40, not present during calibration",,
evt_1741,sess_20260823_073349,S01,1,220.67,220.67,2648,2648,object_unregistered,40.0,67878.5,0.32,warning,"Unregistered object (mouse) appeared at S01 at 03:40, not present during calibration",,
evt_1742,sess_20260823_073349,S01,1,220.83,220.83,2650,2650,object_unregistered,40.0,67918.2,0.59,warning,"Unregistered object (bottle) appeared at S01 at 03:40, not present during calibration",,
evt_1743,sess_20260823_073349,S01,1,220.83,220.83,2650,2650,object_unregistered,40.0,67958.2,0.44,warning,"Unregistered object (mouse) appeared at S01 at 03:40, not present during calibration",,
evt_1744,sess_20260823_073349,S01,1,220.83,220.83,2650,2650,object_unregistered,40.0,67998.2,0.33,warning,"Unregistered object (mouse) appeared at S01 at 03:40, not present during calibration",,
evt_1745,sess_20260823_073349,S01,1,221.0,221.0,2652,2652,object_unregistered,40.0,68038.0,0.6,warning,"Unregistered object (bottle) appeared at S01 at 03:41, not present during calibration",,
evt_1746,sess_20260823_073349,S01,1,221.0,221.0,2652,2652,object_unregistered,40.0,68078.0,0.42,warning,"Unregistered object (mouse) appeared at S01 at 03:41, not present during calibration",,
evt_1747,sess_20260823_073349,S01,1,221.0,221.0,2652,2652,object_unregistered,40.0,68118.0,0.33,warning,"Unregistered object (mouse) appeared at S01 at 03:41, not present during calibration",,
evt_1748,sess_20260823_073349,S01,1,221.17,221.17,2654,2654,object_unregistered,40.0,68157.8,0.59,warning,"Unregistered object (bottle) appeared at S01 at 03:41, not present during calibration",,
evt_1749,sess_20260823_073349,S01,1,221.17,221.17,2654,2654,object_unregistered,40.0,68197.8,0.38,warning,"Unregistered object (mouse) appeared at S01 at 03:41, not present during calibration",,
evt_1750,sess_20260823_073349,S01,1,221.17,221.17,2654,2654,object_unregistered,40.0,68237.8,0.33,warning,"Unregistered object (mouse) appeared at S01 at 03:41, not present during calibration",,
evt_1751,sess_20260823_073349,S01,1,221.33,221.33,2656,2656,object_unregistered,40.0,68277.5,0.59,warning,"Unregistered object (bottle) appeared at S01 at 03:41, not present during calibration",,
evt_1752,sess_20260823_073349,S01,1,221.33,221.33,2656,2656,object_unregistered,40.0,68317.5,0.38,warning,"Unregistered object (mouse) appeared at S01 at 03:41, not present during calibration",,
evt_1753,sess_20260823_073349,S01,1,221.33,221.33,2656,2656,object_unregistered,40.0,68357.5,0.32,warning,"Unregistered object (mouse) appeared at S01 at 03:41, not present during calibration",,
evt_1754,sess_20260823_073349,S01,1,221.5,221.5,2658,2658,object_unregistered,40.0,68397.2,0.6,warning,"Unregistered object (bottle) appeared at S01 at 03:41, not present during calibration",,
evt_1755,sess_20260823_073349,S01,1,221.5,221.5,2658,2658,object_unregistered,40.0,68437.2,0.44,warning,"Unregistered object (mouse) appeared at S01 at 03:41, not present during calibration",,
evt_1756,sess_20260823_073349,S01,1,221.5,221.5,2658,2658,object_unregistered,40.0,68477.2,0.33,warning,"Unregistered object (mouse) appeared at S01 at 03:41, not present during calibration",,
evt_1757,sess_20260823_073349,S01,1,221.67,221.67,2660,2660,object_unregistered,40.0,68517.0,0.59,warning,"Unregistered object (bottle) appeared at S01 at 03:41, not present during calibration",,
evt_1758,sess_20260823_073349,S01,1,221.67,221.67,2660,2660,object_unregistered,40.0,68557.0,0.41,warning,"Unregistered object (mouse) appeared at S01 at 03:41, not present during calibration",,
evt_1759,sess_20260823_073349,S01,1,221.67,221.67,2660,2660,object_unregistered,40.0,68597.0,0.33,warning,"Unregistered object (mouse) appeared at S01 at 03:41, not present during calibration",,
evt_1760,sess_20260823_073349,S01,1,221.83,221.83,2662,2662,object_unregistered,40.0,68636.8,0.6,warning,"Unregistered object (bottle) appeared at S01 at 03:41, not present during calibration",,
evt_1761,sess_20260823_073349,S01,1,221.83,221.83,2662,2662,object_unregistered,40.0,68676.8,0.39,warning,"Unregistered object (mouse) appeared at S01 at 03:41, not present during calibration",,
evt_1762,sess_20260823_073349,S01,1,221.83,221.83,2662,2662,object_unregistered,40.0,68716.8,0.35,warning,"Unregistered object (mouse) appeared at S01 at 03:41, not present during calibration",,
evt_1763,sess_20260823_073349,S01,1,222.0,222.0,2664,2664,object_unregistered,40.0,68756.5,0.59,warning,"Unregistered object (bottle) appeared at S01 at 03:42, not present during calibration",,
evt_1764,sess_20260823_073349,S01,1,222.0,222.0,2664,2664,object_unregistered,40.0,68796.5,0.41,warning,"Unregistered object (mouse) appeared at S01 at 03:42, not present during calibration",,
evt_1765,sess_20260823_073349,S01,1,222.0,222.0,2664,2664,object_unregistered,40.0,68836.5,0.35,warning,"Unregistered object (mouse) appeared at S01 at 03:42, not present during calibration",,
evt_1766,sess_20260823_073349,S01,1,222.17,222.17,2666,2666,object_unregistered,40.0,68876.2,0.6,warning,"Unregistered object (bottle) appeared at S01 at 03:42, not present during calibration",,
evt_1767,sess_20260823_073349,S01,1,222.17,222.17,2666,2666,object_unregistered,40.0,68916.2,0.47,warning,"Unregistered object (mouse) appeared at S01 at 03:42, not present during calibration",,
evt_1768,sess_20260823_073349,S01,1,222.33,222.33,2668,2668,object_unregistered,40.0,68956.0,0.6,warning,"Unregistered object (bottle) appeared at S01 at 03:42, not present during calibration",,
evt_1769,sess_20260823_073349,S01,1,222.33,222.33,2668,2668,object_unregistered,40.0,68996.0,0.47,warning,"Unregistered object (mouse) appeared at S01 at 03:42, not present during calibration",,
evt_1770,sess_20260823_073349,S01,1,222.5,222.5,2670,2670,object_unregistered,40.0,69035.8,0.59,warning,"Unregistered object (bottle) appeared at S01 at 03:42, not present during calibration",,
evt_1771,sess_20260823_073349,S01,1,222.5,222.5,2670,2670,object_unregistered,40.0,69075.8,0.47,warning,"Unregistered object (mouse) appeared at S01 at 03:42, not present during calibration",,
evt_1772,sess_20260823_073349,S01,1,222.67,222.67,2672,2672,object_unregistered,40.0,69115.5,0.6,warning,"Unregistered object (bottle) appeared at S01 at 03:42, not present during calibration",,
evt_1773,sess_20260823_073349,S01,1,222.67,222.67,2672,2672,object_unregistered,40.0,69155.5,0.47,warning,"Unregistered object (mouse) appeared at S01 at 03:42, not present during calibration",,
evt_1774,sess_20260823_073349,S01,1,222.83,222.83,2674,2674,object_unregistered,40.0,69195.2,0.59,warning,"Unregistered object (bottle) appeared at S01 at 03:42, not present during calibration",,
evt_1775,sess_20260823_073349,S01,1,222.83,222.83,2674,2674,object_unregistered,40.0,69235.2,0.48,warning,"Unregistered object (mouse) appeared at S01 at 03:42, not present during calibration",,
evt_1776,sess_20260823_073349,S01,1,223.0,223.0,2676,2676,object_unregistered,40.0,69275.0,0.59,warning,"Unregistered object (bottle) appeared at S01 at 03:43, not present during calibration",,
evt_1777,sess_20260823_073349,S01,1,223.0,223.0,2676,2676,object_unregistered,40.0,69315.0,0.44,warning,"Unregistered object (mouse) appeared at S01 at 03:43, not present during calibration",,
evt_1778,sess_20260823_073349,S01,1,223.17,223.17,2678,2678,object_unregistered,40.0,69354.8,0.59,warning,"Unregistered object (bottle) appeared at S01 at 03:43, not present during calibration",,
evt_1779,sess_20260823_073349,S01,1,223.17,223.17,2678,2678,object_unregistered,40.0,69394.8,0.46,warning,"Unregistered object (mouse) appeared at S01 at 03:43, not present during calibration",,
evt_1780,sess_20260823_073349,S01,1,223.33,223.33,2680,2680,object_unregistered,40.0,69434.5,0.59,warning,"Unregistered object (bottle) appeared at S01 at 03:43, not present during calibration",,
evt_1781,sess_20260823_073349,S01,1,223.33,223.33,2680,2680,object_unregistered,40.0,69474.5,0.45,warning,"Unregistered object (mouse) appeared at S01 at 03:43, not present during calibration",,
evt_1782,sess_20260823_073349,S01,1,223.5,223.5,2682,2682,object_unregistered,40.0,69514.2,0.59,warning,"Unregistered object (bottle) appeared at S01 at 03:43, not present during calibration",,
evt_1783,sess_20260823_073349,S01,1,223.5,223.5,2682,2682,object_unregistered,40.0,69554.2,0.44,warning,"Unregistered object (mouse) appeared at S01 at 03:43, not present during calibration",,
evt_1784,sess_20260823_073349,S01,1,223.67,223.67,2684,2684,object_unregistered,40.0,69594.0,0.59,warning,"Unregistered object (bottle) appeared at S01 at 03:43, not present during calibration",,
evt_1785,sess_20260823_073349,S01,1,223.67,223.67,2684,2684,object_unregistered,40.0,69634.0,0.47,warning,"Unregistered object (mouse) appeared at S01 at 03:43, not present during calibration",,
evt_1786,sess_20260823_073349,S01,1,223.83,223.83,2686,2686,object_unregistered,40.0,69673.8,0.59,warning,"Unregistered object (bottle) appeared at S01 at 03:43, not present during calibration",,
evt_1787,sess_20260823_073349,S01,1,223.83,223.83,2686,2686,object_unregistered,40.0,69713.8,0.46,warning,"Unregistered object (mouse) appeared at S01 at 03:43, not present during calibration",,
evt_1788,sess_20260823_073349,S01,1,224.0,224.0,2688,2688,object_unregistered,40.0,69753.5,0.59,warning,"Unregistered object (bottle) appeared at S01 at 03:44, not present during calibration",,
evt_1789,sess_20260823_073349,S01,1,224.0,224.0,2688,2688,object_unregistered,40.0,69793.5,0.47,warning,"Unregistered object (mouse) appeared at S01 at 03:44, not present during calibration",,
evt_1790,sess_20260823_073349,S01,1,224.17,224.17,2690,2690,object_unregistered,40.0,69833.2,0.59,warning,"Unregistered object (bottle) appeared at S01 at 03:44, not present during calibration",,
evt_1791,sess_20260823_073349,S01,1,224.17,224.17,2690,2690,object_unregistered,40.0,69873.2,0.47,warning,"Unregistered object (mouse) appeared at S01 at 03:44, not present during calibration",,
evt_1792,sess_20260823_073349,S01,1,224.33,224.33,2692,2692,object_unregistered,40.0,69913.0,0.59,warning,"Unregistered object (bottle) appeared at S01 at 03:44, not present during calibration",,
evt_1793,sess_20260823_073349,S01,1,224.33,224.33,2692,2692,object_unregistered,40.0,69953.0,0.46,warning,"Unregistered object (mouse) appeared at S01 at 03:44, not present during calibration",,
evt_1794,sess_20260823_073349,S01,1,224.5,224.5,2694,2694,object_unregistered,40.0,69992.8,0.59,warning,"Unregistered object (bottle) appeared at S01 at 03:44, not present during calibration",,
evt_1795,sess_20260823_073349,S01,1,224.5,224.5,2694,2694,object_unregistered,40.0,70032.8,0.33,warning,"Unregistered object (mouse) appeared at S01 at 03:44, not present during calibration",,
evt_1796,sess_20260823_073349,S01,1,224.67,224.67,2696,2696,object_unregistered,40.0,70072.5,0.59,warning,"Unregistered object (bottle) appeared at S01 at 03:44, not present during calibration",,
evt_1797,sess_20260823_073349,S01,1,224.67,224.67,2696,2696,object_unregistered,40.0,70112.5,0.36,warning,"Unregistered object (mouse) appeared at S01 at 03:44, not present during calibration",,
evt_1798,sess_20260823_073349,S01,1,224.83,224.83,2698,2698,object_unregistered,40.0,70152.2,0.59,warning,"Unregistered object (bottle) appeared at S01 at 03:44, not present during calibration",,
evt_1799,sess_20260823_073349,S01,1,224.83,224.83,2698,2698,object_unregistered,40.0,70192.2,0.41,warning,"Unregistered object (mouse) appeared at S01 at 03:44, not present during calibration",,
evt_1800,sess_20260823_073349,S01,1,225.0,225.0,2700,2700,object_unregistered,40.0,70232.0,0.59,warning,"Unregistered object (bottle) appeared at S01 at 03:45, not present during calibration",,
evt_1801,sess_20260823_073349,S01,1,225.0,225.0,2700,2700,object_unregistered,40.0,70272.0,0.4,warning,"Unregistered object (mouse) appeared at S01 at 03:45, not present during calibration",,
evt_1802,sess_20260823_073349,S01,1,225.17,225.17,2702,2702,object_unregistered,40.0,70311.8,0.59,warning,"Unregistered object (bottle) appeared at S01 at 03:45, not present during calibration",,
evt_1803,sess_20260823_073349,S01,1,225.17,225.17,2702,2702,object_unregistered,40.0,70351.8,0.38,warning,"Unregistered object (mouse) appeared at S01 at 03:45, not present during calibration",,
evt_1804,sess_20260823_073349,S01,1,225.33,225.33,2704,2704,object_unregistered,40.0,70391.5,0.59,warning,"Unregistered object (bottle) appeared at S01 at 03:45, not present during calibration",,
evt_1805,sess_20260823_073349,S01,1,225.33,225.33,2704,2704,object_unregistered,40.0,70431.5,0.38,warning,"Unregistered object (mouse) appeared at S01 at 03:45, not present during calibration",,
evt_1806,sess_20260823_073349,S01,1,225.5,225.5,2706,2706,object_unregistered,40.0,70471.2,0.59,warning,"Unregistered object (bottle) appeared at S01 at 03:45, not present during calibration",,
evt_1807,sess_20260823_073349,S01,1,225.5,225.5,2706,2706,object_unregistered,40.0,70511.2,0.38,warning,"Unregistered object (mouse) appeared at S01 at 03:45, not present during calibration",,
evt_1808,sess_20260823_073349,S01,1,225.67,225.67,2708,2708,object_unregistered,40.0,70551.0,0.59,warning,"Unregistered object (bottle) appeared at S01 at 03:45, not present during calibration",,
evt_1809,sess_20260823_073349,S01,1,225.67,225.67,2708,2708,object_unregistered,40.0,70591.0,0.37,warning,"Unregistered object (mouse) appeared at S01 at 03:45, not present during calibration",,
evt_1810,sess_20260823_073349,S01,1,225.83,225.83,2710,2710,object_unregistered,40.0,70630.8,0.58,warning,"Unregistered object (bottle) appeared at S01 at 03:45, not present during calibration",,
evt_1811,sess_20260823_073349,S01,1,225.83,225.83,2710,2710,object_unregistered,40.0,70670.8,0.34,warning,"Unregistered object (mouse) appeared at S01 at 03:45, not present during calibration",,
evt_1812,sess_20260823_073349,S01,1,226.0,226.0,2712,2712,object_unregistered,40.0,70710.5,0.58,warning,"Unregistered object (bottle) appeared at S01 at 03:46, not present during calibration",,
evt_1813,sess_20260823_073349,S01,1,226.0,226.0,2712,2712,object_unregistered,40.0,70750.5,0.33,warning,"Unregistered object (mouse) appeared at S01 at 03:46, not present during calibration",,
evt_1814,sess_20260823_073349,S01,1,225.08,226.08,2688,2713,head_turn,10.0,70760.4,0.73,critical,"Head turned left, 2.9 deviations from own baseline, held 1.0s",,
evt_1815,sess_20260823_073349,S01,1,226.17,226.17,2714,2714,object_unregistered,40.0,70800.2,0.59,warning,"Unregistered object (bottle) appeared at S01 at 03:46, not present during calibration",,
evt_1816,sess_20260823_073349,S01,1,226.17,226.17,2714,2714,object_unregistered,40.0,70840.2,0.33,warning,"Unregistered object (mouse) appeared at S01 at 03:46, not present during calibration",,
evt_1817,sess_20260823_073349,S01,1,226.33,226.33,2716,2716,object_unregistered,40.0,70880.0,0.59,warning,"Unregistered object (bottle) appeared at S01 at 03:46, not present during calibration",,
evt_1818,sess_20260823_073349,S01,1,226.33,226.33,2716,2716,object_unregistered,40.0,70920.0,0.32,warning,"Unregistered object (mouse) appeared at S01 at 03:46, not present during calibration",,
evt_1819,sess_20260823_073349,S01,1,226.5,226.5,2718,2718,object_unregistered,40.0,70959.8,0.58,warning,"Unregistered object (bottle) appeared at S01 at 03:46, not present during calibration",,
evt_1820,sess_20260823_073349,S01,1,226.5,226.5,2718,2718,object_unregistered,40.0,70999.8,0.34,warning,"Unregistered object (mouse) appeared at S01 at 03:46, not present during calibration",,
evt_1821,sess_20260823_073349,S01,1,226.67,226.67,2720,2720,object_unregistered,40.0,71039.5,0.58,warning,"Unregistered object (bottle) appeared at S01 at 03:46, not present during calibration",,
evt_1822,sess_20260823_073349,S01,1,226.67,226.67,2720,2720,object_unregistered,40.0,71079.5,0.3,warning,"Unregistered object (mouse) appeared at S01 at 03:46, not present during calibration",,
evt_1823,sess_20260823_073349,S01,1,226.83,226.83,2722,2722,object_unregistered,40.0,71119.2,0.58,warning,"Unregistered object (bottle) appeared at S01 at 03:46, not present during calibration",,
evt_1824,sess_20260823_073349,S01,1,226.83,226.83,2722,2722,object_unregistered,40.0,71159.2,0.34,warning,"Unregistered object (mouse) appeared at S01 at 03:46, not present during calibration",,
evt_1825,sess_20260823_073349,S01,1,227.0,227.0,2724,2724,object_unregistered,40.0,71199.0,0.58,warning,"Unregistered object (bottle) appeared at S01 at 03:47, not present during calibration",,
evt_1826,sess_20260823_073349,S01,1,227.0,227.0,2724,2724,object_unregistered,40.0,71239.0,0.35,warning,"Unregistered object (mouse) appeared at S01 at 03:47, not present during calibration",,
evt_1827,sess_20260823_073349,S01,1,227.17,227.17,2726,2726,object_unregistered,40.0,71278.8,0.58,warning,"Unregistered object (bottle) appeared at S01 at 03:47, not present during calibration",,
evt_1828,sess_20260823_073349,S01,1,227.17,227.17,2726,2726,object_unregistered,40.0,71318.8,0.39,warning,"Unregistered object (mouse) appeared at S01 at 03:47, not present during calibration",,
evt_1829,sess_20260823_073349,S01,1,227.33,227.33,2728,2728,object_unregistered,40.0,71358.5,0.58,warning,"Unregistered object (bottle) appeared at S01 at 03:47, not present during calibration",,
evt_1830,sess_20260823_073349,S01,1,227.33,227.33,2728,2728,object_unregistered,40.0,71398.5,0.39,warning,"Unregistered object (mouse) appeared at S01 at 03:47, not present during calibration",,
evt_1831,sess_20260823_073349,S01,1,227.5,227.5,2730,2730,object_unregistered,40.0,71438.2,0.58,warning,"Unregistered object (bottle) appeared at S01 at 03:47, not present during calibration",,
evt_1832,sess_20260823_073349,S01,1,227.5,227.5,2730,2730,object_unregistered,40.0,71478.2,0.4,warning,"Unregistered object (mouse) appeared at S01 at 03:47, not present during calibration",,
evt_1833,sess_20260823_073349,S01,1,227.67,227.67,2732,2732,object_unregistered,40.0,71518.0,0.59,warning,"Unregistered object (bottle) appeared at S01 at 03:47, not present during calibration",,
evt_1834,sess_20260823_073349,S01,1,227.67,227.67,2732,2732,object_unregistered,40.0,71558.0,0.4,warning,"Unregistered object (mouse) appeared at S01 at 03:47, not present during calibration",,
evt_1835,sess_20260823_073349,S01,1,227.83,227.83,2734,2734,object_unregistered,40.0,71597.8,0.58,warning,"Unregistered object (bottle) appeared at S01 at 03:47, not present during calibration",,
evt_1836,sess_20260823_073349,S01,1,227.83,227.83,2734,2734,object_unregistered,40.0,71637.8,0.39,warning,"Unregistered object (mouse) appeared at S01 at 03:47, not present during calibration",,
evt_1837,sess_20260823_073349,S01,1,228.0,228.0,2736,2736,object_unregistered,40.0,71677.5,0.58,warning,"Unregistered object (bottle) appeared at S01 at 03:48, not present during calibration",,
evt_1838,sess_20260823_073349,S01,1,228.0,228.0,2736,2736,object_unregistered,40.0,71717.5,0.38,warning,"Unregistered object (mouse) appeared at S01 at 03:48, not present during calibration",,
evt_1839,sess_20260823_073349,S01,1,228.17,228.17,2738,2738,object_unregistered,40.0,71757.2,0.58,warning,"Unregistered object (bottle) appeared at S01 at 03:48, not present during calibration",,
evt_1840,sess_20260823_073349,S01,1,228.17,228.17,2738,2738,object_unregistered,40.0,71797.2,0.38,warning,"Unregistered object (mouse) appeared at S01 at 03:48, not present during calibration",,
evt_1841,sess_20260823_073349,S01,1,228.33,228.33,2740,2740,object_unregistered,40.0,71837.0,0.58,warning,"Unregistered object (bottle) appeared at S01 at 03:48, not present during calibration",,
evt_1842,sess_20260823_073349,S01,1,228.33,228.33,2740,2740,object_unregistered,40.0,71877.0,0.38,warning,"Unregistered object (mouse) appeared at S01 at 03:48, not present during calibration",,
evt_1843,sess_20260823_073349,S01,1,228.5,228.5,2742,2742,object_unregistered,40.0,71916.8,0.58,warning,"Unregistered object (bottle) appeared at S01 at 03:48, not present during calibration",,
evt_1844,sess_20260823_073349,S01,1,228.5,228.5,2742,2742,object_unregistered,40.0,71956.8,0.38,warning,"Unregistered object (mouse) appeared at S01 at 03:48, not present during calibration",,
evt_1845,sess_20260823_073349,S01,1,228.67,228.67,2744,2744,object_unregistered,40.0,71996.5,0.59,warning,"Unregistered object (bottle) appeared at S01 at 03:48, not present during calibration",,
evt_1846,sess_20260823_073349,S01,1,228.67,228.67,2744,2744,object_unregistered,40.0,72036.5,0.38,warning,"Unregistered object (mouse) appeared at S01 at 03:48, not present during calibration",,
evt_1847,sess_20260823_073349,S01,1,228.83,228.83,2746,2746,object_unregistered,40.0,72076.2,0.59,warning,"Unregistered object (bottle) appeared at S01 at 03:48, not present during calibration",,
evt_1848,sess_20260823_073349,S01,1,228.83,228.83,2746,2746,object_unregistered,40.0,72116.2,0.34,warning,"Unregistered object (mouse) appeared at S01 at 03:48, not present during calibration",,
evt_1849,sess_20260823_073349,S01,1,228.83,228.83,2746,2746,object_phone,100.0,72216.2,0.35,critical,"Prohibited mobile phone detected at S01 (near left wrist, conf 0.35)",,
evt_1850,sess_20260823_073349,S01,1,229.0,229.0,2748,2748,object_unregistered,40.0,72256.0,0.59,warning,"Unregistered object (bottle) appeared at S01 at 03:49, not present during calibration",,
evt_1851,sess_20260823_073349,S01,1,229.0,229.0,2748,2748,object_unregistered,40.0,72296.0,0.34,warning,"Unregistered object (mouse) appeared at S01 at 03:49, not present during calibration",,
evt_1852,sess_20260823_073349,S01,1,229.0,229.0,2748,2748,object_phone,100.0,72396.0,0.35,critical,"Prohibited mobile phone detected at S01 (near left wrist, conf 0.35)",,
evt_1853,sess_20260823_073349,S01,1,229.17,229.17,2750,2750,object_unregistered,40.0,72435.8,0.59,warning,"Unregistered object (bottle) appeared at S01 at 03:49, not present during calibration",,
evt_1854,sess_20260823_073349,S01,1,229.33,229.33,2752,2752,object_unregistered,40.0,72475.5,0.59,warning,"Unregistered object (bottle) appeared at S01 at 03:49, not present during calibration",,
evt_1855,sess_20260823_073349,S01,1,229.5,229.5,2754,2754,object_unregistered,40.0,72515.2,0.59,warning,"Unregistered object (bottle) appeared at S01 at 03:49, not present during calibration",,
evt_1856,sess_20260823_073349,S01,1,229.67,229.67,2756,2756,object_unregistered,40.0,72555.0,0.59,warning,"Unregistered object (bottle) appeared at S01 at 03:49, not present during calibration",,
evt_1857,sess_20260823_073349,S01,1,229.83,229.83,2758,2758,object_unregistered,40.0,72594.8,0.59,warning,"Unregistered object (bottle) appeared at S01 at 03:49, not present during calibration",,
evt_1858,sess_20260823_073349,S01,1,230.0,230.0,2760,2760,object_unregistered,40.0,72634.5,0.59,warning,"Unregistered object (bottle) appeared at S01 at 03:50, not present during calibration",,
evt_1859,sess_20260823_073349,S01,1,230.17,230.17,2762,2762,object_unregistered,40.0,72674.2,0.59,warning,"Unregistered object (bottle) appeared at S01 at 03:50, not present during calibration",,
evt_1860,sess_20260823_073349,S01,1,230.33,230.33,2764,2764,object_unregistered,40.0,72714.0,0.58,warning,"Unregistered object (bottle) appeared at S01 at 03:50, not present during calibration",,
evt_1861,sess_20260823_073349,S01,1,230.5,230.5,2766,2766,object_unregistered,40.0,72753.8,0.58,warning,"Unregistered object (bottle) appeared at S01 at 03:50, not present during calibration",,
evt_1862,sess_20260823_073349,S01,1,230.67,230.67,2768,2768,object_unregistered,40.0,72793.5,0.58,warning,"Unregistered object (bottle) appeared at S01 at 03:50, not present during calibration",,
evt_1863,sess_20260823_073349,S01,1,230.83,230.83,2770,2770,object_unregistered,40.0,72833.2,0.58,warning,"Unregistered object (bottle) appeared at S01 at 03:50, not present during calibration",,
evt_1864,sess_20260823_073349,S01,1,230.83,230.83,2770,2770,object_unregistered,40.0,72873.2,0.3,warning,"Unregistered object (mouse) appeared at S01 at 03:50, not present during calibration",,
evt_1865,sess_20260823_073349,S01,1,231.0,231.0,2772,2772,object_unregistered,40.0,72913.0,0.58,warning,"Unregistered object (bottle) appeared at S01 at 03:51, not present during calibration",,
evt_1866,sess_20260823_073349,S01,1,231.0,231.0,2772,2772,object_unregistered,40.0,72953.0,0.34,warning,"Unregistered object (mouse) appeared at S01 at 03:51, not present during calibration",,
evt_1867,sess_20260823_073349,S01,1,231.17,231.17,2774,2774,object_unregistered,40.0,72992.8,0.58,warning,"Unregistered object (bottle) appeared at S01 at 03:51, not present during calibration",,
evt_1868,sess_20260823_073349,S01,1,231.17,231.17,2774,2774,object_unregistered,40.0,73032.8,0.34,warning,"Unregistered object (mouse) appeared at S01 at 03:51, not present during calibration",,
evt_1869,sess_20260823_073349,S01,1,231.33,231.33,2776,2776,object_unregistered,40.0,73072.5,0.58,warning,"Unregistered object (bottle) appeared at S01 at 03:51, not present during calibration",,
evt_1870,sess_20260823_073349,S01,1,231.33,231.33,2776,2776,object_unregistered,40.0,73112.5,0.37,warning,"Unregistered object (mouse) appeared at S01 at 03:51, not present during calibration",,
evt_1871,sess_20260823_073349,S01,1,231.5,231.5,2778,2778,object_unregistered,40.0,73152.2,0.58,warning,"Unregistered object (bottle) appeared at S01 at 03:51, not present during calibration",,
evt_1872,sess_20260823_073349,S01,1,231.5,231.5,2778,2778,object_unregistered,40.0,73192.2,0.36,warning,"Unregistered object (mouse) appeared at S01 at 03:51, not present during calibration",,
evt_1873,sess_20260823_073349,S01,1,231.67,231.67,2780,2780,object_unregistered,40.0,73232.0,0.58,warning,"Unregistered object (bottle) appeared at S01 at 03:51, not present during calibration",,
evt_1874,sess_20260823_073349,S01,1,231.67,231.67,2780,2780,object_unregistered,40.0,73272.0,0.35,warning,"Unregistered object (mouse) appeared at S01 at 03:51, not present during calibration",,
evt_1875,sess_20260823_073349,S01,1,231.83,231.83,2782,2782,object_unregistered,40.0,73311.8,0.58,warning,"Unregistered object (bottle) appeared at S01 at 03:51, not present during calibration",,
evt_1876,sess_20260823_073349,S01,1,231.83,231.83,2782,2782,object_unregistered,40.0,73351.8,0.35,warning,"Unregistered object (mouse) appeared at S01 at 03:51, not present during calibration",,
evt_1877,sess_20260823_073349,S01,1,232.0,232.0,2784,2784,object_unregistered,40.0,73391.5,0.58,warning,"Unregistered object (bottle) appeared at S01 at 03:52, not present during calibration",,
evt_1878,sess_20260823_073349,S01,1,232.0,232.0,2784,2784,object_unregistered,40.0,73431.5,0.35,warning,"Unregistered object (mouse) appeared at S01 at 03:52, not present during calibration",,
evt_1879,sess_20260823_073349,S01,1,232.17,232.17,2786,2786,object_unregistered,40.0,73471.2,0.58,warning,"Unregistered object (bottle) appeared at S01 at 03:52, not present during calibration",,
evt_1880,sess_20260823_073349,S01,1,232.17,232.17,2786,2786,object_unregistered,40.0,73511.2,0.39,warning,"Unregistered object (mouse) appeared at S01 at 03:52, not present during calibration",,
evt_1881,sess_20260823_073349,S01,1,232.33,232.33,2788,2788,object_unregistered,40.0,73551.0,0.58,warning,"Unregistered object (bottle) appeared at S01 at 03:52, not present during calibration",,
evt_1882,sess_20260823_073349,S01,1,232.33,232.33,2788,2788,object_unregistered,40.0,73591.0,0.4,warning,"Unregistered object (mouse) appeared at S01 at 03:52, not present during calibration",,
evt_1883,sess_20260823_073349,S01,1,232.5,232.5,2790,2790,object_unregistered,40.0,73630.8,0.58,warning,"Unregistered object (bottle) appeared at S01 at 03:52, not present during calibration",,
evt_1884,sess_20260823_073349,S01,1,232.5,232.5,2790,2790,object_unregistered,40.0,73670.8,0.41,warning,"Unregistered object (mouse) appeared at S01 at 03:52, not present during calibration",,
evt_1885,sess_20260823_073349,S01,1,232.67,232.67,2792,2792,object_unregistered,40.0,73710.5,0.58,warning,"Unregistered object (bottle) appeared at S01 at 03:52, not present during calibration",,
evt_1886,sess_20260823_073349,S01,1,232.67,232.67,2792,2792,object_unregistered,40.0,73750.5,0.4,warning,"Unregistered object (mouse) appeared at S01 at 03:52, not present during calibration",,
evt_1887,sess_20260823_073349,S01,1,232.83,232.83,2794,2794,object_unregistered,40.0,73790.2,0.58,warning,"Unregistered object (bottle) appeared at S01 at 03:52, not present during calibration",,
evt_1888,sess_20260823_073349,S01,1,232.83,232.83,2794,2794,object_unregistered,40.0,73830.2,0.4,warning,"Unregistered object (mouse) appeared at S01 at 03:52, not present during calibration",,
evt_1889,sess_20260823_073349,S01,1,233.0,233.0,2796,2796,object_unregistered,40.0,73870.0,0.58,warning,"Unregistered object (bottle) appeared at S01 at 03:53, not present during calibration",,
evt_1890,sess_20260823_073349,S01,1,233.0,233.0,2796,2796,object_unregistered,40.0,73910.0,0.4,warning,"Unregistered object (mouse) appeared at S01 at 03:53, not present during calibration",,
evt_1891,sess_20260823_073349,S01,1,233.17,233.17,2798,2798,object_unregistered,40.0,73949.8,0.58,warning,"Unregistered object (bottle) appeared at S01 at 03:53, not present during calibration",,
evt_1892,sess_20260823_073349,S01,1,233.17,233.17,2798,2798,object_unregistered,40.0,73989.8,0.39,warning,"Unregistered object (mouse) appeared at S01 at 03:53, not present during calibration",,
evt_1893,sess_20260823_073349,S01,1,233.33,233.33,2800,2800,object_unregistered,40.0,74029.5,0.58,warning,"Unregistered object (bottle) appeared at S01 at 03:53, not present during calibration",,
evt_1894,sess_20260823_073349,S01,1,233.33,233.33,2800,2800,object_unregistered,40.0,74069.5,0.4,warning,"Unregistered object (mouse) appeared at S01 at 03:53, not present during calibration",,
evt_1895,sess_20260823_073349,S01,1,233.5,233.5,2802,2802,object_unregistered,40.0,74109.2,0.59,warning,"Unregistered object (bottle) appeared at S01 at 03:53, not present during calibration",,
evt_1896,sess_20260823_073349,S01,1,233.5,233.5,2802,2802,object_unregistered,40.0,74149.2,0.41,warning,"Unregistered object (mouse) appeared at S01 at 03:53, not present during calibration",,
evt_1897,sess_20260823_073349,S01,1,233.67,233.67,2804,2804,object_unregistered,40.0,74189.0,0.59,warning,"Unregistered object (bottle) appeared at S01 at 03:53, not present during calibration",,
evt_1898,sess_20260823_073349,S01,1,233.67,233.67,2804,2804,object_unregistered,40.0,74229.0,0.42,warning,"Unregistered object (mouse) appeared at S01 at 03:53, not present during calibration",,
evt_1899,sess_20260823_073349,S01,1,233.83,233.83,2806,2806,object_unregistered,40.0,74268.8,0.59,critical,"Unregistered object (bottle) appeared at S01 at 03:53, not present during calibration",,
evt_1900,sess_20260823_073349,S01,1,233.83,233.83,2806,2806,object_unregistered,40.0,74308.8,0.41,warning,"Unregistered object (mouse) appeared at S01 at 03:53, not present during calibration",,
evt_1901,sess_20260823_073349,S01,1,234.0,234.0,2808,2808,object_unregistered,40.0,74348.5,0.59,warning,"Unregistered object (bottle) appeared at S01 at 03:54, not present during calibration",,
evt_1902,sess_20260823_073349,S01,1,234.0,234.0,2808,2808,object_unregistered,40.0,74388.5,0.42,warning,"Unregistered object (mouse) appeared at S01 at 03:54, not present during calibration",,
evt_1903,sess_20260823_073349,S01,1,234.17,234.17,2810,2810,object_unregistered,40.0,74428.2,0.59,warning,"Unregistered object (bottle) appeared at S01 at 03:54, not present during calibration",,
evt_1904,sess_20260823_073349,S01,1,234.17,234.17,2810,2810,object_unregistered,40.0,74468.2,0.42,warning,"Unregistered object (mouse) appeared at S01 at 03:54, not present during calibration",,
evt_1905,sess_20260823_073349,S01,1,234.33,234.33,2812,2812,object_unregistered,40.0,74508.0,0.59,warning,"Unregistered object (bottle) appeared at S01 at 03:54, not present during calibration",,
evt_1906,sess_20260823_073349,S01,1,234.33,234.33,2812,2812,object_unregistered,40.0,74548.0,0.42,warning,"Unregistered object (mouse) appeared at S01 at 03:54, not present during calibration",,
evt_1907,sess_20260823_073349,S01,1,234.5,234.5,2814,2814,object_unregistered,40.0,74587.8,0.59,warning,"Unregistered object (bottle) appeared at S01 at 03:54, not present during calibration",,
evt_1908,sess_20260823_073349,S01,1,234.5,234.5,2814,2814,object_unregistered,40.0,74627.8,0.43,warning,"Unregistered object (mouse) appeared at S01 at 03:54, not present during calibration",,
evt_1909,sess_20260823_073349,S01,1,234.67,234.67,2816,2816,object_unregistered,40.0,74667.5,0.59,warning,"Unregistered object (bottle) appeared at S01 at 03:54, not present during calibration",,
evt_1910,sess_20260823_073349,S01,1,234.67,234.67,2816,2816,object_unregistered,40.0,74707.5,0.42,warning,"Unregistered object (mouse) appeared at S01 at 03:54, not present during calibration",,
evt_1911,sess_20260823_073349,S01,1,234.83,234.83,2818,2818,object_unregistered,40.0,74747.2,0.59,warning,"Unregistered object (bottle) appeared at S01 at 03:54, not present during calibration",,
evt_1912,sess_20260823_073349,S01,1,234.83,234.83,2818,2818,object_unregistered,40.0,74787.2,0.42,warning,"Unregistered object (mouse) appeared at S01 at 03:54, not present during calibration",,
evt_1913,sess_20260823_073349,S01,1,235.0,235.0,2820,2820,object_unregistered,40.0,74827.0,0.59,warning,"Unregistered object (bottle) appeared at S01 at 03:55, not present during calibration",,
evt_1914,sess_20260823_073349,S01,1,235.0,235.0,2820,2820,object_unregistered,40.0,74867.0,0.43,warning,"Unregistered object (mouse) appeared at S01 at 03:55, not present during calibration",,
evt_1915,sess_20260823_073349,S01,1,235.17,235.17,2822,2822,object_unregistered,40.0,74906.8,0.59,warning,"Unregistered object (bottle) appeared at S01 at 03:55, not present during calibration",,
evt_1916,sess_20260823_073349,S01,1,235.17,235.17,2822,2822,object_unregistered,40.0,74946.8,0.42,warning,"Unregistered object (mouse) appeared at S01 at 03:55, not present during calibration",,
evt_1917,sess_20260823_073349,S01,1,235.33,235.33,2824,2824,object_unregistered,40.0,74986.5,0.6,warning,"Unregistered object (bottle) appeared at S01 at 03:55, not present during calibration",,
evt_1918,sess_20260823_073349,S01,1,235.33,235.33,2824,2824,object_unregistered,40.0,75026.5,0.42,warning,"Unregistered object (mouse) appeared at S01 at 03:55, not present during calibration",,
evt_1919,sess_20260823_073349,S01,1,235.5,235.5,2826,2826,object_unregistered,40.0,75066.2,0.59,warning,"Unregistered object (bottle) appeared at S01 at 03:55, not present during calibration",,
evt_1920,sess_20260823_073349,S01,1,235.5,235.5,2826,2826,object_unregistered,40.0,75106.2,0.41,warning,"Unregistered object (mouse) appeared at S01 at 03:55, not present during calibration",,
evt_1921,sess_20260823_073349,S01,1,235.67,235.67,2828,2828,object_unregistered,40.0,75146.0,0.59,warning,"Unregistered object (bottle) appeared at S01 at 03:55, not present during calibration",,
evt_1922,sess_20260823_073349,S01,1,235.67,235.67,2828,2828,object_unregistered,40.0,75186.0,0.4,warning,"Unregistered object (mouse) appeared at S01 at 03:55, not present during calibration",,
evt_1923,sess_20260823_073349,S01,1,235.83,235.83,2830,2830,object_unregistered,40.0,75225.8,0.59,warning,"Unregistered object (bottle) appeared at S01 at 03:55, not present during calibration",,
evt_1924,sess_20260823_073349,S01,1,235.83,235.83,2830,2830,object_unregistered,40.0,75265.8,0.41,warning,"Unregistered object (mouse) appeared at S01 at 03:55, not present during calibration",,
evt_1925,sess_20260823_073349,S01,1,236.0,236.0,2832,2832,object_unregistered,40.0,75305.5,0.59,warning,"Unregistered object (bottle) appeared at S01 at 03:56, not present during calibration",,
evt_1926,sess_20260823_073349,S01,1,236.0,236.0,2832,2832,object_unregistered,40.0,75345.5,0.4,warning,"Unregistered object (mouse) appeared at S01 at 03:56, not present during calibration",,
evt_1927,sess_20260823_073349,S01,1,236.17,236.17,2834,2834,object_unregistered,40.0,75385.2,0.59,warning,"Unregistered object (bottle) appeared at S01 at 03:56, not present during calibration",,
evt_1928,sess_20260823_073349,S01,1,236.17,236.17,2834,2834,object_unregistered,40.0,75425.2,0.4,warning,"Unregistered object (mouse) appeared at S01 at 03:56, not present during calibration",,
evt_1929,sess_20260823_073349,S01,1,236.33,236.33,2836,2836,object_unregistered,40.0,75465.0,0.59,warning,"Unregistered object (bottle) appeared at S01 at 03:56, not present during calibration",,
evt_1930,sess_20260823_073349,S01,1,236.33,236.33,2836,2836,object_unregistered,40.0,75505.0,0.39,warning,"Unregistered object (mouse) appeared at S01 at 03:56, not present during calibration",,
evt_1931,sess_20260823_073349,S01,1,236.5,236.5,2838,2838,object_unregistered,40.0,75544.8,0.58,warning,"Unregistered object (bottle) appeared at S01 at 03:56, not present during calibration",,
evt_1932,sess_20260823_073349,S01,1,236.5,236.5,2838,2838,object_unregistered,40.0,75584.8,0.37,warning,"Unregistered object (mouse) appeared at S01 at 03:56, not present during calibration",,
evt_1933,sess_20260823_073349,S01,1,236.67,236.67,2840,2840,object_unregistered,40.0,75624.5,0.59,warning,"Unregistered object (bottle) appeared at S01 at 03:56, not present during calibration",,
evt_1934,sess_20260823_073349,S01,1,236.67,236.67,2840,2840,object_unregistered,40.0,75664.5,0.37,warning,"Unregistered object (mouse) appeared at S01 at 03:56, not present during calibration",,
evt_1935,sess_20260823_073349,S01,1,236.83,236.83,2842,2842,object_unregistered,40.0,75704.2,0.59,warning,"Unregistered object (bottle) appeared at S01 at 03:56, not present during calibration",,
evt_1936,sess_20260823_073349,S01,1,236.83,236.83,2842,2842,object_unregistered,40.0,75744.2,0.37,warning,"Unregistered object (mouse) appeared at S01 at 03:56, not present during calibration",,
evt_1937,sess_20260823_073349,S01,1,237.0,237.0,2844,2844,object_unregistered,40.0,75784.0,0.59,warning,"Unregistered object (bottle) appeared at S01 at 03:57, not present during calibration",,
evt_1938,sess_20260823_073349,S01,1,237.0,237.0,2844,2844,object_unregistered,40.0,75824.0,0.37,warning,"Unregistered object (mouse) appeared at S01 at 03:57, not present during calibration",,
evt_1939,sess_20260823_073349,S01,1,237.17,237.17,2846,2846,object_unregistered,40.0,75863.8,0.59,warning,"Unregistered object (bottle) appeared at S01 at 03:57, not present during calibration",,
evt_1940,sess_20260823_073349,S01,1,237.17,237.17,2846,2846,object_unregistered,40.0,75903.8,0.37,warning,"Unregistered object (mouse) appeared at S01 at 03:57, not present during calibration",,
evt_1941,sess_20260823_073349,S01,1,237.33,237.33,2848,2848,object_unregistered,40.0,75943.5,0.59,warning,"Unregistered object (bottle) appeared at S01 at 03:57, not present during calibration",,
evt_1942,sess_20260823_073349,S01,1,237.33,237.33,2848,2848,object_unregistered,40.0,75983.5,0.37,warning,"Unregistered object (mouse) appeared at S01 at 03:57, not present during calibration",,
evt_1943,sess_20260823_073349,S01,1,237.5,237.5,2850,2850,object_unregistered,40.0,76023.2,0.59,warning,"Unregistered object (bottle) appeared at S01 at 03:57, not present during calibration",,
evt_1944,sess_20260823_073349,S01,1,237.5,237.5,2850,2850,object_unregistered,40.0,76063.2,0.36,warning,"Unregistered object (mouse) appeared at S01 at 03:57, not present during calibration",,
evt_1945,sess_20260823_073349,S01,1,237.67,237.67,2852,2852,object_unregistered,40.0,76103.0,0.59,warning,"Unregistered object (bottle) appeared at S01 at 03:57, not present during calibration",,
evt_1946,sess_20260823_073349,S01,1,237.67,237.67,2852,2852,object_unregistered,40.0,76143.0,0.36,warning,"Unregistered object (mouse) appeared at S01 at 03:57, not present during calibration",,
evt_1947,sess_20260823_073349,S01,1,237.83,237.83,2854,2854,object_unregistered,40.0,76182.8,0.59,warning,"Unregistered object (bottle) appeared at S01 at 03:57, not present during calibration",,
evt_1948,sess_20260823_073349,S01,1,237.83,237.83,2854,2854,object_unregistered,40.0,76222.8,0.38,warning,"Unregistered object (mouse) appeared at S01 at 03:57, not present during calibration",,
evt_1949,sess_20260823_073349,S01,1,238.0,238.0,2856,2856,object_unregistered,40.0,76262.5,0.59,warning,"Unregistered object (bottle) appeared at S01 at 03:58, not present during calibration",,
evt_1950,sess_20260823_073349,S01,1,238.0,238.0,2856,2856,object_unregistered,40.0,76302.5,0.37,warning,"Unregistered object (mouse) appeared at S01 at 03:58, not present during calibration",,
evt_1951,sess_20260823_073349,S01,1,238.17,238.17,2858,2858,object_unregistered,40.0,76342.2,0.59,warning,"Unregistered object (bottle) appeared at S01 at 03:58, not present during calibration",,
evt_1952,sess_20260823_073349,S01,1,238.17,238.17,2858,2858,object_unregistered,40.0,76382.2,0.38,warning,"Unregistered object (mouse) appeared at S01 at 03:58, not present during calibration",,
evt_1953,sess_20260823_073349,S01,1,238.33,238.33,2860,2860,object_unregistered,40.0,76422.0,0.59,warning,"Unregistered object (bottle) appeared at S01 at 03:58, not present during calibration",,
evt_1954,sess_20260823_073349,S01,1,238.33,238.33,2860,2860,object_unregistered,40.0,76462.0,0.38,warning,"Unregistered object (mouse) appeared at S01 at 03:58, not present during calibration",,
evt_1955,sess_20260823_073349,S01,1,238.5,238.5,2862,2862,object_unregistered,40.0,76501.8,0.59,warning,"Unregistered object (bottle) appeared at S01 at 03:58, not present during calibration",,
evt_1956,sess_20260823_073349,S01,1,238.5,238.5,2862,2862,object_unregistered,40.0,76541.8,0.38,warning,"Unregistered object (mouse) appeared at S01 at 03:58, not present during calibration",,
evt_1957,sess_20260823_073349,S01,1,238.67,238.67,2864,2864,object_unregistered,40.0,76581.5,0.59,warning,"Unregistered object (bottle) appeared at S01 at 03:58, not present during calibration",,
evt_1958,sess_20260823_073349,S01,1,238.67,238.67,2864,2864,object_unregistered,40.0,76621.5,0.39,warning,"Unregistered object (mouse) appeared at S01 at 03:58, not present during calibration",,
evt_1959,sess_20260823_073349,S01,1,238.83,238.83,2866,2866,object_unregistered,40.0,76661.2,0.59,warning,"Unregistered object (bottle) appeared at S01 at 03:58, not present during calibration",,
evt_1960,sess_20260823_073349,S01,1,238.83,238.83,2866,2866,object_unregistered,40.0,76701.2,0.41,warning,"Unregistered object (mouse) appeared at S01 at 03:58, not present during calibration",,
evt_1961,sess_20260823_073349,S01,1,239.0,239.0,2868,2868,object_unregistered,40.0,76741.0,0.59,warning,"Unregistered object (bottle) appeared at S01 at 03:59, not present during calibration",,
evt_1962,sess_20260823_073349,S01,1,239.0,239.0,2868,2868,object_unregistered,40.0,76781.0,0.41,warning,"Unregistered object (mouse) appeared at S01 at 03:59, not present during calibration",,
evt_1963,sess_20260823_073349,S01,1,239.17,239.17,2870,2870,object_unregistered,40.0,76820.8,0.59,warning,"Unregistered object (bottle) appeared at S01 at 03:59, not present during calibration",,
evt_1964,sess_20260823_073349,S01,1,239.17,239.17,2870,2870,object_unregistered,40.0,76860.8,0.41,warning,"Unregistered object (mouse) appeared at S01 at 03:59, not present during calibration",,
evt_1965,sess_20260823_073349,S01,1,239.33,239.33,2872,2872,object_unregistered,40.0,76900.5,0.59,warning,"Unregistered object (bottle) appeared at S01 at 03:59, not present during calibration",,
evt_1966,sess_20260823_073349,S01,1,239.33,239.33,2872,2872,object_unregistered,40.0,76940.5,0.4,warning,"Unregistered object (mouse) appeared at S01 at 03:59, not present during calibration",,
evt_1967,sess_20260823_073349,S01,1,239.5,239.5,2874,2874,object_unregistered,40.0,76980.2,0.59,warning,"Unregistered object (bottle) appeared at S01 at 03:59, not present during calibration",,
evt_1968,sess_20260823_073349,S01,1,239.5,239.5,2874,2874,object_unregistered,40.0,77020.2,0.41,warning,"Unregistered object (mouse) appeared at S01 at 03:59, not present during calibration",,
evt_1969,sess_20260823_073349,S01,1,239.67,239.67,2876,2876,object_unregistered,40.0,77060.0,0.59,warning,"Unregistered object (bottle) appeared at S01 at 03:59, not present during calibration",,
evt_1970,sess_20260823_073349,S01,1,239.67,239.67,2876,2876,object_unregistered,40.0,77100.0,0.41,warning,"Unregistered object (mouse) appeared at S01 at 03:59, not present during calibration",,
evt_1971,sess_20260823_073349,S01,1,239.83,239.83,2878,2878,object_unregistered,40.0,77139.8,0.59,warning,"Unregistered object (bottle) appeared at S01 at 03:59, not present during calibration",,
evt_1972,sess_20260823_073349,S01,1,239.83,239.83,2878,2878,object_unregistered,40.0,77179.8,0.41,warning,"Unregistered object (mouse) appeared at S01 at 03:59, not present during calibration",,
evt_1973,sess_20260823_073349,S01,1,240.0,240.0,2880,2880,object_unregistered,40.0,77219.5,0.59,warning,"Unregistered object (bottle) appeared at S01 at 04:00, not present during calibration",,
evt_1974,sess_20260823_073349,S01,1,240.0,240.0,2880,2880,object_unregistered,40.0,77259.5,0.41,warning,"Unregistered object (mouse) appeared at S01 at 04:00, not present during calibration",,
evt_1975,sess_20260823_073349,S01,1,240.17,240.17,2882,2882,object_unregistered,40.0,77299.2,0.59,warning,"Unregistered object (bottle) appeared at S01 at 04:00, not present during calibration",,
evt_1976,sess_20260823_073349,S01,1,240.17,240.17,2882,2882,object_unregistered,40.0,77339.2,0.42,warning,"Unregistered object (mouse) appeared at S01 at 04:00, not present during calibration",,
evt_1977,sess_20260823_073349,S01,1,240.33,240.33,2884,2884,object_unregistered,40.0,77379.0,0.59,warning,"Unregistered object (bottle) appeared at S01 at 04:00, not present during calibration",,
evt_1978,sess_20260823_073349,S01,1,240.33,240.33,2884,2884,object_unregistered,40.0,77419.0,0.42,warning,"Unregistered object (mouse) appeared at S01 at 04:00, not present during calibration",,
evt_1979,sess_20260823_073349,S01,1,240.5,240.5,2886,2886,object_unregistered,40.0,77458.8,0.59,warning,"Unregistered object (bottle) appeared at S01 at 04:00, not present during calibration",,
evt_1980,sess_20260823_073349,S01,1,240.5,240.5,2886,2886,object_unregistered,40.0,77498.8,0.41,warning,"Unregistered object (mouse) appeared at S01 at 04:00, not present during calibration",,
evt_1981,sess_20260823_073349,S01,1,240.67,240.67,2888,2888,object_unregistered,40.0,77538.5,0.59,warning,"Unregistered object (bottle) appeared at S01 at 04:00, not present during calibration",,
evt_1982,sess_20260823_073349,S01,1,240.67,240.67,2888,2888,object_unregistered,40.0,77578.5,0.4,warning,"Unregistered object (mouse) appeared at S01 at 04:00, not present during calibration",,
evt_1983,sess_20260823_073349,S01,1,240.83,240.83,2890,2890,object_unregistered,40.0,77618.2,0.59,warning,"Unregistered object (bottle) appeared at S01 at 04:00, not present during calibration",,
evt_1984,sess_20260823_073349,S01,1,240.83,240.83,2890,2890,object_unregistered,40.0,77658.2,0.41,warning,"Unregistered object (mouse) appeared at S01 at 04:00, not present during calibration",,
evt_1985,sess_20260823_073349,S01,1,241.0,241.0,2892,2892,object_unregistered,40.0,77698.0,0.59,warning,"Unregistered object (bottle) appeared at S01 at 04:01, not present during calibration",,
evt_1986,sess_20260823_073349,S01,1,241.0,241.0,2892,2892,object_unregistered,40.0,77738.0,0.41,warning,"Unregistered object (mouse) appeared at S01 at 04:01, not present during calibration",,
evt_1987,sess_20260823_073349,S01,1,241.17,241.17,2894,2894,object_unregistered,40.0,77777.8,0.59,warning,"Unregistered object (bottle) appeared at S01 at 04:01, not present during calibration",,
evt_1988,sess_20260823_073349,S01,1,241.17,241.17,2894,2894,object_unregistered,40.0,77817.8,0.41,warning,"Unregistered object (mouse) appeared at S01 at 04:01, not present during calibration",,
evt_1989,sess_20260823_073349,S01,1,241.33,241.33,2896,2896,object_unregistered,40.0,77857.5,0.59,warning,"Unregistered object (bottle) appeared at S01 at 04:01, not present during calibration",,
evt_1990,sess_20260823_073349,S01,1,241.33,241.33,2896,2896,object_unregistered,40.0,77897.5,0.41,warning,"Unregistered object (mouse) appeared at S01 at 04:01, not present during calibration",,
evt_1991,sess_20260823_073349,S01,1,241.5,241.5,2898,2898,object_unregistered,40.0,77937.2,0.59,warning,"Unregistered object (bottle) appeared at S01 at 04:01, not present during calibration",,
evt_1992,sess_20260823_073349,S01,1,241.5,241.5,2898,2898,object_unregistered,40.0,77977.2,0.42,warning,"Unregistered object (mouse) appeared at S01 at 04:01, not present during calibration",,
evt_1993,sess_20260823_073349,S01,1,241.67,241.67,2900,2900,object_unregistered,40.0,78017.0,0.59,warning,"Unregistered object (bottle) appeared at S01 at 04:01, not present during calibration",,
evt_1994,sess_20260823_073349,S01,1,241.67,241.67,2900,2900,object_unregistered,40.0,78057.0,0.42,warning,"Unregistered object (mouse) appeared at S01 at 04:01, not present during calibration",,
evt_1995,sess_20260823_073349,S01,1,241.83,241.83,2902,2902,object_unregistered,40.0,78096.8,0.59,warning,"Unregistered object (bottle) appeared at S01 at 04:01, not present during calibration",,
evt_1996,sess_20260823_073349,S01,1,241.83,241.83,2902,2902,object_unregistered,40.0,78136.8,0.42,warning,"Unregistered object (mouse) appeared at S01 at 04:01, not present during calibration",,
evt_1997,sess_20260823_073349,S01,1,242.0,242.0,2904,2904,object_unregistered,40.0,78176.5,0.6,warning,"Unregistered object (bottle) appeared at S01 at 04:02, not present during calibration",,
evt_1998,sess_20260823_073349,S01,1,242.0,242.0,2904,2904,object_unregistered,40.0,78216.5,0.42,warning,"Unregistered object (mouse) appeared at S01 at 04:02, not present during calibration",,
evt_1999,sess_20260823_073349,S01,1,242.17,242.17,2906,2906,object_unregistered,40.0,78256.2,0.6,warning,"Unregistered object (bottle) appeared at S01 at 04:02, not present during calibration",,
evt_2000,sess_20260823_073349,S01,1,242.17,242.17,2906,2906,object_unregistered,40.0,78296.2,0.41,warning,"Unregistered object (mouse) appeared at S01 at 04:02, not present during calibration",,
evt_2001,sess_20260823_073349,S01,1,242.33,242.33,2908,2908,object_unregistered,40.0,78336.0,0.6,warning,"Unregistered object (bottle) appeared at S01 at 04:02, not present during calibration",,
evt_2002,sess_20260823_073349,S01,1,242.33,242.33,2908,2908,object_unregistered,40.0,78376.0,0.41,warning,"Unregistered object (mouse) appeared at S01 at 04:02, not present during calibration",,
evt_2003,sess_20260823_073349,S01,1,242.5,242.5,2910,2910,object_unregistered,40.0,78415.8,0.6,warning,"Unregistered object (bottle) appeared at S01 at 04:02, not present during calibration",,
evt_2004,sess_20260823_073349,S01,1,242.5,242.5,2910,2910,object_unregistered,40.0,78455.8,0.41,warning,"Unregistered object (mouse) appeared at S01 at 04:02, not present during calibration",,
evt_2005,sess_20260823_073349,S01,1,242.67,242.67,2912,2912,object_unregistered,40.0,78495.5,0.6,warning,"Unregistered object (bottle) appeared at S01 at 04:02, not present during calibration",,
evt_2006,sess_20260823_073349,S01,1,242.67,242.67,2912,2912,object_unregistered,40.0,78535.5,0.41,warning,"Unregistered object (mouse) appeared at S01 at 04:02, not present during calibration",,
evt_2007,sess_20260823_073349,S01,1,242.83,242.83,2914,2914,object_unregistered,40.0,78575.2,0.6,warning,"Unregistered object (bottle) appeared at S01 at 04:02, not present during calibration",,
evt_2008,sess_20260823_073349,S01,1,242.83,242.83,2914,2914,object_unregistered,40.0,78615.2,0.41,warning,"Unregistered object (mouse) appeared at S01 at 04:02, not present during calibration",,
evt_2009,sess_20260823_073349,S01,1,243.0,243.0,2916,2916,object_unregistered,40.0,78655.0,0.6,warning,"Unregistered object (bottle) appeared at S01 at 04:03, not present during calibration",,
evt_2010,sess_20260823_073349,S01,1,243.0,243.0,2916,2916,object_unregistered,40.0,78695.0,0.39,warning,"Unregistered object (mouse) appeared at S01 at 04:03, not present during calibration",,
evt_2011,sess_20260823_073349,S01,1,243.17,243.17,2918,2918,object_unregistered,40.0,78734.8,0.61,warning,"Unregistered object (bottle) appeared at S01 at 04:03, not present during calibration",,
evt_2012,sess_20260823_073349,S01,1,243.17,243.17,2918,2918,object_unregistered,40.0,78774.8,0.38,warning,"Unregistered object (mouse) appeared at S01 at 04:03, not present during calibration",,
evt_2013,sess_20260823_073349,S01,1,243.33,243.33,2920,2920,object_unregistered,40.0,78814.5,0.61,warning,"Unregistered object (bottle) appeared at S01 at 04:03, not present during calibration",,
evt_2014,sess_20260823_073349,S01,1,243.33,243.33,2920,2920,object_unregistered,40.0,78854.5,0.38,warning,"Unregistered object (mouse) appeared at S01 at 04:03, not present during calibration",,
evt_2015,sess_20260823_073349,S01,1,243.5,243.5,2922,2922,object_unregistered,40.0,78894.2,0.61,warning,"Unregistered object (bottle) appeared at S01 at 04:03, not present during calibration",,
evt_2016,sess_20260823_073349,S01,1,243.5,243.5,2922,2922,object_unregistered,40.0,78934.2,0.39,warning,"Unregistered object (mouse) appeared at S01 at 04:03, not present during calibration",,
evt_2017,sess_20260823_073349,S01,1,243.67,243.67,2924,2924,object_unregistered,40.0,78974.0,0.61,warning,"Unregistered object (bottle) appeared at S01 at 04:03, not present during calibration",,
evt_2018,sess_20260823_073349,S01,1,243.67,243.67,2924,2924,object_unregistered,40.0,79014.0,0.39,warning,"Unregistered object (mouse) appeared at S01 at 04:03, not present during calibration",,
evt_2019,sess_20260823_073349,S01,1,243.83,243.83,2926,2926,object_unregistered,40.0,79053.8,0.61,warning,"Unregistered object (bottle) appeared at S01 at 04:03, not present during calibration",,
evt_2020,sess_20260823_073349,S01,1,243.83,243.83,2926,2926,object_unregistered,40.0,79093.8,0.39,warning,"Unregistered object (mouse) appeared at S01 at 04:03, not present during calibration",,
evt_2021,sess_20260823_073349,S01,1,244.0,244.0,2928,2928,object_unregistered,40.0,79133.5,0.61,warning,"Unregistered object (bottle) appeared at S01 at 04:04, not present during calibration",,
evt_2022,sess_20260823_073349,S01,1,244.0,244.0,2928,2928,object_unregistered,40.0,79173.5,0.38,warning,"Unregistered object (mouse) appeared at S01 at 04:04, not present during calibration",,
evt_2023,sess_20260823_073349,S01,1,244.17,244.17,2930,2930,object_unregistered,40.0,79213.2,0.61,warning,"Unregistered object (bottle) appeared at S01 at 04:04, not present during calibration",,
evt_2024,sess_20260823_073349,S01,1,244.17,244.17,2930,2930,object_unregistered,40.0,79253.2,0.38,warning,"Unregistered object (mouse) appeared at S01 at 04:04, not present during calibration",,
evt_2025,sess_20260823_073349,S01,1,244.33,244.33,2932,2932,object_unregistered,40.0,79293.0,0.61,warning,"Unregistered object (bottle) appeared at S01 at 04:04, not present during calibration",,
evt_2026,sess_20260823_073349,S01,1,244.33,244.33,2932,2932,object_unregistered,40.0,79333.0,0.38,warning,"Unregistered object (mouse) appeared at S01 at 04:04, not present during calibration",,
evt_2027,sess_20260823_073349,S01,1,244.5,244.5,2934,2934,object_unregistered,40.0,79372.8,0.61,warning,"Unregistered object (bottle) appeared at S01 at 04:04, not present during calibration",,
evt_2028,sess_20260823_073349,S01,1,244.5,244.5,2934,2934,object_unregistered,40.0,79412.8,0.38,warning,"Unregistered object (mouse) appeared at S01 at 04:04, not present during calibration",,
evt_2029,sess_20260823_073349,S01,1,244.67,244.67,2936,2936,object_unregistered,40.0,79452.5,0.61,warning,"Unregistered object (bottle) appeared at S01 at 04:04, not present during calibration",,
evt_2030,sess_20260823_073349,S01,1,244.67,244.67,2936,2936,object_unregistered,40.0,79492.5,0.38,warning,"Unregistered object (mouse) appeared at S01 at 04:04, not present during calibration",,
evt_2031,sess_20260823_073349,S01,1,244.83,244.83,2938,2938,object_unregistered,40.0,79532.2,0.61,warning,"Unregistered object (bottle) appeared at S01 at 04:04, not present during calibration",,
evt_2032,sess_20260823_073349,S01,1,244.83,244.83,2938,2938,object_unregistered,40.0,79572.2,0.38,warning,"Unregistered object (mouse) appeared at S01 at 04:04, not present during calibration",,
evt_2033,sess_20260823_073349,S01,1,245.0,245.0,2940,2940,object_unregistered,40.0,79612.0,0.61,warning,"Unregistered object (bottle) appeared at S01 at 04:05, not present during calibration",,
evt_2034,sess_20260823_073349,S01,1,245.0,245.0,2940,2940,object_unregistered,40.0,79652.0,0.37,warning,"Unregistered object (mouse) appeared at S01 at 04:05, not present during calibration",,
evt_2035,sess_20260823_073349,S01,1,245.17,245.17,2942,2942,object_unregistered,40.0,79691.8,0.61,warning,"Unregistered object (bottle) appeared at S01 at 04:05, not present during calibration",,
evt_2036,sess_20260823_073349,S01,1,245.17,245.17,2942,2942,object_unregistered,40.0,79731.8,0.37,warning,"Unregistered object (mouse) appeared at S01 at 04:05, not present during calibration",,
evt_2037,sess_20260823_073349,S01,1,245.33,245.33,2944,2944,object_unregistered,40.0,79771.5,0.61,warning,"Unregistered object (bottle) appeared at S01 at 04:05, not present during calibration",,
evt_2038,sess_20260823_073349,S01,1,245.33,245.33,2944,2944,object_unregistered,40.0,79811.5,0.37,warning,"Unregistered object (mouse) appeared at S01 at 04:05, not present during calibration",,
evt_2039,sess_20260823_073349,S01,1,245.5,245.5,2946,2946,object_unregistered,40.0,79851.2,0.61,warning,"Unregistered object (bottle) appeared at S01 at 04:05, not present during calibration",,
evt_2040,sess_20260823_073349,S01,1,245.5,245.5,2946,2946,object_unregistered,40.0,79891.2,0.38,warning,"Unregistered object (mouse) appeared at S01 at 04:05, not present during calibration",,
evt_2041,sess_20260823_073349,S01,1,245.67,245.67,2948,2948,object_unregistered,40.0,79931.0,0.61,warning,"Unregistered object (bottle) appeared at S01 at 04:05, not present during calibration",,
evt_2042,sess_20260823_073349,S01,1,245.67,245.67,2948,2948,object_unregistered,40.0,79971.0,0.39,warning,"Unregistered object (mouse) appeared at S01 at 04:05, not present during calibration",,
evt_2043,sess_20260823_073349,S01,1,245.83,245.83,2950,2950,object_unregistered,40.0,80010.8,0.6,warning,"Unregistered object (bottle) appeared at S01 at 04:05, not present during calibration",,
evt_2044,sess_20260823_073349,S01,1,245.83,245.83,2950,2950,object_unregistered,40.0,80050.8,0.39,warning,"Unregistered object (mouse) appeared at S01 at 04:05, not present during calibration",,
evt_2045,sess_20260823_073349,S01,1,246.0,246.0,2952,2952,object_unregistered,40.0,80090.5,0.61,warning,"Unregistered object (bottle) appeared at S01 at 04:06, not present during calibration",,
evt_2046,sess_20260823_073349,S01,1,246.0,246.0,2952,2952,object_unregistered,40.0,80130.5,0.39,warning,"Unregistered object (mouse) appeared at S01 at 04:06, not present during calibration",,
evt_2047,sess_20260823_073349,S01,1,246.17,246.17,2954,2954,object_unregistered,40.0,80170.2,0.6,warning,"Unregistered object (bottle) appeared at S01 at 04:06, not present during calibration",,
evt_2048,sess_20260823_073349,S01,1,246.17,246.17,2954,2954,object_unregistered,40.0,80210.2,0.37,warning,"Unregistered object (mouse) appeared at S01 at 04:06, not present during calibration",,
evt_2049,sess_20260823_073349,S01,1,246.33,246.33,2956,2956,object_unregistered,40.0,80250.0,0.6,warning,"Unregistered object (bottle) appeared at S01 at 04:06, not present during calibration",,
evt_2050,sess_20260823_073349,S01,1,246.33,246.33,2956,2956,object_unregistered,40.0,80290.0,0.37,warning,"Unregistered object (mouse) appeared at S01 at 04:06, not present during calibration",,
evt_2051,sess_20260823_073349,S01,1,246.5,246.5,2958,2958,object_unregistered,40.0,80329.8,0.6,warning,"Unregistered object (bottle) appeared at S01 at 04:06, not present during calibration",,
evt_2052,sess_20260823_073349,S01,1,246.5,246.5,2958,2958,object_unregistered,40.0,80369.8,0.36,warning,"Unregistered object (mouse) appeared at S01 at 04:06, not present during calibration",,
evt_2053,sess_20260823_073349,S01,1,246.5,246.5,2958,2958,object_unregistered,40.0,80409.8,0.35,warning,"Unregistered object (mouse) appeared at S01 at 04:06, not present during calibration",,
evt_2054,sess_20260823_073349,S01,1,246.67,246.67,2960,2960,object_unregistered,40.0,80449.5,0.61,warning,"Unregistered object (bottle) appeared at S01 at 04:06, not present during calibration",,
evt_2055,sess_20260823_073349,S01,1,246.67,246.67,2960,2960,object_unregistered,40.0,80489.5,0.36,warning,"Unregistered object (mouse) appeared at S01 at 04:06, not present during calibration",,
evt_2056,sess_20260823_073349,S01,1,246.83,246.83,2962,2962,object_unregistered,40.0,80529.2,0.61,warning,"Unregistered object (bottle) appeared at S01 at 04:06, not present during calibration",,
evt_2057,sess_20260823_073349,S01,1,246.83,246.83,2962,2962,object_unregistered,40.0,80569.2,0.36,warning,"Unregistered object (mouse) appeared at S01 at 04:06, not present during calibration",,
evt_2058,sess_20260823_073349,S01,1,246.83,246.83,2962,2962,object_unregistered,40.0,80609.2,0.36,warning,"Unregistered object (mouse) appeared at S01 at 04:06, not present during calibration",,
evt_2059,sess_20260823_073349,S01,1,247.0,247.0,2964,2964,object_unregistered,40.0,80649.0,0.61,warning,"Unregistered object (bottle) appeared at S01 at 04:07, not present during calibration",,
evt_2060,sess_20260823_073349,S01,1,247.0,247.0,2964,2964,object_unregistered,40.0,80689.0,0.36,warning,"Unregistered object (mouse) appeared at S01 at 04:07, not present during calibration",,
evt_2061,sess_20260823_073349,S01,1,247.0,247.0,2964,2964,object_unregistered,40.0,80729.0,0.35,warning,"Unregistered object (mouse) appeared at S01 at 04:07, not present during calibration",,
evt_2062,sess_20260823_073349,S01,1,247.17,247.17,2966,2966,object_unregistered,40.0,80768.8,0.6,warning,"Unregistered object (bottle) appeared at S01 at 04:07, not present during calibration",,
evt_2063,sess_20260823_073349,S01,1,247.17,247.17,2966,2966,object_unregistered,40.0,80808.8,0.37,warning,"Unregistered object (mouse) appeared at S01 at 04:07, not present during calibration",,
evt_2064,sess_20260823_073349,S01,1,247.17,247.17,2966,2966,object_unregistered,40.0,80848.8,0.34,warning,"Unregistered object (mouse) appeared at S01 at 04:07, not present during calibration",,
evt_2065,sess_20260823_073349,S01,1,247.33,247.33,2968,2968,object_unregistered,40.0,80888.5,0.6,warning,"Unregistered object (bottle) appeared at S01 at 04:07, not present during calibration",,
evt_2066,sess_20260823_073349,S01,1,247.33,247.33,2968,2968,object_unregistered,40.0,80928.5,0.37,warning,"Unregistered object (mouse) appeared at S01 at 04:07, not present during calibration",,
evt_2067,sess_20260823_073349,S01,1,247.33,247.33,2968,2968,object_unregistered,40.0,80968.5,0.32,warning,"Unregistered object (mouse) appeared at S01 at 04:07, not present during calibration",,
evt_2068,sess_20260823_073349,S01,1,247.5,247.5,2970,2970,object_unregistered,40.0,81008.2,0.6,warning,"Unregistered object (bottle) appeared at S01 at 04:07, not present during calibration",,
evt_2069,sess_20260823_073349,S01,1,247.5,247.5,2970,2970,object_unregistered,40.0,81048.2,0.37,warning,"Unregistered object (mouse) appeared at S01 at 04:07, not present during calibration",,
evt_2070,sess_20260823_073349,S01,1,247.67,247.67,2972,2972,object_unregistered,40.0,81088.0,0.6,warning,"Unregistered object (bottle) appeared at S01 at 04:07, not present during calibration",,
evt_2071,sess_20260823_073349,S01,1,247.67,247.67,2972,2972,object_unregistered,40.0,81128.0,0.37,warning,"Unregistered object (mouse) appeared at S01 at 04:07, not present during calibration",,
evt_2072,sess_20260823_073349,S01,1,247.83,247.83,2974,2974,object_unregistered,40.0,81167.8,0.6,warning,"Unregistered object (bottle) appeared at S01 at 04:07, not present during calibration",,
evt_2073,sess_20260823_073349,S01,1,247.83,247.83,2974,2974,object_unregistered,40.0,81207.8,0.35,warning,"Unregistered object (mouse) appeared at S01 at 04:07, not present during calibration",,
evt_2074,sess_20260823_073349,S01,1,247.83,247.83,2974,2974,object_unregistered,40.0,81247.8,0.34,warning,"Unregistered object (mouse) appeared at S01 at 04:07, not present during calibration",,
evt_2075,sess_20260823_073349,S01,1,248.0,248.0,2976,2976,object_unregistered,40.0,81287.5,0.6,warning,"Unregistered object (bottle) appeared at S01 at 04:08, not present during calibration",,
evt_2076,sess_20260823_073349,S01,1,248.0,248.0,2976,2976,object_unregistered,40.0,81327.5,0.36,warning,"Unregistered object (mouse) appeared at S01 at 04:08, not present during calibration",,
evt_2077,sess_20260823_073349,S01,1,248.0,248.0,2976,2976,object_unregistered,40.0,81367.5,0.36,warning,"Unregistered object (mouse) appeared at S01 at 04:08, not present during calibration",,
evt_2078,sess_20260823_073349,S01,1,248.17,248.17,2978,2978,object_unregistered,40.0,81407.2,0.6,warning,"Unregistered object (bottle) appeared at S01 at 04:08, not present during calibration",,
evt_2079,sess_20260823_073349,S01,1,248.17,248.17,2978,2978,object_unregistered,40.0,81447.2,0.37,warning,"Unregistered object (mouse) appeared at S01 at 04:08, not present during calibration",,
evt_2080,sess_20260823_073349,S01,1,248.17,248.17,2978,2978,object_unregistered,40.0,81487.2,0.35,warning,"Unregistered object (mouse) appeared at S01 at 04:08, not present during calibration",,
evt_2081,sess_20260823_073349,S01,1,248.33,248.33,2980,2980,object_unregistered,40.0,81527.0,0.6,warning,"Unregistered object (bottle) appeared at S01 at 04:08, not present during calibration",,
evt_2082,sess_20260823_073349,S01,1,248.33,248.33,2980,2980,object_unregistered,40.0,81567.0,0.38,warning,"Unregistered object (mouse) appeared at S01 at 04:08, not present during calibration",,
evt_2083,sess_20260823_073349,S01,1,248.33,248.33,2980,2980,object_unregistered,40.0,81607.0,0.35,warning,"Unregistered object (mouse) appeared at S01 at 04:08, not present during calibration",,
evt_2084,sess_20260823_073349,S01,1,248.5,248.5,2982,2982,object_unregistered,40.0,81646.8,0.6,warning,"Unregistered object (bottle) appeared at S01 at 04:08, not present during calibration",,
evt_2085,sess_20260823_073349,S01,1,248.5,248.5,2982,2982,object_unregistered,40.0,81686.8,0.38,warning,"Unregistered object (mouse) appeared at S01 at 04:08, not present during calibration",,
evt_2086,sess_20260823_073349,S01,1,248.5,248.5,2982,2982,object_unregistered,40.0,81726.8,0.35,warning,"Unregistered object (mouse) appeared at S01 at 04:08, not present during calibration",,
evt_2087,sess_20260823_073349,S01,1,248.67,248.67,2984,2984,object_unregistered,40.0,81766.5,0.6,warning,"Unregistered object (bottle) appeared at S01 at 04:08, not present during calibration",,
evt_2088,sess_20260823_073349,S01,1,248.67,248.67,2984,2984,object_unregistered,40.0,81806.5,0.37,warning,"Unregistered object (mouse) appeared at S01 at 04:08, not present during calibration",,
evt_2089,sess_20260823_073349,S01,1,248.67,248.67,2984,2984,object_unregistered,40.0,81846.5,0.37,warning,"Unregistered object (mouse) appeared at S01 at 04:08, not present during calibration",,
evt_2090,sess_20260823_073349,S01,1,248.83,248.83,2986,2986,object_unregistered,40.0,81886.2,0.61,critical,"Unregistered object (bottle) appeared at S01 at 04:08, not present during calibration",,
evt_2091,sess_20260823_073349,S01,1,248.83,248.83,2986,2986,object_unregistered,40.0,81926.2,0.44,warning,"Unregistered object (mouse) appeared at S01 at 04:08, not present during calibration",,
evt_2092,sess_20260823_073349,S01,1,248.83,248.83,2986,2986,object_unregistered,40.0,81966.2,0.35,warning,"Unregistered object (mouse) appeared at S01 at 04:08, not present during calibration",,
evt_2093,sess_20260823_073349,S01,1,249.0,249.0,2988,2988,object_unregistered,40.0,82006.0,0.6,warning,"Unregistered object (bottle) appeared at S01 at 04:09, not present during calibration",,
evt_2094,sess_20260823_073349,S01,1,249.0,249.0,2988,2988,object_unregistered,40.0,82046.0,0.46,warning,"Unregistered object (mouse) appeared at S01 at 04:09, not present during calibration",,
evt_2095,sess_20260823_073349,S01,1,249.0,249.0,2988,2988,object_unregistered,40.0,82086.0,0.35,warning,"Unregistered object (mouse) appeared at S01 at 04:09, not present during calibration",,
evt_2096,sess_20260823_073349,S01,1,249.17,249.17,2990,2990,object_unregistered,40.0,82125.8,0.6,warning,"Unregistered object (bottle) appeared at S01 at 04:09, not present during calibration",,
evt_2097,sess_20260823_073349,S01,1,249.17,249.17,2990,2990,object_unregistered,40.0,82165.8,0.45,warning,"Unregistered object (mouse) appeared at S01 at 04:09, not present during calibration",,
evt_2098,sess_20260823_073349,S01,1,249.17,249.17,2990,2990,object_unregistered,40.0,82205.8,0.35,warning,"Unregistered object (mouse) appeared at S01 at 04:09, not present during calibration",,
evt_2099,sess_20260823_073349,S01,1,249.33,249.33,2992,2992,object_unregistered,40.0,82245.5,0.61,warning,"Unregistered object (bottle) appeared at S01 at 04:09, not present during calibration",,
evt_2100,sess_20260823_073349,S01,1,249.33,249.33,2992,2992,object_unregistered,40.0,82285.5,0.44,warning,"Unregistered object (mouse) appeared at S01 at 04:09, not present during calibration",,
evt_2101,sess_20260823_073349,S01,1,249.33,249.33,2992,2992,object_unregistered,40.0,82325.5,0.36,warning,"Unregistered object (mouse) appeared at S01 at 04:09, not present during calibration",,
evt_2102,sess_20260823_073349,S01,1,249.5,249.5,2994,2994,object_unregistered,40.0,82365.2,0.61,warning,"Unregistered object (bottle) appeared at S01 at 04:09, not present during calibration",,
evt_2103,sess_20260823_073349,S01,1,249.5,249.5,2994,2994,object_unregistered,40.0,82405.2,0.46,warning,"Unregistered object (mouse) appeared at S01 at 04:09, not present during calibration",,
evt_2104,sess_20260823_073349,S01,1,249.5,249.5,2994,2994,object_unregistered,40.0,82445.2,0.38,warning,"Unregistered object (mouse) appeared at S01 at 04:09, not present during calibration",,
evt_2105,sess_20260823_073349,S01,1,249.67,249.67,2996,2996,object_unregistered,40.0,82485.0,0.61,warning,"Unregistered object (bottle) appeared at S01 at 04:09, not present during calibration",,
evt_2106,sess_20260823_073349,S01,1,249.67,249.67,2996,2996,object_unregistered,40.0,82525.0,0.47,warning,"Unregistered object (mouse) appeared at S01 at 04:09, not present during calibration",,
evt_2107,sess_20260823_073349,S01,1,249.67,249.67,2996,2996,object_unregistered,40.0,82565.0,0.38,warning,"Unregistered object (mouse) appeared at S01 at 04:09, not present during calibration",,
evt_2108,sess_20260823_073349,S01,1,249.83,249.83,2998,2998,object_unregistered,40.0,82604.8,0.61,warning,"Unregistered object (bottle) appeared at S01 at 04:09, not present during calibration",,
evt_2109,sess_20260823_073349,S01,1,249.83,249.83,2998,2998,object_unregistered,40.0,82644.8,0.46,warning,"Unregistered object (mouse) appeared at S01 at 04:09, not present during calibration",,
evt_2110,sess_20260823_073349,S01,1,249.83,249.83,2998,2998,object_unregistered,40.0,82684.8,0.38,warning,"Unregistered object (mouse) appeared at S01 at 04:09, not present during calibration",,
evt_2111,sess_20260823_073349,S01,1,250.0,250.0,3000,3000,object_unregistered,40.0,82724.5,0.6,warning,"Unregistered object (bottle) appeared at S01 at 04:10, not present during calibration",,
evt_2112,sess_20260823_073349,S01,1,250.0,250.0,3000,3000,object_unregistered,40.0,82764.5,0.37,warning,"Unregistered object (mouse) appeared at S01 at 04:10, not present during calibration",,
evt_2113,sess_20260823_073349,S01,1,250.0,250.0,3000,3000,object_unregistered,40.0,82804.5,0.3,warning,"Unregistered object (mouse) appeared at S01 at 04:10, not present during calibration",,
evt_2114,sess_20260823_073349,S01,1,250.17,250.17,3002,3002,object_unregistered,40.0,82844.2,0.6,warning,"Unregistered object (bottle) appeared at S01 at 04:10, not present during calibration",,
evt_2115,sess_20260823_073349,S01,1,250.17,250.17,3002,3002,object_unregistered,40.0,82884.2,0.36,warning,"Unregistered object (mouse) appeared at S01 at 04:10, not present during calibration",,
evt_2116,sess_20260823_073349,S01,1,250.17,250.17,3002,3002,object_unregistered,40.0,82924.2,0.32,warning,"Unregistered object (mouse) appeared at S01 at 04:10, not present during calibration",,
evt_2117,sess_20260823_073349,S01,1,250.33,250.33,3004,3004,object_unregistered,40.0,82964.0,0.6,warning,"Unregistered object (bottle) appeared at S01 at 04:10, not present during calibration",,
evt_2118,sess_20260823_073349,S01,1,250.33,250.33,3004,3004,object_unregistered,40.0,83004.0,0.37,warning,"Unregistered object (mouse) appeared at S01 at 04:10, not present during calibration",,
evt_2119,sess_20260823_073349,S01,1,250.33,250.33,3004,3004,object_unregistered,40.0,83044.0,0.31,warning,"Unregistered object (mouse) appeared at S01 at 04:10, not present during calibration",,
evt_2120,sess_20260823_073349,S01,1,250.5,250.5,3006,3006,object_unregistered,40.0,83083.8,0.6,warning,"Unregistered object (bottle) appeared at S01 at 04:10, not present during calibration",,
evt_2121,sess_20260823_073349,S01,1,250.5,250.5,3006,3006,object_unregistered,40.0,83123.8,0.37,warning,"Unregistered object (mouse) appeared at S01 at 04:10, not present during calibration",,
evt_2122,sess_20260823_073349,S01,1,250.5,250.5,3006,3006,object_unregistered,40.0,83163.8,0.32,warning,"Unregistered object (mouse) appeared at S01 at 04:10, not present during calibration",,
evt_2123,sess_20260823_073349,S01,1,250.67,250.67,3008,3008,object_unregistered,40.0,83203.5,0.6,warning,"Unregistered object (bottle) appeared at S01 at 04:10, not present during calibration",,
evt_2124,sess_20260823_073349,S01,1,250.67,250.67,3008,3008,object_unregistered,40.0,83243.5,0.37,warning,"Unregistered object (mouse) appeared at S01 at 04:10, not present during calibration",,
evt_2125,sess_20260823_073349,S01,1,250.67,250.67,3008,3008,object_unregistered,40.0,83283.5,0.32,warning,"Unregistered object (mouse) appeared at S01 at 04:10, not present during calibration",,
evt_2126,sess_20260823_073349,S01,1,250.83,250.83,3010,3010,object_unregistered,40.0,83323.2,0.6,warning,"Unregistered object (bottle) appeared at S01 at 04:10, not present during calibration",,
evt_2127,sess_20260823_073349,S01,1,250.83,250.83,3010,3010,object_unregistered,40.0,83363.2,0.38,warning,"Unregistered object (mouse) appeared at S01 at 04:10, not present during calibration",,
evt_2128,sess_20260823_073349,S01,1,250.83,250.83,3010,3010,object_unregistered,40.0,83403.2,0.33,warning,"Unregistered object (mouse) appeared at S01 at 04:10, not present during calibration",,
evt_2129,sess_20260823_073349,S01,1,251.0,251.0,3012,3012,object_unregistered,40.0,83443.0,0.6,warning,"Unregistered object (bottle) appeared at S01 at 04:11, not present during calibration",,
evt_2130,sess_20260823_073349,S01,1,251.0,251.0,3012,3012,object_unregistered,40.0,83483.0,0.38,warning,"Unregistered object (mouse) appeared at S01 at 04:11, not present during calibration",,
evt_2131,sess_20260823_073349,S01,1,251.0,251.0,3012,3012,object_unregistered,40.0,83523.0,0.32,warning,"Unregistered object (mouse) appeared at S01 at 04:11, not present during calibration",,
evt_2132,sess_20260823_073349,S01,1,251.17,251.17,3014,3014,object_unregistered,40.0,83562.8,0.6,warning,"Unregistered object (bottle) appeared at S01 at 04:11, not present during calibration",,
evt_2133,sess_20260823_073349,S01,1,251.17,251.17,3014,3014,object_unregistered,40.0,83602.8,0.36,warning,"Unregistered object (mouse) appeared at S01 at 04:11, not present during calibration",,
evt_2134,sess_20260823_073349,S01,1,251.17,251.17,3014,3014,object_unregistered,40.0,83642.8,0.32,warning,"Unregistered object (mouse) appeared at S01 at 04:11, not present during calibration",,
evt_2135,sess_20260823_073349,S01,1,251.33,251.33,3016,3016,object_unregistered,40.0,83682.5,0.6,warning,"Unregistered object (bottle) appeared at S01 at 04:11, not present during calibration",,
evt_2136,sess_20260823_073349,S01,1,251.33,251.33,3016,3016,object_unregistered,40.0,83722.5,0.33,warning,"Unregistered object (mouse) appeared at S01 at 04:11, not present during calibration",,
evt_2137,sess_20260823_073349,S01,1,251.33,251.33,3016,3016,object_unregistered,40.0,83762.5,0.32,warning,"Unregistered object (mouse) appeared at S01 at 04:11, not present during calibration",,
evt_2138,sess_20260823_073349,S01,1,251.5,251.5,3018,3018,object_unregistered,40.0,83802.2,0.6,warning,"Unregistered object (bottle) appeared at S01 at 04:11, not present during calibration",,
evt_2139,sess_20260823_073349,S01,1,251.5,251.5,3018,3018,object_unregistered,40.0,83842.2,0.34,warning,"Unregistered object (mouse) appeared at S01 at 04:11, not present during calibration",,
evt_2140,sess_20260823_073349,S01,1,251.5,251.5,3018,3018,object_unregistered,40.0,83882.2,0.32,warning,"Unregistered object (mouse) appeared at S01 at 04:11, not present during calibration",,
evt_2141,sess_20260823_073349,S01,1,251.67,251.67,3020,3020,object_unregistered,40.0,83922.0,0.6,warning,"Unregistered object (bottle) appeared at S01 at 04:11, not present during calibration",,
evt_2142,sess_20260823_073349,S01,1,251.67,251.67,3020,3020,object_unregistered,40.0,83962.0,0.39,warning,"Unregistered object (mouse) appeared at S01 at 04:11, not present during calibration",,
evt_2143,sess_20260823_073349,S01,1,251.67,251.67,3020,3020,object_unregistered,40.0,84002.0,0.32,warning,"Unregistered object (mouse) appeared at S01 at 04:11, not present during calibration",,
evt_2144,sess_20260823_073349,S01,1,251.83,251.83,3022,3022,object_unregistered,40.0,84041.8,0.6,warning,"Unregistered object (bottle) appeared at S01 at 04:11, not present during calibration",,
evt_2145,sess_20260823_073349,S01,1,251.83,251.83,3022,3022,object_unregistered,40.0,84081.8,0.36,warning,"Unregistered object (mouse) appeared at S01 at 04:11, not present during calibration",,
evt_2146,sess_20260823_073349,S01,1,251.83,251.83,3022,3022,object_unregistered,40.0,84121.8,0.31,warning,"Unregistered object (mouse) appeared at S01 at 04:11, not present during calibration",,
evt_2147,sess_20260823_073349,S01,1,252.0,252.0,3024,3024,object_unregistered,40.0,84161.5,0.6,warning,"Unregistered object (bottle) appeared at S01 at 04:12, not present during calibration",,
evt_2148,sess_20260823_073349,S01,1,252.0,252.0,3024,3024,object_unregistered,40.0,84201.5,0.33,warning,"Unregistered object (mouse) appeared at S01 at 04:12, not present during calibration",,
evt_2149,sess_20260823_073349,S01,1,252.17,252.17,3026,3026,object_unregistered,40.0,84241.2,0.6,warning,"Unregistered object (bottle) appeared at S01 at 04:12, not present during calibration",,
evt_2150,sess_20260823_073349,S01,1,252.17,252.17,3026,3026,object_unregistered,40.0,84281.2,0.34,warning,"Unregistered object (mouse) appeared at S01 at 04:12, not present during calibration",,
evt_2151,sess_20260823_073349,S01,1,252.33,252.33,3028,3028,object_unregistered,40.0,84321.0,0.6,warning,"Unregistered object (bottle) appeared at S01 at 04:12, not present during calibration",,
evt_2152,sess_20260823_073349,S01,1,252.33,252.33,3028,3028,object_unregistered,40.0,84361.0,0.35,warning,"Unregistered object (mouse) appeared at S01 at 04:12, not present during calibration",,
evt_2153,sess_20260823_073349,S01,1,251.42,252.42,3004,3029,head_turn,10.0,84370.9,0.95,critical,"Head turned left, 5.7 deviations from own baseline, held 1.0s",,
evt_2154,sess_20260823_073349,S01,1,252.5,252.5,3030,3030,object_unregistered,40.0,84410.8,0.6,warning,"Unregistered object (bottle) appeared at S01 at 04:12, not present during calibration",,
evt_2155,sess_20260823_073349,S01,1,252.5,252.5,3030,3030,object_unregistered,40.0,84450.8,0.39,warning,"Unregistered object (mouse) appeared at S01 at 04:12, not present during calibration",,
evt_2156,sess_20260823_073349,S01,1,252.5,252.5,3030,3030,object_unregistered,40.0,84490.8,0.37,warning,"Unregistered object (mouse) appeared at S01 at 04:12, not present during calibration",,
evt_2157,sess_20260823_073349,S01,1,252.67,252.67,3032,3032,object_unregistered,40.0,84530.5,0.6,warning,"Unregistered object (bottle) appeared at S01 at 04:12, not present during calibration",,
evt_2158,sess_20260823_073349,S01,1,252.67,252.67,3032,3032,object_unregistered,40.0,84570.5,0.41,warning,"Unregistered object (mouse) appeared at S01 at 04:12, not present during calibration",,
evt_2159,sess_20260823_073349,S01,1,252.67,252.67,3032,3032,object_unregistered,40.0,84610.5,0.37,warning,"Unregistered object (mouse) appeared at S01 at 04:12, not present during calibration",,
evt_2160,sess_20260823_073349,S01,1,252.83,252.83,3034,3034,object_unregistered,40.0,84650.2,0.6,warning,"Unregistered object (bottle) appeared at S01 at 04:12, not present during calibration",,
evt_2161,sess_20260823_073349,S01,1,252.83,252.83,3034,3034,object_unregistered,40.0,84690.2,0.42,warning,"Unregistered object (mouse) appeared at S01 at 04:12, not present during calibration",,
evt_2162,sess_20260823_073349,S01,1,252.83,252.83,3034,3034,object_unregistered,40.0,84730.2,0.37,warning,"Unregistered object (mouse) appeared at S01 at 04:12, not present during calibration",,
evt_2163,sess_20260823_073349,S01,1,253.0,253.0,3036,3036,object_unregistered,40.0,84770.0,0.6,warning,"Unregistered object (bottle) appeared at S01 at 04:13, not present during calibration",,
evt_2164,sess_20260823_073349,S01,1,253.0,253.0,3036,3036,object_unregistered,40.0,84810.0,0.42,warning,"Unregistered object (mouse) appeared at S01 at 04:13, not present during calibration",,
evt_2165,sess_20260823_073349,S01,1,253.0,253.0,3036,3036,object_unregistered,40.0,84850.0,0.37,warning,"Unregistered object (mouse) appeared at S01 at 04:13, not present during calibration",,
evt_2166,sess_20260823_073349,S01,1,253.17,253.17,3038,3038,object_unregistered,40.0,84889.8,0.6,warning,"Unregistered object (bottle) appeared at S01 at 04:13, not present during calibration",,
evt_2167,sess_20260823_073349,S01,1,253.17,253.17,3038,3038,object_unregistered,40.0,84929.8,0.42,warning,"Unregistered object (mouse) appeared at S01 at 04:13, not present during calibration",,
evt_2168,sess_20260823_073349,S01,1,253.17,253.17,3038,3038,object_unregistered,40.0,84969.8,0.36,warning,"Unregistered object (mouse) appeared at S01 at 04:13, not present during calibration",,
evt_2169,sess_20260823_073349,S01,1,253.33,253.33,3040,3040,object_unregistered,40.0,85009.5,0.6,warning,"Unregistered object (bottle) appeared at S01 at 04:13, not present during calibration",,
evt_2170,sess_20260823_073349,S01,1,253.33,253.33,3040,3040,object_unregistered,40.0,85049.5,0.42,warning,"Unregistered object (mouse) appeared at S01 at 04:13, not present during calibration",,
evt_2171,sess_20260823_073349,S01,1,253.33,253.33,3040,3040,object_unregistered,40.0,85089.5,0.36,warning,"Unregistered object (mouse) appeared at S01 at 04:13, not present during calibration",,
evt_2172,sess_20260823_073349,S01,1,253.5,253.5,3042,3042,object_unregistered,40.0,85129.2,0.6,warning,"Unregistered object (bottle) appeared at S01 at 04:13, not present during calibration",,
evt_2173,sess_20260823_073349,S01,1,253.5,253.5,3042,3042,object_unregistered,40.0,85169.2,0.37,warning,"Unregistered object (mouse) appeared at S01 at 04:13, not present during calibration",,
evt_2174,sess_20260823_073349,S01,1,253.67,253.67,3044,3044,object_unregistered,40.0,85209.0,0.61,warning,"Unregistered object (bottle) appeared at S01 at 04:13, not present during calibration",,
evt_2175,sess_20260823_073349,S01,1,253.67,253.67,3044,3044,object_unregistered,40.0,85249.0,0.44,warning,"Unregistered object (mouse) appeared at S01 at 04:13, not present during calibration",,
evt_2176,sess_20260823_073349,S01,1,253.67,253.67,3044,3044,object_unregistered,40.0,85289.0,0.37,warning,"Unregistered object (mouse) appeared at S01 at 04:13, not present during calibration",,
evt_2177,sess_20260823_073349,S01,1,253.83,253.83,3046,3046,object_unregistered,40.0,85328.8,0.61,warning,"Unregistered object (bottle) appeared at S01 at 04:13, not present during calibration",,
evt_2178,sess_20260823_073349,S01,1,253.83,253.83,3046,3046,object_unregistered,40.0,85368.8,0.43,warning,"Unregistered object (mouse) appeared at S01 at 04:13, not present during calibration",,
evt_2179,sess_20260823_073349,S01,1,253.83,253.83,3046,3046,object_unregistered,40.0,85408.8,0.37,warning,"Unregistered object (mouse) appeared at S01 at 04:13, not present during calibration",,
evt_2180,sess_20260823_073349,S01,1,254.0,254.0,3048,3048,object_unregistered,40.0,85448.5,0.61,warning,"Unregistered object (bottle) appeared at S01 at 04:14, not present during calibration",,
evt_2181,sess_20260823_073349,S01,1,254.0,254.0,3048,3048,object_unregistered,40.0,85488.5,0.43,warning,"Unregistered object (mouse) appeared at S01 at 04:14, not present during calibration",,
evt_2182,sess_20260823_073349,S01,1,254.0,254.0,3048,3048,object_unregistered,40.0,85528.5,0.36,warning,"Unregistered object (mouse) appeared at S01 at 04:14, not present during calibration",,
evt_2183,sess_20260823_073349,S01,1,254.17,254.17,3050,3050,object_unregistered,40.0,85568.2,0.61,warning,"Unregistered object (bottle) appeared at S01 at 04:14, not present during calibration",,
evt_2184,sess_20260823_073349,S01,1,254.17,254.17,3050,3050,object_unregistered,40.0,85608.2,0.46,warning,"Unregistered object (mouse) appeared at S01 at 04:14, not present during calibration",,
evt_2185,sess_20260823_073349,S01,1,254.17,254.17,3050,3050,object_unregistered,40.0,85648.2,0.34,warning,"Unregistered object (mouse) appeared at S01 at 04:14, not present during calibration",,
evt_2186,sess_20260823_073349,S01,1,254.33,254.33,3052,3052,object_unregistered,40.0,85688.0,0.61,warning,"Unregistered object (bottle) appeared at S01 at 04:14, not present during calibration",,
evt_2187,sess_20260823_073349,S01,1,254.33,254.33,3052,3052,object_unregistered,40.0,85728.0,0.32,warning,"Unregistered object (mouse) appeared at S01 at 04:14, not present during calibration",,
evt_2188,sess_20260823_073349,S01,1,254.5,254.5,3054,3054,object_unregistered,40.0,85767.8,0.61,warning,"Unregistered object (bottle) appeared at S01 at 04:14, not present during calibration",,
evt_2189,sess_20260823_073349,S01,1,254.5,254.5,3054,3054,object_unregistered,40.0,85807.8,0.32,warning,"Unregistered object (mouse) appeared at S01 at 04:14, not present during calibration",,
evt_2190,sess_20260823_073349,S01,1,254.67,254.67,3056,3056,object_unregistered,40.0,85847.5,0.61,warning,"Unregistered object (bottle) appeared at S01 at 04:14, not present during calibration",,
evt_2191,sess_20260823_073349,S01,1,254.67,254.67,3056,3056,object_unregistered,40.0,85887.5,0.33,warning,"Unregistered object (mouse) appeared at S01 at 04:14, not present during calibration",,
evt_2192,sess_20260823_073349,S01,1,254.83,254.83,3058,3058,object_unregistered,40.0,85927.2,0.61,warning,"Unregistered object (bottle) appeared at S01 at 04:14, not present during calibration",,
evt_2193,sess_20260823_073349,S01,1,254.83,254.83,3058,3058,object_unregistered,40.0,85967.2,0.34,warning,"Unregistered object (mouse) appeared at S01 at 04:14, not present during calibration",,
evt_2194,sess_20260823_073349,S01,1,255.0,255.0,3060,3060,object_unregistered,40.0,86007.0,0.61,warning,"Unregistered object (bottle) appeared at S01 at 04:15, not present during calibration",,
evt_2195,sess_20260823_073349,S01,1,255.0,255.0,3060,3060,object_unregistered,40.0,86047.0,0.3,warning,"Unregistered object (mouse) appeared at S01 at 04:15, not present during calibration",,
evt_2196,sess_20260823_073349,S01,1,255.17,255.17,3062,3062,object_unregistered,40.0,86086.8,0.61,warning,"Unregistered object (bottle) appeared at S01 at 04:15, not present during calibration",,
evt_2197,sess_20260823_073349,S01,1,255.33,255.33,3064,3064,object_unregistered,40.0,86126.5,0.61,warning,"Unregistered object (bottle) appeared at S01 at 04:15, not present during calibration",,
evt_2198,sess_20260823_073349,S01,1,255.33,255.33,3064,3064,object_unregistered,40.0,86166.5,0.31,warning,"Unregistered object (mouse) appeared at S01 at 04:15, not present during calibration",,
evt_2199,sess_20260823_073349,S01,1,255.5,255.5,3066,3066,object_unregistered,40.0,86206.2,0.62,warning,"Unregistered object (bottle) appeared at S01 at 04:15, not present during calibration",,
evt_2200,sess_20260823_073349,S01,1,255.5,255.5,3066,3066,object_unregistered,40.0,86246.2,0.35,warning,"Unregistered object (mouse) appeared at S01 at 04:15, not present during calibration",,
evt_2201,sess_20260823_073349,S01,1,255.67,255.67,3068,3068,object_unregistered,40.0,86286.0,0.62,warning,"Unregistered object (bottle) appeared at S01 at 04:15, not present during calibration",,
evt_2202,sess_20260823_073349,S01,1,255.67,255.67,3068,3068,object_unregistered,40.0,86326.0,0.35,warning,"Unregistered object (mouse) appeared at S01 at 04:15, not present during calibration",,
evt_2203,sess_20260823_073349,S01,1,255.83,255.83,3070,3070,object_unregistered,40.0,86365.8,0.61,warning,"Unregistered object (bottle) appeared at S01 at 04:15, not present during calibration",,
evt_2204,sess_20260823_073349,S01,1,255.83,255.83,3070,3070,object_unregistered,40.0,86405.8,0.34,warning,"Unregistered object (mouse) appeared at S01 at 04:15, not present during calibration",,
evt_2205,sess_20260823_073349,S01,1,256.0,256.0,3072,3072,object_unregistered,40.0,86445.5,0.6,warning,"Unregistered object (bottle) appeared at S01 at 04:16, not present during calibration",,
evt_2206,sess_20260823_073349,S01,1,256.0,256.0,3072,3072,object_unregistered,40.0,86485.5,0.34,warning,"Unregistered object (mouse) appeared at S01 at 04:16, not present during calibration",,
evt_2207,sess_20260823_073349,S01,1,256.17,256.17,3074,3074,object_unregistered,40.0,86525.2,0.6,warning,"Unregistered object (bottle) appeared at S01 at 04:16, not present during calibration",,
evt_2208,sess_20260823_073349,S01,1,256.17,256.17,3074,3074,object_unregistered,40.0,86565.2,0.37,warning,"Unregistered object (mouse) appeared at S01 at 04:16, not present during calibration",,
evt_2209,sess_20260823_073349,S01,1,256.33,256.33,3076,3076,object_unregistered,40.0,86605.0,0.6,warning,"Unregistered object (bottle) appeared at S01 at 04:16, not present during calibration",,
evt_2210,sess_20260823_073349,S01,1,256.33,256.33,3076,3076,object_unregistered,40.0,86645.0,0.4,warning,"Unregistered object (mouse) appeared at S01 at 04:16, not present during calibration",,
evt_2211,sess_20260823_073349,S01,1,256.33,256.33,3076,3076,object_unregistered,40.0,86685.0,0.37,warning,"Unregistered object (mouse) appeared at S01 at 04:16, not present during calibration",,
evt_2212,sess_20260823_073349,S01,1,256.5,256.5,3078,3078,object_unregistered,40.0,86724.8,0.6,warning,"Unregistered object (bottle) appeared at S01 at 04:16, not present during calibration",,
evt_2213,sess_20260823_073349,S01,1,256.5,256.5,3078,3078,object_unregistered,40.0,86764.8,0.41,warning,"Unregistered object (mouse) appeared at S01 at 04:16, not present during calibration",,
evt_2214,sess_20260823_073349,S01,1,256.5,256.5,3078,3078,object_unregistered,40.0,86804.8,0.36,warning,"Unregistered object (mouse) appeared at S01 at 04:16, not present during calibration",,
evt_2215,sess_20260823_073349,S01,1,256.67,256.67,3080,3080,object_unregistered,40.0,86844.5,0.6,warning,"Unregistered object (bottle) appeared at S01 at 04:16, not present during calibration",,
evt_2216,sess_20260823_073349,S01,1,256.67,256.67,3080,3080,object_unregistered,40.0,86884.5,0.41,warning,"Unregistered object (mouse) appeared at S01 at 04:16, not present during calibration",,
evt_2217,sess_20260823_073349,S01,1,256.67,256.67,3080,3080,object_unregistered,40.0,86924.5,0.37,warning,"Unregistered object (mouse) appeared at S01 at 04:16, not present during calibration",,
evt_2218,sess_20260823_073349,S01,1,256.83,256.83,3082,3082,object_unregistered,40.0,86964.2,0.61,warning,"Unregistered object (bottle) appeared at S01 at 04:16, not present during calibration",,
evt_2219,sess_20260823_073349,S01,1,256.83,256.83,3082,3082,object_unregistered,40.0,87004.2,0.42,warning,"Unregistered object (mouse) appeared at S01 at 04:16, not present during calibration",,
evt_2220,sess_20260823_073349,S01,1,256.83,256.83,3082,3082,object_unregistered,40.0,87044.2,0.38,warning,"Unregistered object (mouse) appeared at S01 at 04:16, not present during calibration",,
evt_2221,sess_20260823_073349,S01,1,257.0,257.0,3084,3084,object_unregistered,40.0,87084.0,0.61,warning,"Unregistered object (bottle) appeared at S01 at 04:17, not present during calibration",,
evt_2222,sess_20260823_073349,S01,1,257.0,257.0,3084,3084,object_unregistered,40.0,87124.0,0.42,warning,"Unregistered object (mouse) appeared at S01 at 04:17, not present during calibration",,
evt_2223,sess_20260823_073349,S01,1,257.0,257.0,3084,3084,object_unregistered,40.0,87164.0,0.38,warning,"Unregistered object (mouse) appeared at S01 at 04:17, not present during calibration",,
evt_2224,sess_20260823_073349,S01,1,257.17,257.17,3086,3086,object_unregistered,40.0,87203.8,0.6,warning,"Unregistered object (bottle) appeared at S01 at 04:17, not present during calibration",,
evt_2225,sess_20260823_073349,S01,1,257.17,257.17,3086,3086,object_unregistered,40.0,87243.8,0.42,warning,"Unregistered object (mouse) appeared at S01 at 04:17, not present during calibration",,
evt_2226,sess_20260823_073349,S01,1,257.17,257.17,3086,3086,object_unregistered,40.0,87283.8,0.35,warning,"Unregistered object (mouse) appeared at S01 at 04:17, not present during calibration",,
evt_2227,sess_20260823_073349,S01,1,257.33,257.33,3088,3088,object_unregistered,40.0,87323.5,0.6,warning,"Unregistered object (bottle) appeared at S01 at 04:17, not present during calibration",,
evt_2228,sess_20260823_073349,S01,1,257.33,257.33,3088,3088,object_unregistered,40.0,87363.5,0.41,warning,"Unregistered object (mouse) appeared at S01 at 04:17, not present during calibration",,
evt_2229,sess_20260823_073349,S01,1,257.33,257.33,3088,3088,object_unregistered,40.0,87403.5,0.31,warning,"Unregistered object (mouse) appeared at S01 at 04:17, not present during calibration",,
evt_2230,sess_20260823_073349,S01,1,257.5,257.5,3090,3090,object_unregistered,40.0,87443.2,0.6,warning,"Unregistered object (bottle) appeared at S01 at 04:17, not present during calibration",,
evt_2231,sess_20260823_073349,S01,1,257.5,257.5,3090,3090,object_unregistered,40.0,87483.2,0.41,warning,"Unregistered object (mouse) appeared at S01 at 04:17, not present during calibration",,
evt_2232,sess_20260823_073349,S01,1,257.5,257.5,3090,3090,object_unregistered,40.0,87523.2,0.32,warning,"Unregistered object (mouse) appeared at S01 at 04:17, not present during calibration",,
evt_2233,sess_20260823_073349,S01,1,257.67,257.67,3092,3092,object_unregistered,40.0,87563.0,0.61,warning,"Unregistered object (bottle) appeared at S01 at 04:17, not present during calibration",,
evt_2234,sess_20260823_073349,S01,1,257.67,257.67,3092,3092,object_unregistered,40.0,87603.0,0.42,warning,"Unregistered object (mouse) appeared at S01 at 04:17, not present during calibration",,
evt_2235,sess_20260823_073349,S01,1,257.67,257.67,3092,3092,object_unregistered,40.0,87643.0,0.31,warning,"Unregistered object (mouse) appeared at S01 at 04:17, not present during calibration",,
evt_2236,sess_20260823_073349,S01,1,257.83,257.83,3094,3094,object_unregistered,40.0,87682.8,0.61,warning,"Unregistered object (bottle) appeared at S01 at 04:17, not present during calibration",,
evt_2237,sess_20260823_073349,S01,1,257.83,257.83,3094,3094,object_unregistered,40.0,87722.8,0.33,warning,"Unregistered object (mouse) appeared at S01 at 04:17, not present during calibration",,
evt_2238,sess_20260823_073349,S01,1,258.0,258.0,3096,3096,object_unregistered,40.0,87762.5,0.61,warning,"Unregistered object (bottle) appeared at S01 at 04:18, not present during calibration",,
evt_2239,sess_20260823_073349,S01,1,258.0,258.0,3096,3096,object_unregistered,40.0,87802.5,0.35,warning,"Unregistered object (mouse) appeared at S01 at 04:18, not present during calibration",,
evt_2240,sess_20260823_073349,S01,1,258.17,258.17,3098,3098,object_unregistered,40.0,87842.2,0.6,warning,"Unregistered object (bottle) appeared at S01 at 04:18, not present during calibration",,
evt_2241,sess_20260823_073349,S01,1,258.17,258.17,3098,3098,object_unregistered,40.0,87882.2,0.34,warning,"Unregistered object (mouse) appeared at S01 at 04:18, not present during calibration",,
evt_2242,sess_20260823_073349,S01,1,258.33,258.33,3100,3100,object_unregistered,40.0,87922.0,0.61,warning,"Unregistered object (bottle) appeared at S01 at 04:18, not present during calibration",,
evt_2243,sess_20260823_073349,S01,1,258.33,258.33,3100,3100,object_unregistered,40.0,87962.0,0.33,warning,"Unregistered object (mouse) appeared at S01 at 04:18, not present during calibration",,
evt_2244,sess_20260823_073349,S01,1,257.42,258.42,3076,3101,head_turn,10.0,87971.9,0.84,warning,"Head turned left, 3.4 deviations from own baseline, held 1.0s",,
evt_2245,sess_20260823_073349,S01,1,258.5,258.5,3102,3102,object_unregistered,40.0,88011.8,0.61,warning,"Unregistered object (bottle) appeared at S01 at 04:18, not present during calibration",,
evt_2246,sess_20260823_073349,S01,1,258.5,258.5,3102,3102,object_unregistered,40.0,88051.8,0.34,warning,"Unregistered object (mouse) appeared at S01 at 04:18, not present during calibration",,
evt_2247,sess_20260823_073349,S01,1,258.67,258.67,3104,3104,object_unregistered,40.0,88091.5,0.61,warning,"Unregistered object (bottle) appeared at S01 at 04:18, not present during calibration",,
evt_2248,sess_20260823_073349,S01,1,258.67,258.67,3104,3104,object_unregistered,40.0,88131.5,0.33,warning,"Unregistered object (mouse) appeared at S01 at 04:18, not present during calibration",,
evt_2249,sess_20260823_073349,S01,1,258.83,258.83,3106,3106,object_unregistered,40.0,88171.2,0.6,warning,"Unregistered object (bottle) appeared at S01 at 04:18, not present during calibration",,
evt_2250,sess_20260823_073349,S01,1,258.83,258.83,3106,3106,object_unregistered,40.0,88211.2,0.33,warning,"Unregistered object (mouse) appeared at S01 at 04:18, not present during calibration",,
evt_2251,sess_20260823_073349,S01,1,259.0,259.0,3108,3108,object_unregistered,40.0,88251.0,0.6,warning,"Unregistered object (bottle) appeared at S01 at 04:19, not present during calibration",,
evt_2252,sess_20260823_073349,S01,1,259.0,259.0,3108,3108,object_unregistered,40.0,88291.0,0.32,warning,"Unregistered object (mouse) appeared at S01 at 04:19, not present during calibration",,
evt_2253,sess_20260823_073349,S01,1,259.17,259.17,3110,3110,object_unregistered,40.0,88330.8,0.6,warning,"Unregistered object (bottle) appeared at S01 at 04:19, not present during calibration",,
evt_2254,sess_20260823_073349,S01,1,259.33,259.33,3112,3112,object_unregistered,40.0,88370.5,0.6,warning,"Unregistered object (bottle) appeared at S01 at 04:19, not present during calibration",,
evt_2255,sess_20260823_073349,S01,1,259.5,259.5,3114,3114,object_unregistered,40.0,88410.2,0.6,warning,"Unregistered object (bottle) appeared at S01 at 04:19, not present during calibration",,
evt_2256,sess_20260823_073349,S01,1,259.67,259.67,3116,3116,object_unregistered,40.0,88450.0,0.6,warning,"Unregistered object (bottle) appeared at S01 at 04:19, not present during calibration",,
evt_2257,sess_20260823_073349,S01,1,259.83,259.83,3118,3118,object_unregistered,40.0,88489.8,0.6,warning,"Unregistered object (bottle) appeared at S01 at 04:19, not present during calibration",,
evt_2258,sess_20260823_073349,S01,1,260.0,260.0,3120,3120,object_unregistered,40.0,88529.5,0.6,warning,"Unregistered object (bottle) appeared at S01 at 04:20, not present during calibration",,
evt_2259,sess_20260823_073349,S01,1,260.17,260.17,3122,3122,object_unregistered,40.0,88569.2,0.6,warning,"Unregistered object (bottle) appeared at S01 at 04:20, not present during calibration",,
evt_2260,sess_20260823_073349,S01,1,260.33,260.33,3124,3124,object_unregistered,40.0,88609.0,0.6,warning,"Unregistered object (bottle) appeared at S01 at 04:20, not present during calibration",,
evt_2261,sess_20260823_073349,S01,1,260.5,260.5,3126,3126,object_unregistered,40.0,88648.8,0.6,warning,"Unregistered object (bottle) appeared at S01 at 04:20, not present during calibration",,
evt_2262,sess_20260823_073349,S01,1,260.67,260.67,3128,3128,object_unregistered,40.0,88688.5,0.6,warning,"Unregistered object (bottle) appeared at S01 at 04:20, not present during calibration",,
evt_2263,sess_20260823_073349,S01,1,260.83,260.83,3130,3130,object_unregistered,40.0,88728.2,0.6,warning,"Unregistered object (bottle) appeared at S01 at 04:20, not present during calibration",,
evt_2264,sess_20260823_073349,S01,1,260.83,260.83,3130,3130,object_unregistered,40.0,88768.2,0.31,warning,"Unregistered object (mouse) appeared at S01 at 04:20, not present during calibration",,
evt_2265,sess_20260823_073349,S01,1,261.0,261.0,3132,3132,object_unregistered,40.0,88808.0,0.6,warning,"Unregistered object (bottle) appeared at S01 at 04:21, not present during calibration",,
evt_2266,sess_20260823_073349,S01,1,261.0,261.0,3132,3132,object_unregistered,40.0,88848.0,0.33,warning,"Unregistered object (mouse) appeared at S01 at 04:21, not present during calibration",,
evt_2267,sess_20260823_073349,S01,1,261.17,261.17,3134,3134,object_unregistered,40.0,88887.8,0.6,warning,"Unregistered object (bottle) appeared at S01 at 04:21, not present during calibration",,
evt_2268,sess_20260823_073349,S01,1,261.17,261.17,3134,3134,object_unregistered,40.0,88927.8,0.33,warning,"Unregistered object (mouse) appeared at S01 at 04:21, not present during calibration",,
evt_2269,sess_20260823_073349,S01,1,261.33,261.33,3136,3136,object_unregistered,40.0,88967.5,0.6,warning,"Unregistered object (bottle) appeared at S01 at 04:21, not present during calibration",,
evt_2270,sess_20260823_073349,S01,1,261.33,261.33,3136,3136,object_unregistered,40.0,89007.5,0.33,warning,"Unregistered object (mouse) appeared at S01 at 04:21, not present during calibration",,
evt_2271,sess_20260823_073349,S01,1,261.5,261.5,3138,3138,object_unregistered,40.0,89047.2,0.6,warning,"Unregistered object (bottle) appeared at S01 at 04:21, not present during calibration",,
evt_2272,sess_20260823_073349,S01,1,261.5,261.5,3138,3138,object_unregistered,40.0,89087.2,0.35,warning,"Unregistered object (mouse) appeared at S01 at 04:21, not present during calibration",,
evt_2273,sess_20260823_073349,S01,1,261.67,261.67,3140,3140,object_unregistered,40.0,89127.0,0.6,warning,"Unregistered object (bottle) appeared at S01 at 04:21, not present during calibration",,
evt_2274,sess_20260823_073349,S01,1,261.67,261.67,3140,3140,object_unregistered,40.0,89167.0,0.35,warning,"Unregistered object (mouse) appeared at S01 at 04:21, not present during calibration",,
evt_2275,sess_20260823_073349,S01,1,261.83,261.83,3142,3142,object_unregistered,40.0,89206.8,0.59,warning,"Unregistered object (bottle) appeared at S01 at 04:21, not present during calibration",,
evt_2276,sess_20260823_073349,S01,1,261.83,261.83,3142,3142,object_unregistered,40.0,89246.8,0.34,warning,"Unregistered object (mouse) appeared at S01 at 04:21, not present during calibration",,
evt_2277,sess_20260823_073349,S01,1,262.0,262.0,3144,3144,object_unregistered,40.0,89286.5,0.59,warning,"Unregistered object (bottle) appeared at S01 at 04:22, not present during calibration",,
evt_2278,sess_20260823_073349,S01,1,262.0,262.0,3144,3144,object_unregistered,40.0,89326.5,0.34,warning,"Unregistered object (mouse) appeared at S01 at 04:22, not present during calibration",,
evt_2279,sess_20260823_073349,S01,1,262.17,262.17,3146,3146,object_unregistered,40.0,89366.2,0.6,warning,"Unregistered object (bottle) appeared at S01 at 04:22, not present during calibration",,
evt_2280,sess_20260823_073349,S01,1,262.17,262.17,3146,3146,object_unregistered,40.0,89406.2,0.31,warning,"Unregistered object (mouse) appeared at S01 at 04:22, not present during calibration",,
evt_2281,sess_20260823_073349,S01,1,262.33,262.33,3148,3148,object_unregistered,40.0,89446.0,0.6,warning,"Unregistered object (bottle) appeared at S01 at 04:22, not present during calibration",,
evt_2282,sess_20260823_073349,S01,1,262.5,262.5,3150,3150,object_unregistered,40.0,89485.8,0.61,warning,"Unregistered object (bottle) appeared at S01 at 04:22, not present during calibration",,
evt_2283,sess_20260823_073349,S01,1,262.67,262.67,3152,3152,object_unregistered,40.0,89525.5,0.61,warning,"Unregistered object (bottle) appeared at S01 at 04:22, not present during calibration",,
evt_2284,sess_20260823_073349,S01,1,262.83,262.83,3154,3154,object_unregistered,40.0,89565.2,0.61,warning,"Unregistered object (bottle) appeared at S01 at 04:22, not present during calibration",,
evt_2285,sess_20260823_073349,S01,1,263.0,263.0,3156,3156,object_unregistered,40.0,89605.0,0.61,warning,"Unregistered object (bottle) appeared at S01 at 04:23, not present during calibration",,
evt_2286,sess_20260823_073349,S01,1,263.17,263.17,3158,3158,object_unregistered,40.0,89644.8,0.61,warning,"Unregistered object (bottle) appeared at S01 at 04:23, not present during calibration",,
evt_2287,sess_20260823_073349,S01,1,263.33,263.33,3160,3160,object_unregistered,40.0,89684.5,0.61,warning,"Unregistered object (bottle) appeared at S01 at 04:23, not present during calibration",,
evt_2288,sess_20260823_073349,S01,1,263.5,263.5,3162,3162,object_unregistered,40.0,89724.2,0.61,warning,"Unregistered object (bottle) appeared at S01 at 04:23, not present during calibration",,
evt_2289,sess_20260823_073349,S01,1,263.5,263.5,3162,3162,object_unregistered,40.0,89764.2,0.3,warning,"Unregistered object (mouse) appeared at S01 at 04:23, not present during calibration",,
evt_2290,sess_20260823_073349,S01,1,263.67,263.67,3164,3164,object_unregistered,40.0,89804.0,0.61,warning,"Unregistered object (bottle) appeared at S01 at 04:23, not present during calibration",,
evt_2291,sess_20260823_073349,S01,1,263.67,263.67,3164,3164,object_unregistered,40.0,89844.0,0.3,warning,"Unregistered object (mouse) appeared at S01 at 04:23, not present during calibration",,
evt_2292,sess_20260823_073349,S01,1,263.83,263.83,3166,3166,object_unregistered,40.0,89883.8,0.61,warning,"Unregistered object (bottle) appeared at S01 at 04:23, not present during calibration",,
evt_2293,sess_20260823_073349,S01,1,264.0,264.0,3168,3168,object_unregistered,40.0,89923.5,0.61,critical,"Unregistered object (bottle) appeared at S01 at 04:24, not present during calibration",,
evt_2294,sess_20260823_073349,S01,1,264.17,264.17,3170,3170,object_unregistered,40.0,89963.2,0.61,warning,"Unregistered object (bottle) appeared at S01 at 04:24, not present during calibration",,
evt_2295,sess_20260823_073349,S01,1,264.33,264.33,3172,3172,object_unregistered,40.0,90003.0,0.61,warning,"Unregistered object (bottle) appeared at S01 at 04:24, not present during calibration",,
evt_2296,sess_20260823_073349,S01,1,264.33,264.33,3172,3172,object_unregistered,40.0,90043.0,0.31,warning,"Unregistered object (mouse) appeared at S01 at 04:24, not present during calibration",,
evt_2297,sess_20260823_073349,S01,1,263.42,264.42,3148,3173,head_turn,10.0,90052.9,0.95,warning,"Head turned left, 3.9 deviations from own baseline, held 1.0s",,
evt_2298,sess_20260823_073349,S01,1,251.42,264.42,2848,3173,repeated_action,25.0,90077.9,0.9,critical,"3 separate events in 13s: head_turn, head_turn, head_turn",,
evt_2299,sess_20260823_073349,S01,1,264.5,264.5,3174,3174,object_unregistered,40.0,90117.8,0.61,warning,"Unregistered object (bottle) appeared at S01 at 04:24, not present during calibration",,
evt_2300,sess_20260823_073349,S01,1,264.5,264.5,3174,3174,object_unregistered,40.0,90157.8,0.32,warning,"Unregistered object (mouse) appeared at S01 at 04:24, not present during calibration",,
evt_2301,sess_20260823_073349,S01,1,264.67,264.67,3176,3176,object_unregistered,40.0,90197.5,0.61,warning,"Unregistered object (bottle) appeared at S01 at 04:24, not present during calibration",,
evt_2302,sess_20260823_073349,S01,1,264.67,264.67,3176,3176,object_unregistered,40.0,90237.5,0.33,warning,"Unregistered object (mouse) appeared at S01 at 04:24, not present during calibration",,
evt_2303,sess_20260823_073349,S01,1,264.83,264.83,3178,3178,object_unregistered,40.0,90277.2,0.61,warning,"Unregistered object (bottle) appeared at S01 at 04:24, not present during calibration",,
evt_2304,sess_20260823_073349,S01,1,264.83,264.83,3178,3178,object_unregistered,40.0,90317.2,0.33,warning,"Unregistered object (mouse) appeared at S01 at 04:24, not present during calibration",,
evt_2305,sess_20260823_073349,S01,1,265.0,265.0,3180,3180,object_unregistered,40.0,90357.0,0.61,warning,"Unregistered object (bottle) appeared at S01 at 04:25, not present during calibration",,
evt_2306,sess_20260823_073349,S01,1,265.0,265.0,3180,3180,object_unregistered,40.0,90397.0,0.3,warning,"Unregistered object (mouse) appeared at S01 at 04:25, not present during calibration",,
evt_2307,sess_20260823_073349,S01,1,265.17,265.17,3182,3182,object_unregistered,40.0,90436.8,0.61,warning,"Unregistered object (bottle) appeared at S01 at 04:25, not present during calibration",,
evt_2308,sess_20260823_073349,S01,1,265.17,265.17,3182,3182,object_unregistered,40.0,90476.8,0.3,warning,"Unregistered object (mouse) appeared at S01 at 04:25, not present during calibration",,
evt_2309,sess_20260823_073349,S01,1,265.33,265.33,3184,3184,object_unregistered,40.0,90516.5,0.6,warning,"Unregistered object (bottle) appeared at S01 at 04:25, not present during calibration",,
evt_2310,sess_20260823_073349,S01,1,265.33,265.33,3184,3184,object_unregistered,40.0,90556.5,0.3,warning,"Unregistered object (mouse) appeared at S01 at 04:25, not present during calibration",,
evt_2311,sess_20260823_073349,S01,1,265.5,265.5,3186,3186,object_unregistered,40.0,90596.2,0.6,warning,"Unregistered object (bottle) appeared at S01 at 04:25, not present during calibration",,
evt_2312,sess_20260823_073349,S01,1,265.5,265.5,3186,3186,object_unregistered,40.0,90636.2,0.32,warning,"Unregistered object (mouse) appeared at S01 at 04:25, not present during calibration",,
evt_2313,sess_20260823_073349,S01,1,265.67,265.67,3188,3188,object_unregistered,40.0,90676.0,0.6,warning,"Unregistered object (bottle) appeared at S01 at 04:25, not present during calibration",,
evt_2314,sess_20260823_073349,S01,1,265.67,265.67,3188,3188,object_unregistered,40.0,90716.0,0.32,warning,"Unregistered object (mouse) appeared at S01 at 04:25, not present during calibration",,
evt_2315,sess_20260823_073349,S01,1,265.83,265.83,3190,3190,object_unregistered,40.0,90755.8,0.6,warning,"Unregistered object (bottle) appeared at S01 at 04:25, not present during calibration",,
evt_2316,sess_20260823_073349,S01,1,266.0,266.0,3192,3192,object_unregistered,40.0,90795.5,0.6,warning,"Unregistered object (bottle) appeared at S01 at 04:26, not present during calibration",,
evt_2317,sess_20260823_073349,S01,1,266.17,266.17,3194,3194,object_unregistered,40.0,90835.2,0.6,warning,"Unregistered object (bottle) appeared at S01 at 04:26, not present during calibration",,
evt_2318,sess_20260823_073349,S01,1,266.33,266.33,3196,3196,object_unregistered,40.0,90875.0,0.6,warning,"Unregistered object (bottle) appeared at S01 at 04:26, not present during calibration",,
evt_2319,sess_20260823_073349,S01,1,266.5,266.5,3198,3198,object_unregistered,40.0,90914.8,0.61,warning,"Unregistered object (bottle) appeared at S01 at 04:26, not present during calibration",,
evt_2320,sess_20260823_073349,S01,1,266.67,266.67,3200,3200,object_unregistered,40.0,90954.5,0.61,warning,"Unregistered object (bottle) appeared at S01 at 04:26, not present during calibration",,
evt_2321,sess_20260823_073349,S01,1,266.83,266.83,3202,3202,object_unregistered,40.0,90994.2,0.61,warning,"Unregistered object (bottle) appeared at S01 at 04:26, not present during calibration",,
evt_2322,sess_20260823_073349,S01,1,267.0,267.0,3204,3204,object_unregistered,40.0,91034.0,0.61,warning,"Unregistered object (bottle) appeared at S01 at 04:27, not present during calibration",,
evt_2323,sess_20260823_073349,S01,1,267.17,267.17,3206,3206,object_unregistered,40.0,91073.8,0.61,warning,"Unregistered object (bottle) appeared at S01 at 04:27, not present during calibration",,
evt_2324,sess_20260823_073349,S01,1,267.33,267.33,3208,3208,object_unregistered,40.0,91113.5,0.61,warning,"Unregistered object (bottle) appeared at S01 at 04:27, not present during calibration",,
evt_2325,sess_20260823_073349,S01,1,267.5,267.5,3210,3210,object_unregistered,40.0,91153.2,0.61,warning,"Unregistered object (bottle) appeared at S01 at 04:27, not present during calibration",,
evt_2326,sess_20260823_073349,S01,1,267.67,267.67,3212,3212,object_unregistered,40.0,91193.0,0.61,warning,"Unregistered object (bottle) appeared at S01 at 04:27, not present during calibration",,
evt_2327,sess_20260823_073349,S01,1,267.83,267.83,3214,3214,object_unregistered,40.0,91232.8,0.61,warning,"Unregistered object (bottle) appeared at S01 at 04:27, not present during calibration",,
evt_2328,sess_20260823_073349,S01,1,268.0,268.0,3216,3216,object_unregistered,40.0,91272.5,0.61,warning,"Unregistered object (bottle) appeared at S01 at 04:28, not present during calibration",,
evt_2329,sess_20260823_073349,S01,1,268.17,268.17,3218,3218,object_unregistered,40.0,91312.2,0.61,warning,"Unregistered object (bottle) appeared at S01 at 04:28, not present during calibration",,
evt_2330,sess_20260823_073349,S01,1,268.33,268.33,3220,3220,object_unregistered,40.0,91352.0,0.61,warning,"Unregistered object (bottle) appeared at S01 at 04:28, not present during calibration",,
evt_2331,sess_20260823_073349,S01,1,268.5,268.5,3222,3222,object_unregistered,40.0,91391.8,0.61,warning,"Unregistered object (bottle) appeared at S01 at 04:28, not present during calibration",,
evt_2332,sess_20260823_073349,S01,1,268.67,268.67,3224,3224,object_unregistered,40.0,91431.5,0.61,warning,"Unregistered object (bottle) appeared at S01 at 04:28, not present during calibration",,
evt_2333,sess_20260823_073349,S01,1,268.83,268.83,3226,3226,object_unregistered,40.0,91471.2,0.61,warning,"Unregistered object (bottle) appeared at S01 at 04:28, not present during calibration",,
evt_2334,sess_20260823_073349,S01,1,268.83,268.83,3226,3226,object_unregistered,40.0,91511.2,0.32,warning,"Unregistered object (mouse) appeared at S01 at 04:28, not present during calibration",,
evt_2335,sess_20260823_073349,S01,1,269.0,269.0,3228,3228,object_unregistered,40.0,91551.0,0.61,warning,"Unregistered object (bottle) appeared at S01 at 04:29, not present during calibration",,
evt_2336,sess_20260823_073349,S01,1,269.0,269.0,3228,3228,object_unregistered,40.0,91591.0,0.32,warning,"Unregistered object (mouse) appeared at S01 at 04:29, not present during calibration",,
evt_2337,sess_20260823_073349,S01,1,269.17,269.17,3230,3230,object_unregistered,40.0,91630.8,0.61,warning,"Unregistered object (bottle) appeared at S01 at 04:29, not present during calibration",,
evt_2338,sess_20260823_073349,S01,1,269.17,269.17,3230,3230,object_unregistered,40.0,91670.8,0.32,warning,"Unregistered object (mouse) appeared at S01 at 04:29, not present during calibration",,
evt_2339,sess_20260823_073349,S01,1,269.33,269.33,3232,3232,object_unregistered,40.0,91710.5,0.61,warning,"Unregistered object (bottle) appeared at S01 at 04:29, not present during calibration",,
evt_2340,sess_20260823_073349,S01,1,269.33,269.33,3232,3232,object_unregistered,40.0,91750.5,0.33,warning,"Unregistered object (mouse) appeared at S01 at 04:29, not present during calibration",,
evt_2341,sess_20260823_073349,S01,1,269.5,269.5,3234,3234,object_unregistered,40.0,91790.2,0.61,warning,"Unregistered object (bottle) appeared at S01 at 04:29, not present during calibration",,
evt_2342,sess_20260823_073349,S01,1,269.5,269.5,3234,3234,object_unregistered,40.0,91830.2,0.34,warning,"Unregistered object (mouse) appeared at S01 at 04:29, not present during calibration",,
evt_2343,sess_20260823_073349,S01,1,269.67,269.67,3236,3236,object_unregistered,40.0,91870.0,0.61,warning,"Unregistered object (bottle) appeared at S01 at 04:29, not present during calibration",,
evt_2344,sess_20260823_073349,S01,1,269.67,269.67,3236,3236,object_unregistered,40.0,91910.0,0.36,warning,"Unregistered object (mouse) appeared at S01 at 04:29, not present during calibration",,
evt_2345,sess_20260823_073349,S01,1,269.83,269.83,3238,3238,object_unregistered,40.0,91949.8,0.61,warning,"Unregistered object (bottle) appeared at S01 at 04:29, not present during calibration",,
evt_2346,sess_20260823_073349,S01,1,269.83,269.83,3238,3238,object_unregistered,40.0,91989.8,0.4,warning,"Unregistered object (mouse) appeared at S01 at 04:29, not present during calibration",,
evt_2347,sess_20260823_073349,S01,1,270.0,270.0,3240,3240,object_unregistered,40.0,92029.5,0.61,warning,"Unregistered object (bottle) appeared at S01 at 04:30, not present during calibration",,
evt_2348,sess_20260823_073349,S01,1,270.0,270.0,3240,3240,object_unregistered,40.0,92069.5,0.44,warning,"Unregistered object (mouse) appeared at S01 at 04:30, not present during calibration",,
evt_2349,sess_20260823_073349,S01,1,270.17,270.17,3242,3242,object_unregistered,40.0,92109.2,0.61,warning,"Unregistered object (bottle) appeared at S01 at 04:30, not present during calibration",,
evt_2350,sess_20260823_073349,S01,1,270.17,270.17,3242,3242,object_unregistered,40.0,92149.2,0.45,warning,"Unregistered object (mouse) appeared at S01 at 04:30, not present during calibration",,
evt_2351,sess_20260823_073349,S01,1,270.33,270.33,3244,3244,object_unregistered,40.0,92189.0,0.61,warning,"Unregistered object (bottle) appeared at S01 at 04:30, not present during calibration",,
evt_2352,sess_20260823_073349,S01,1,270.33,270.33,3244,3244,object_unregistered,40.0,92229.0,0.5,warning,"Unregistered object (mouse) appeared at S01 at 04:30, not present during calibration",,
evt_2353,sess_20260823_073349,S01,1,269.42,270.42,3220,3245,head_turn,10.0,92238.9,0.8,critical,"Head turned left, 3.2 deviations from own baseline, held 1.0s",/api/clips/evt_2353,/api/thumbs/evt_2353
evt_2354,sess_20260823_073349,S01,1,270.5,270.5,3246,3246,object_unregistered,40.0,92278.8,0.61,warning,"Unregistered object (bottle) appeared at S01 at 04:30, not present during calibration",,
evt_2355,sess_20260823_073349,S01,1,270.5,270.5,3246,3246,object_unregistered,40.0,92318.8,0.53,warning,"Unregistered object (mouse) appeared at S01 at 04:30, not present during calibration",,
evt_2356,sess_20260823_073349,S01,1,270.5,270.5,3246,3246,object_unregistered,40.0,92358.8,0.36,warning,"Unregistered object (mouse) appeared at S01 at 04:30, not present during calibration",,
evt_2357,sess_20260823_073349,S01,1,270.67,270.67,3248,3248,object_unregistered,40.0,92398.5,0.61,warning,"Unregistered object (bottle) appeared at S01 at 04:30, not present during calibration",,
evt_2358,sess_20260823_073349,S01,1,270.67,270.67,3248,3248,object_unregistered,40.0,92438.5,0.52,warning,"Unregistered object (mouse) appeared at S01 at 04:30, not present during calibration",,
evt_2359,sess_20260823_073349,S01,1,270.67,270.67,3248,3248,object_unregistered,40.0,92478.5,0.36,warning,"Unregistered object (mouse) appeared at S01 at 04:30, not present during calibration",,
evt_2360,sess_20260823_073349,S01,1,270.83,270.83,3250,3250,object_unregistered,40.0,92518.2,0.61,warning,"Unregistered object (bottle) appeared at S01 at 04:30, not present during calibration",,
evt_2361,sess_20260823_073349,S01,1,271.0,271.0,3252,3252,object_unregistered,40.0,92558.0,0.61,warning,"Unregistered object (bottle) appeared at S01 at 04:31, not present during calibration",,
evt_2362,sess_20260823_073349,S01,1,271.17,271.17,3254,3254,object_unregistered,40.0,92597.8,0.61,warning,"Unregistered object (bottle) appeared at S01 at 04:31, not present during calibration",,
evt_2363,sess_20260823_073349,S01,1,271.33,271.33,3256,3256,object_unregistered,40.0,92637.5,0.61,warning,"Unregistered object (bottle) appeared at S01 at 04:31, not present during calibration",,
evt_2364,sess_20260823_073349,S01,1,271.5,271.5,3258,3258,object_unregistered,40.0,92677.2,0.61,warning,"Unregistered object (bottle) appeared at S01 at 04:31, not present during calibration",,
evt_2365,sess_20260823_073349,S01,1,271.67,271.67,3260,3260,object_unregistered,40.0,92717.0,0.61,warning,"Unregistered object (bottle) appeared at S01 at 04:31, not present during calibration",,
evt_2366,sess_20260823_073349,S01,1,271.83,271.83,3262,3262,object_unregistered,40.0,92756.8,0.61,warning,"Unregistered object (bottle) appeared at S01 at 04:31, not present during calibration",,
evt_2367,sess_20260823_073349,S01,1,271.83,271.83,3262,3262,object_unregistered,40.0,92796.8,0.34,warning,"Unregistered object (mouse) appeared at S01 at 04:31, not present during calibration",,
evt_2368,sess_20260823_073349,S01,1,272.0,272.0,3264,3264,object_unregistered,40.0,92836.5,0.61,warning,"Unregistered object (bottle) appeared at S01 at 04:32, not present during calibration",,
evt_2369,sess_20260823_073349,S01,1,272.0,272.0,3264,3264,object_unregistered,40.0,92876.5,0.31,warning,"Unregistered object (mouse) appeared at S01 at 04:32, not present during calibration",,
evt_2370,sess_20260823_073349,S01,1,272.17,272.17,3266,3266,object_unregistered,40.0,92916.2,0.61,warning,"Unregistered object (bottle) appeared at S01 at 04:32, not present during calibration",,
evt_2371,sess_20260823_073349,S01,1,272.33,272.33,3268,3268,object_unregistered,40.0,92956.0,0.61,warning,"Unregistered object (bottle) appeared at S01 at 04:32, not present during calibration",,
evt_2372,sess_20260823_073349,S01,1,272.5,272.5,3270,3270,object_unregistered,40.0,92995.8,0.61,warning,"Unregistered object (bottle) appeared at S01 at 04:32, not present during calibration",,
evt_2373,sess_20260823_073349,S01,1,272.83,272.83,3274,3274,object_unregistered,40.0,93035.2,0.61,warning,"Unregistered object (bottle) appeared at S01 at 04:32, not present during calibration",,
evt_2374,sess_20260823_073349,S01,1,273.0,273.0,3276,3276,object_unregistered,40.0,93075.0,0.61,warning,"Unregistered object (bottle) appeared at S01 at 04:33, not present during calibration",,
evt_2375,sess_20260823_073349,S01,1,273.17,273.17,3278,3278,object_unregistered,40.0,93114.8,0.61,warning,"Unregistered object (bottle) appeared at S01 at 04:33, not present during calibration",,
evt_2376,sess_20260823_073349,S01,1,273.33,273.33,3280,3280,object_unregistered,40.0,93154.5,0.61,warning,"Unregistered object (bottle) appeared at S01 at 04:33, not present during calibration",,
evt_2377,sess_20260823_073349,S01,1,273.5,273.5,3282,3282,object_unregistered,40.0,93194.2,0.61,warning,"Unregistered object (bottle) appeared at S01 at 04:33, not present during calibration",,
evt_2378,sess_20260823_073349,S01,1,273.67,273.67,3284,3284,object_unregistered,40.0,93234.0,0.61,warning,"Unregistered object (bottle) appeared at S01 at 04:33, not present during calibration",,
evt_2379,sess_20260823_073349,S01,1,273.83,273.83,3286,3286,object_unregistered,40.0,93273.8,0.61,warning,"Unregistered object (bottle) appeared at S01 at 04:33, not present during calibration",,
evt_2380,sess_20260823_073349,S01,1,274.0,274.0,3288,3288,object_unregistered,40.0,93313.5,0.61,warning,"Unregistered object (bottle) appeared at S01 at 04:34, not present during calibration",,
evt_2381,sess_20260823_073349,S01,1,274.17,274.17,3290,3290,object_unregistered,40.0,93353.2,0.61,warning,"Unregistered object (bottle) appeared at S01 at 04:34, not present during calibration",,
evt_2382,sess_20260823_073349,S01,1,257.42,274.42,2868,3293,repeated_action,25.0,93377.9,0.9,warning,"4 separate events in 17s: head_turn, head_turn, head_turn",,
evt_2383,sess_20260823_073349,S01,1,275.33,275.33,3304,3304,object_unregistered,40.0,93416.5,0.61,warning,"Unregistered object (bottle) appeared at S01 at 04:35, not present during calibration",,
evt_2384,sess_20260823_073349,S01,1,275.5,275.5,3306,3306,object_unregistered,40.0,93456.2,0.6,warning,"Unregistered object (bottle) appeared at S01 at 04:35, not present during calibration",,
evt_2385,sess_20260823_073349,S01,1,275.42,276.42,3292,3317,head_turn,10.0,93464.9,0.86,warning,"Head turned left, 3.4 deviations from own baseline, held 1.0s",,
evt_2386,sess_20260823_073349,S01,1,277.0,277.0,3324,3324,object_unregistered,40.0,93504.0,0.6,warning,"Unregistered object (bottle) appeared at S01 at 04:37, not present during calibration",,
